case_id,chemical_id,chemical_name,casrn,dtxsid,smiles,inchikey,endpoint,endpoint_code,effect,measurement,species,common_name,phylum,class_name,order,family,genus,species_group,duration_h,medium,temperature_c,ph,ctx_hardness,study_year,source,structure_source,chemical_class,toxicity_value,toxicity_unit,molar_concentration,target_log_molar,physchem_mol_wt,physchem_logp,known_ood,is_hard_ood,case_row_count,document_count,asset_ids,document_keys,document_urls,case_spread_log_molar,species_canon,regulatory_species,regulatory_taxon,study_type,nominal_or_measured,conc_based_on,basis_for_effect,freshwater_keyword_flag,standard_species_flag,mech_cytotox_hit_rate,mech_cytotox_lower_log10_um,mech_cytotox_lower_um,mech_cytotox_median_log10_um,mech_cytotox_median_um,mech_cytotox_nhit,mech_cytotox_ntested,mech_feature_count,mech_h295r_active_endpoint_count,mech_h295r_andr_max_abs,mech_h295r_bmd_min,mech_h295r_cort_max_abs,mech_h295r_cortic_max_abs,mech_h295r_critical_val,mech_h295r_doc_max_abs,mech_h295r_e1_max_abs,mech_h295r_e2_max_abs,mech_h295r_maxmmd_max,mech_h295r_mean_abs,mech_h295r_mmd_max,mech_h295r_ohpreg_max_abs,mech_h295r_ohprog_max_abs,mech_h295r_prog_max_abs,mech_h295r_testo_max_abs,mech_h295r_x11dcort_max_abs,mech_lit_ar_agonist,mech_lit_ar_antagonist,mech_lit_ar_binding,mech_lit_er_agonist,mech_lit_er_antagonist,mech_lit_er_binding,mech_toxcast_ar_auc_agonist,mech_toxcast_ar_auc_antagonist,mech_toxcast_er_auc_agonist,mech_toxcast_er_auc_antagonist,external_subset
1072957-71-1__daphnia_48h_ec50__Daphnia magna,1072957-71-1,Benzovindiflupyr,1072957-71-1,,CN1C=C(C(=O)NC2=C3C4CCC(C3=CC=C2)C4=C(Cl)Cl)C(=N1)C(F)F,CCCGEKHKTPTUHJ-UHFFFAOYNA-N,daphnia_48h_ec50,EC50,ITX,IMBL,Daphnia magna,Water Flea,Arthropoda,Branchiopoda,Diplostraca,Daphniidae,Daphnia,Crustaceans;Standard Test Species,48.0,FW,20.0,7.6,165.7,,echa_pmra_main,dsstox_casrn,unclassified,2.1344449187655363e-07,M,2.1344449187655363e-07,-6.670715048067736,398.23,5.273800000000003,False,False,1,1,0ad06431-de0d-4801-be59-655a6e5be697,IUC5-4f3465e0-d35b-4b14-89d7-15df875b9ffa_4c32be96-9c95-4098-ac5d-16773793ffe1,https://chem.echa.europa.eu/html-pages-prod/0ad06431-de0d-4801-be59-655a6e5be697/documents/IUC5-4f3465e0-d35b-4b14-89d7-15df875b9ffa_4c32be96-9c95-4098-ac5d-16773793ffe1.html,0.0,Daphnia magna,Daphnia magna,freshwater aquatic invertebrates,static,meas. (geom. mean),test mat.,mobility,True,True,,,,,,,,,,,,,,,,,,,,,,,,,,,,,,,,,,,,pmra_selected
1072957-71-1__fish_96h_lc50__Cyprinus carpio,1072957-71-1,Benzovindiflupyr,1072957-71-1,,CN1C=C(C(=O)NC2=C3C4CCC(C3=CC=C2)C4=C(Cl)Cl)C(=N1)C(F)F,CCCGEKHKTPTUHJ-UHFFFAOYNA-N,fish_96h_lc50,LC50,MOR,MORT,Cyprinus carpio,Common Carp,Chordata,Actinopterygii,Cypriniformes,Cyprinidae,Cyprinus,Fish;Standard Test Species,96.0,FW,24.2,7.55,75.6,,echa_pmra_main,dsstox_casrn,unclassified,8.788890841975734e-09,M,8.788890841975734e-09,-8.056065929431753,398.23,5.273800000000003,False,False,1,1,0ad06431-de0d-4801-be59-655a6e5be697,IUC5-aa9546c4-89fa-40a9-a3c1-df3ae47f37cc_4c32be96-9c95-4098-ac5d-16773793ffe1,https://chem.echa.europa.eu/html-pages-prod/0ad06431-de0d-4801-be59-655a6e5be697/documents/IUC5-aa9546c4-89fa-40a9-a3c1-df3ae47f37cc_4c32be96-9c95-4098-ac5d-16773793ffe1.html,0.0,Cyprinus carpio,Cyprinus carpio,freshwater fish,flow-through,meas. (arithm. mean),test mat.,mortality (fish),True,True,,,,,,,,,,,,,,,,,,,,,,,,,,,,,,,,,,,,pmra_selected
1072957-71-1__fish_96h_lc50__Oncorhynchus mykiss,1072957-71-1,Benzovindiflupyr,1072957-71-1,,CN1C=C(C(=O)NC2=C3C4CCC(C3=CC=C2)C4=C(Cl)Cl)C(=N1)C(F)F,CCCGEKHKTPTUHJ-UHFFFAOYNA-N,fish_96h_lc50,LC50,MOR,MORT,Oncorhynchus mykiss,Rainbow Trout,Chordata,Actinopterygii,Salmoniformes,Salmonidae,Oncorhynchus,Fish;Standard Test Species;U.S. Threatened and Endangered Species,96.0,FW,13.4,7.55,66.0,,echa_pmra_main,dsstox_casrn,unclassified,2.2851116189136923e-08,M,2.2851116189136923e-08,-7.641092581460935,398.23,5.273800000000003,False,False,1,1,0ad06431-de0d-4801-be59-655a6e5be697,IUC5-7ec2d4f3-6222-43b5-a426-2210e2a3f686_4c32be96-9c95-4098-ac5d-16773793ffe1,https://chem.echa.europa.eu/html-pages-prod/0ad06431-de0d-4801-be59-655a6e5be697/documents/IUC5-7ec2d4f3-6222-43b5-a426-2210e2a3f686_4c32be96-9c95-4098-ac5d-16773793ffe1.html,0.0,Oncorhynchus mykiss,Oncorhynchus mykiss (previous name: Salmo gairdneri),freshwater fish,flow-through,meas. (arithm. mean),test mat.,mortality (fish),True,True,,,,,,,,,,,,,,,,,,,,,,,,,,,,,,,,,,,,pmra_selected
1072957-71-1__fish_96h_lc50__Pimephales promelas,1072957-71-1,Benzovindiflupyr,1072957-71-1,,CN1C=C(C(=O)NC2=C3C4CCC(C3=CC=C2)C4=C(Cl)Cl)C(=N1)C(F)F,CCCGEKHKTPTUHJ-UHFFFAOYNA-N,fish_96h_lc50,LC50,MOR,MORT,Pimephales promelas,Fathead Minnow,Chordata,Actinopterygii,Cypriniformes,Cyprinidae,Pimephales,Fish;Standard Test Species,96.0,FW/,24.7,7.6,45.1,,echa_pmra_main,dsstox_casrn,unclassified,1.1802224844938856e-08,M,1.1802224844938856e-08,-7.928036115846311,398.23,5.273800000000003,False,False,1,1,0ad06431-de0d-4801-be59-655a6e5be697,IUC5-a178667e-a753-4bdb-9266-32f7f3b521cd_4c32be96-9c95-4098-ac5d-16773793ffe1,https://chem.echa.europa.eu/html-pages-prod/0ad06431-de0d-4801-be59-655a6e5be697/documents/IUC5-a178667e-a753-4bdb-9266-32f7f3b521cd_4c32be96-9c95-4098-ac5d-16773793ffe1.html,0.0,Pimephales promelas,Pimephales promelas,freshwater fish,flow-through,meas. (arithm. mean),test mat.,mortality (fish),True,True,,,,,,,,,,,,,,,,,,,,,,,,,,,,,,,,,,,,pmra_selected
137-30-4__algae_72_96h_ec50__Raphidocelis subcapitata,137-30-4,Ziram,137-30-4,,[Zn++].CN(C)C([S-])=S.CN(C)C([S-])=S,DUBNHZYBDBBJHD-UHFFFAOYSA-L,algae_72_96h_ec50,EC50,POP,ABND,Raphidocelis subcapitata,Green Algae,Chlorophyta,Chlorophyceae,Sphaeropleales,Selenastraceae,Raphidocelis,Algae;Standard Test Species,72.0,FW,24.0,7.5,,,echa_pmra_main,dsstox_casrn,unclassified,2.714428665823661e-07,M,2.714428665823661e-07,-6.566321566955888,305.8,0.7571000000000002,False,False,2,1,0ea7d0f1-daa8-4682-a0e4-df7c2bb3a433,IUC5-38a37965-894e-458d-b732-4bc77078cf37_79b92978-ae46-4304-b6dc-5d35884907a5,https://chem.echa.europa.eu/html-pages-prod/0ea7d0f1-daa8-4682-a0e4-df7c2bb3a433/documents/IUC5-38a37965-894e-458d-b732-4bc77078cf37_79b92978-ae46-4304-b6dc-5d35884907a5.html,0.108023878958571,Raphidocelis subcapitata,"Raphidocelis subcapitata (previous names: Pseudokirchneriella subcapitata, Selenastrum capricornutum)",aquatic algae and cyanobacteria,static,meas. (geom. mean),test mat.,growth rate,False,True,0.9770114942528736,0.146077863521643,1.39983827341816,0.67167852357304,4.6954640908362,85.0,87.0,12.0,,,,,,,,,,,,,,,,,,,,,,,0.5,0.0,0.404,0.0,0.0644,pmra_selected
137-30-4__daphnia_48h_ec50__Daphnia magna,137-30-4,Ziram,137-30-4,,[Zn++].CN(C)C([S-])=S.CN(C)C([S-])=S,DUBNHZYBDBBJHD-UHFFFAOYSA-L,daphnia_48h_ec50,EC50,ITX,IMBL,Daphnia magna,Water Flea,Arthropoda,Branchiopoda,Diplostraca,Daphniidae,Daphnia,Crustaceans;Standard Test Species,48.0,FW,20.0,7.6,165.7,,echa_pmra_main,dsstox_casrn,unclassified,3.251746996639912e-07,M,3.251746996639912e-07,-6.487883252203931,305.8,0.7571000000000002,False,False,2,2,0ea7d0f1-daa8-4682-a0e4-df7c2bb3a433,IUC5-a5349b1a-33f0-4d7b-a60e-8f0bc50d0d01_79b92978-ae46-4304-b6dc-5d35884907a5; fba45335-2ece-4a8e-8092-e834d1d4221e_79b92978-ae46-4304-b6dc-5d35884907a5,https://chem.echa.europa.eu/html-pages-prod/0ea7d0f1-daa8-4682-a0e4-df7c2bb3a433/documents/IUC5-a5349b1a-33f0-4d7b-a60e-8f0bc50d0d01_79b92978-ae46-4304-b6dc-5d35884907a5.html; https://chem.echa.europa.eu/html-pages-prod/0ea7d0f1-daa8-4682-a0e4-df7c2bb3a433/documents/fba45335-2ece-4a8e-8092-e834d1d4221e_79b92978-ae46-4304-b6dc-5d35884907a5.html,0.6326259829935656,Daphnia magna,Daphnia magna,freshwater aquatic invertebrates,flow-through,meas. (arithm. mean),act. ingr.,mobility,True,True,0.9770114942528736,0.146077863521643,1.39983827341816,0.67167852357304,4.6954640908362,85.0,87.0,12.0,,,,,,,,,,,,,,,,,,,,,,,0.5,0.0,0.404,0.0,0.0644,pmra_selected
137-30-4__fish_96h_lc50__Lepomis macrochirus,137-30-4,Ziram,137-30-4,,[Zn++].CN(C)C([S-])=S.CN(C)C([S-])=S,DUBNHZYBDBBJHD-UHFFFAOYSA-L,fish_96h_lc50,LC50,MOR,MORT,Lepomis macrochirus,Bluegill,Chordata,Actinopterygii,Perciformes,Centrarchidae,Lepomis,Fish;Standard Test Species,96.0,FW,23.0,7.83,21.0,,echa_pmra_main,dsstox_casrn,unclassified,2.4688798022468104e-07,M,2.4688798022468104e-07,-6.607500053240056,305.8,0.7571000000000002,False,False,2,2,0ea7d0f1-daa8-4682-a0e4-df7c2bb3a433,IUC5-1cb28576-076e-409e-97cc-09184253e6b8_79b92978-ae46-4304-b6dc-5d35884907a5; IUC5-9b33fa60-5585-4ae5-bce7-4269ef77da74_79b92978-ae46-4304-b6dc-5d35884907a5,https://chem.echa.europa.eu/html-pages-prod/0ea7d0f1-daa8-4682-a0e4-df7c2bb3a433/documents/IUC5-1cb28576-076e-409e-97cc-09184253e6b8_79b92978-ae46-4304-b6dc-5d35884907a5.html; https://chem.echa.europa.eu/html-pages-prod/0ea7d0f1-daa8-4682-a0e4-df7c2bb3a433/documents/IUC5-9b33fa60-5585-4ae5-bce7-4269ef77da74_79b92978-ae46-4304-b6dc-5d35884907a5.html,1.7558748556724917,Lepomis macrochirus,Lepomis macrochirus,freshwater fish,flow-through,meas. (arithm. mean),act. ingr.,mortality (fish),True,True,0.9770114942528736,0.146077863521643,1.39983827341816,0.67167852357304,4.6954640908362,85.0,87.0,12.0,,,,,,,,,,,,,,,,,,,,,,,0.5,0.0,0.404,0.0,0.0644,pmra_selected
137-30-4__fish_96h_lc50__Oncorhynchus mykiss,137-30-4,Ziram,137-30-4,,[Zn++].CN(C)C([S-])=S.CN(C)C([S-])=S,DUBNHZYBDBBJHD-UHFFFAOYSA-L,fish_96h_lc50,LC50,MOR,MORT,Oncorhynchus mykiss,Rainbow Trout,Chordata,Actinopterygii,Salmoniformes,Salmonidae,Oncorhynchus,Fish;Standard Test Species;U.S. Threatened and Endangered Species,96.0,FW,13.4,7.55,66.0,,echa_pmra_main,dsstox_casrn,unclassified,1.160889470241988e-06,M,1.160889470241988e-06,-5.935209128021207,305.8,0.7571000000000002,False,False,3,2,0ea7d0f1-daa8-4682-a0e4-df7c2bb3a433,IUC5-cba1c5fb-8382-40f5-bed1-7775da8999de_79b92978-ae46-4304-b6dc-5d35884907a5; f51319ec-257a-4c7a-b1fd-0da31c63645a_79b92978-ae46-4304-b6dc-5d35884907a5,https://chem.echa.europa.eu/html-pages-prod/0ea7d0f1-daa8-4682-a0e4-df7c2bb3a433/documents/IUC5-cba1c5fb-8382-40f5-bed1-7775da8999de_79b92978-ae46-4304-b6dc-5d35884907a5.html; https://chem.echa.europa.eu/html-pages-prod/0ea7d0f1-daa8-4682-a0e4-df7c2bb3a433/documents/f51319ec-257a-4c7a-b1fd-0da31c63645a_79b92978-ae46-4304-b6dc-5d35884907a5.html,0.7272031499131604,Oncorhynchus mykiss,Oncorhynchus mykiss (previous name: Salmo gairdneri),freshwater fish,flow-through,meas. (arithm. mean),test mat.,mortality (fish),True,True,0.9770114942528736,0.146077863521643,1.39983827341816,0.67167852357304,4.6954640908362,85.0,87.0,12.0,,,,,,,,,,,,,,,,,,,,,,,0.5,0.0,0.404,0.0,0.0644,pmra_selected
330459-31-9__algae_72_96h_ec50__Raphidocelis subcapitata,330459-31-9,Tioxazafen,330459-31-9,,O1N=C(N=C1C1=CC=CS1)C1=CC=CC=C1,IHNSIFFSNUQGQN-UHFFFAOYSA-N,algae_72_96h_ec50,EC50,POP,ABND,Raphidocelis subcapitata,Green Algae,Chlorophyta,Chlorophyceae,Sphaeropleales,Selenastraceae,Raphidocelis,Algae;Standard Test Species,84.0,FW,24.0,7.5,,,echa_pmra_main,dsstox_casrn,unclassified,4.0701168438557677e-07,M,4.0701168438557677e-07,-6.390393122982786,228.27,3.4651000000000014,False,False,2,1,786d5f33-1372-46a5-9314-c843adcc79d0,IUC5-9b13af6d-c209-4894-a06a-34a07fc4b20d_4927d106-cd4f-4d63-97f8-69cd34f7280e,https://chem.echa.europa.eu/html-pages-prod/786d5f33-1372-46a5-9314-c843adcc79d0/documents/IUC5-9b13af6d-c209-4894-a06a-34a07fc4b20d_4927d106-cd4f-4d63-97f8-69cd34f7280e.html,0.097955246922706,Raphidocelis subcapitata,"Raphidocelis subcapitata (previous names: Pseudokirchneriella subcapitata, Selenastrum capricornutum)",aquatic algae and cyanobacteria,static,meas. (geom. mean),act. ingr.,biomass,False,True,,,,,,,,,,,,,,,,,,,,,,,,,,,,,,,,,,,,pmra_selected
330459-31-9__fish_96h_lc50__Oncorhynchus mykiss,330459-31-9,Tioxazafen,330459-31-9,,O1N=C(N=C1C1=CC=CS1)C1=CC=CC=C1,IHNSIFFSNUQGQN-UHFFFAOYSA-N,fish_96h_lc50,LC50,MOR,MORT,Oncorhynchus mykiss,Rainbow Trout,Chordata,Actinopterygii,Salmoniformes,Salmonidae,Oncorhynchus,Fish;Standard Test Species;U.S. Threatened and Endangered Species,96.0,FW,13.4,7.55,66.0,,echa_pmra_main,dsstox_casrn,unclassified,3.32939063389845e-07,M,3.32939063389845e-07,-6.477635246539423,228.27,3.4651000000000014,False,False,1,1,786d5f33-1372-46a5-9314-c843adcc79d0,IUC5-60179903-490d-48d6-b3d2-34b823c6cc95_4927d106-cd4f-4d63-97f8-69cd34f7280e,https://chem.echa.europa.eu/html-pages-prod/786d5f33-1372-46a5-9314-c843adcc79d0/documents/IUC5-60179903-490d-48d6-b3d2-34b823c6cc95_4927d106-cd4f-4d63-97f8-69cd34f7280e.html,0.0,Oncorhynchus mykiss,Oncorhynchus mykiss (previous name: Salmo gairdneri),freshwater fish,semi-static,meas. (arithm. mean),act. ingr.,mortality (fish),True,True,,,,,,,,,,,,,,,,,,,,,,,,,,,,,,,,,,,,pmra_selected
51-03-6__algae_72_96h_ec50__Desmodesmus subspicatus,51-03-6,Piperonyl butoxide,51-03-6,,CCCCOCCOCCOCC1=CC2=C(OCO2)C=C1CCC,FIPWRIJSWJWJAI-UHFFFAOYSA-N,algae_72_96h_ec50,EC50,POP,ABND,Desmodesmus subspicatus,Green Algae,Chlorophyta,Chlorophyceae,Chlorococcales,Scenedesmaceae,Desmodesmus,Algae;Standard Test Species,72.0,FW,24.0,7.3,,,echa_pmra_main,dsstox_casrn,unclassified,2.9251515760362145e-06,M,2.9251515760362145e-06,-5.533851624648287,338.444,3.7177000000000016,False,False,3,1,a02cf2aa-b45c-41e5-9890-81046d89d7c1,IUC5-29350744-ec88-4c62-a586-f8fafe41cc0f_1771999e-ceb9-41d3-b1ab-d92abea29f4c,https://chem.echa.europa.eu/html-pages-prod/a02cf2aa-b45c-41e5-9890-81046d89d7c1/documents/IUC5-29350744-ec88-4c62-a586-f8fafe41cc0f_1771999e-ceb9-41d3-b1ab-d92abea29f4c.html,0.298467778899381,Desmodesmus subspicatus,Desmodesmus subspicatus (previous name: Scenedesmus subspicatus),aquatic algae and cyanobacteria,static,nominal,test mat.,biomass,False,True,0.1494252873563218,0.722657453740215,5.28028609190537,1.24825811379161,17.7116129803641,13.0,87.0,31.0,1.0,0.417258861650884,3.77793375691131,0.586505977878228,1.13226821549951,1.64273648916556,0.977587840841251,0.730611215542499,0.58174936614144,3.94170530751549,0.2822131436125206,3.94170530751549,0.804511041809953,0.559458253297397,0.360402242701998,0.574736275052111,0.413128079449935,,,,0.0,0.0,0.0,0.0,0.0,0.00231,0.0,pmra_selected
51-03-6__daphnia_48h_ec50__Daphnia magna,51-03-6,Piperonyl butoxide,51-03-6,,CCCCOCCOCCOCC1=CC2=C(OCO2)C=C1CCC,FIPWRIJSWJWJAI-UHFFFAOYSA-N,daphnia_48h_ec50,EC50,ITX,IMBL,Daphnia magna,Water Flea,Arthropoda,Branchiopoda,Diplostraca,Daphniidae,Daphnia,Crustaceans;Standard Test Species,48.0,FW,20.0,7.6,165.7,,echa_pmra_main,dsstox_casrn,unclassified,2.9753814515843067e-06,M,2.9753814515843067e-06,-5.52645734869222,338.444,3.7177000000000016,False,False,1,1,a02cf2aa-b45c-41e5-9890-81046d89d7c1,IUC5-4cf6b407-619d-4b87-9fdd-5ee8a3f0446b_1771999e-ceb9-41d3-b1ab-d92abea29f4c,https://chem.echa.europa.eu/html-pages-prod/a02cf2aa-b45c-41e5-9890-81046d89d7c1/documents/IUC5-4cf6b407-619d-4b87-9fdd-5ee8a3f0446b_1771999e-ceb9-41d3-b1ab-d92abea29f4c.html,0.0,Daphnia magna,Daphnia magna,freshwater aquatic invertebrates,semi-static,nominal,test mat.,mobility,True,True,0.1494252873563218,0.722657453740215,5.28028609190537,1.24825811379161,17.7116129803641,13.0,87.0,31.0,1.0,0.417258861650884,3.77793375691131,0.586505977878228,1.13226821549951,1.64273648916556,0.977587840841251,0.730611215542499,0.58174936614144,3.94170530751549,0.2822131436125206,3.94170530751549,0.804511041809953,0.559458253297397,0.360402242701998,0.574736275052111,0.413128079449935,,,,0.0,0.0,0.0,0.0,0.0,0.00231,0.0,pmra_selected
51-03-6__fish_96h_lc50__Oncorhynchus mykiss,51-03-6,Piperonyl butoxide,51-03-6,,CCCCOCCOCCOCC1=CC2=C(OCO2)C=C1CCC,FIPWRIJSWJWJAI-UHFFFAOYSA-N,fish_96h_lc50,LC50,MOR,MORT,Oncorhynchus mykiss,Rainbow Trout,Chordata,Actinopterygii,Salmoniformes,Salmonidae,Oncorhynchus,Fish;Standard Test Species;U.S. Threatened and Endangered Species,96.0,FW,13.4,7.55,66.0,,echa_pmra_main,dsstox_casrn,unclassified,2.0889718830884884e-05,M,2.0889718830884884e-05,-4.680067405448938,338.444,3.7177000000000016,False,False,1,1,a02cf2aa-b45c-41e5-9890-81046d89d7c1,IUC5-6e022e3c-ddf9-4f77-a057-b4038ced4bde_1771999e-ceb9-41d3-b1ab-d92abea29f4c,https://chem.echa.europa.eu/html-pages-prod/a02cf2aa-b45c-41e5-9890-81046d89d7c1/documents/IUC5-6e022e3c-ddf9-4f77-a057-b4038ced4bde_1771999e-ceb9-41d3-b1ab-d92abea29f4c.html,0.0,Oncorhynchus mykiss,Oncorhynchus mykiss (previous name: Salmo gairdneri),freshwater fish,semi-static,nominal,test mat.,mortality (fish),True,True,0.1494252873563218,0.722657453740215,5.28028609190537,1.24825811379161,17.7116129803641,13.0,87.0,31.0,1.0,0.417258861650884,3.77793375691131,0.586505977878228,1.13226821549951,1.64273648916556,0.977587840841251,0.730611215542499,0.58174936614144,3.94170530751549,0.2822131436125206,3.94170530751549,0.804511041809953,0.559458253297397,0.360402242701998,0.574736275052111,0.413128079449935,,,,0.0,0.0,0.0,0.0,0.0,0.00231,0.0,pmra_selected
55406-53-6__algae_72_96h_ec50__Desmodesmus subspicatus,55406-53-6,Iodocarb,55406-53-6,,CCCCNC(=O)OCC#CI,WYVVKGNFXHOCQV-UHFFFAOYSA-N,algae_72_96h_ec50,EC50,POP,ABND,Desmodesmus subspicatus,Green Algae,Chlorophyta,Chlorophyceae,Chlorococcales,Scenedesmaceae,Desmodesmus,Algae;Standard Test Species,72.0,FW,24.0,7.3,,,echa_pmra_main,dsstox_casrn,unclassified,1.2147845075447526e-07,M,1.2147845075447526e-07,-6.915500755386246,281.093,1.9086,False,False,2,1,de06560d-d9a6-490c-9f23-fdc6027da82f,81599e2b-921c-412a-aeb1-21427bdf8d4a_4590887c-6f9f-4956-98f4-e2232e5b65a9,https://chem.echa.europa.eu/html-pages-prod/de06560d-d9a6-490c-9f23-fdc6027da82f/documents/81599e2b-921c-412a-aeb1-21427bdf8d4a_4590887c-6f9f-4956-98f4-e2232e5b65a9.html,0.3818531887785825,Desmodesmus subspicatus,Desmodesmus subspicatus (previous name: Scenedesmus subspicatus),aquatic algae and cyanobacteria,static,nominal,test mat.,biomass,False,True,0.7701149425287356,0.901274823604029,7.96663323264537,1.42687548365543,26.7224014224209,67.0,87.0,13.0,,,,,,,,,,,,,,,,,,,,,0.0,,0.25,0.0,0.112,0.0,0.0283,pmra_selected
55406-53-6__fish_96h_lc50__Lepomis macrochirus,55406-53-6,Iodocarb,55406-53-6,,CCCCNC(=O)OCC#CI,WYVVKGNFXHOCQV-UHFFFAOYSA-N,fish_96h_lc50,LC50,MOR,MORT,Lepomis macrochirus,Bluegill,Chordata,Actinopterygii,Perciformes,Centrarchidae,Lepomis,Fish;Standard Test Species,96.0,FW,23.0,7.83,21.0,,echa_pmra_main,dsstox_casrn,unclassified,8.18234534477913e-07,M,8.18234534477913e-07,-6.08712219458015,281.093,1.9086,False,False,1,1,de06560d-d9a6-490c-9f23-fdc6027da82f,23a6b9c7-867d-4a8c-b9d9-d73e28f67f0c_4590887c-6f9f-4956-98f4-e2232e5b65a9,https://chem.echa.europa.eu/html-pages-prod/de06560d-d9a6-490c-9f23-fdc6027da82f/documents/23a6b9c7-867d-4a8c-b9d9-d73e28f67f0c_4590887c-6f9f-4956-98f4-e2232e5b65a9.html,0.0,Lepomis macrochirus,Lepomis macrochirus,freshwater fish,flow-through,meas. (geom. mean),test mat.,mortality (fish),True,True,0.7701149425287356,0.901274823604029,7.96663323264537,1.42687548365543,26.7224014224209,67.0,87.0,13.0,,,,,,,,,,,,,,,,,,,,,0.0,,0.25,0.0,0.112,0.0,0.0283,pmra_selected
55406-53-6__fish_96h_lc50__Oncorhynchus mykiss,55406-53-6,Iodocarb,55406-53-6,,CCCCNC(=O)OCC#CI,WYVVKGNFXHOCQV-UHFFFAOYSA-N,fish_96h_lc50,LC50,MOR,MORT,Oncorhynchus mykiss,Rainbow Trout,Chordata,Actinopterygii,Salmoniformes,Salmonidae,Oncorhynchus,Fish;Standard Test Species;U.S. Threatened and Endangered Species,96.0,FW,13.4,7.55,66.0,,echa_pmra_main,dsstox_casrn,unclassified,2.383552774348705e-07,M,2.383552774348705e-07,-6.622775227896916,281.093,1.9086,False,False,1,1,de06560d-d9a6-490c-9f23-fdc6027da82f,34f04151-ad8f-4741-b51b-fbf1a7b60d63_4590887c-6f9f-4956-98f4-e2232e5b65a9,https://chem.echa.europa.eu/html-pages-prod/de06560d-d9a6-490c-9f23-fdc6027da82f/documents/34f04151-ad8f-4741-b51b-fbf1a7b60d63_4590887c-6f9f-4956-98f4-e2232e5b65a9.html,0.0,Oncorhynchus mykiss,Oncorhynchus mykiss (previous name: Salmo gairdneri),freshwater fish,flow-through,meas. (geom. mean),test mat.,mortality (fish),True,True,0.7701149425287356,0.901274823604029,7.96663323264537,1.42687548365543,26.7224014224209,67.0,87.0,13.0,,,,,,,,,,,,,,,,,,,,,0.0,,0.25,0.0,0.112,0.0,0.0283,pmra_selected
732-11-6__daphnia_48h_ec50__Daphnia magna,732-11-6,Phosmet,732-11-6,,COP(=S)(OC)SCN1C(=O)C2=C(C=CC=C2)C1=O,LMNZTLDVJIUSHT-UHFFFAOYSA-N,daphnia_48h_ec50,EC50,ITX,IMBL,Daphnia magna,Water Flea,Arthropoda,Branchiopoda,Diplostraca,Daphniidae,Daphnia,Crustaceans;Standard Test Species,48.0,FW,20.0,7.6,165.7,,echa_pmra_main,dsstox_casrn,unclassified,2.489678862941601e-09,M,2.489678862941601e-09,-8.603856667782503,317.31,2.4906000000000006,False,False,1,1,cc07a2ae-edf7-4bec-8028-9b92bcc8c28a,3c068993-9f2d-43de-85a8-2a54c266377f_d16a610e-5819-4abd-be9c-4c0400dd1c20,https://chem.echa.europa.eu/html-pages-prod/cc07a2ae-edf7-4bec-8028-9b92bcc8c28a/documents/3c068993-9f2d-43de-85a8-2a54c266377f_d16a610e-5819-4abd-be9c-4c0400dd1c20.html,0.0,Daphnia magna,Daphnia magna,freshwater aquatic invertebrates,other: Continuous Flow,nominal,act. ingr.,mobility,True,True,0.0344827586206896,3.0,1000.0,3.0,1000.0,3.0,87.0,30.0,0.0,0.412264574961462,0.048558438195382,0.267923696548129,0.425996221441014,1.64273648916556,0.297702339787542,0.66256746049272,0.625769383497982,3.24004277209613,0.2914183054215751,3.24004277209613,0.455181914291655,0.758382216334249,0.641405982310488,0.544642256023452,0.164558784151724,,,,0.0,0.0,,0.0,0.0,0.0,0.0,pmra_selected
732-11-6__fish_96h_lc50__Oncorhynchus mykiss,732-11-6,Phosmet,732-11-6,,COP(=S)(OC)SCN1C(=O)C2=C(C=CC=C2)C1=O,LMNZTLDVJIUSHT-UHFFFAOYSA-N,fish_96h_lc50,LC50,MOR,MORT,Oncorhynchus mykiss,Rainbow Trout,Chordata,Actinopterygii,Salmoniformes,Salmonidae,Oncorhynchus,Fish;Standard Test Species;U.S. Threatened and Endangered Species,96.0,FW,13.4,7.55,66.0,,echa_pmra_main,dsstox_casrn,unclassified,7.595096278087678e-07,M,7.595096278087678e-07,-6.119466716498076,317.31,2.4906000000000006,False,False,1,1,cc07a2ae-edf7-4bec-8028-9b92bcc8c28a,f2c22304-c99a-4772-91a1-790049c7f110_d16a610e-5819-4abd-be9c-4c0400dd1c20,https://chem.echa.europa.eu/html-pages-prod/cc07a2ae-edf7-4bec-8028-9b92bcc8c28a/documents/f2c22304-c99a-4772-91a1-790049c7f110_d16a610e-5819-4abd-be9c-4c0400dd1c20.html,0.0,Oncorhynchus mykiss,Oncorhynchus mykiss (previous name: Salmo gairdneri),freshwater fish,flow-through,nominal,act. ingr.,mortality (fish),True,True,0.0344827586206896,3.0,1000.0,3.0,1000.0,3.0,87.0,30.0,0.0,0.412264574961462,0.048558438195382,0.267923696548129,0.425996221441014,1.64273648916556,0.297702339787542,0.66256746049272,0.625769383497982,3.24004277209613,0.2914183054215751,3.24004277209613,0.455181914291655,0.758382216334249,0.641405982310488,0.544642256023452,0.164558784151724,,,,0.0,0.0,,0.0,0.0,0.0,0.0,pmra_selected
759-94-4__fish_96h_lc50__Carassius carassius,759-94-4,EPTC / S-ethyl dipropylthiocarbamate,759-94-4,,CCCN(CCC)C(=O)SCC,GUVLYNGULCJVDO-UHFFFAOYSA-N,fish_96h_lc50,LC50,MOR,MORT,Carassius carassius,Crucian Carp,Chordata,Actinopterygii,Cypriniformes,Cyprinidae,Carassius,Fish,96.0,FW/,14.0,,,,echa_pmra_main,dsstox_casrn,unclassified,0.0008979505598985,M,0.0008979505598985,-3.046747574417682,189.32,2.9815000000000014,False,False,1,1,2e7e558b-5a2e-484b-b0bd-88283df48c60,f4fc7e61-969d-4c70-b31a-dde1a96e3460_58e87817-88c8-4135-af51-0ed65c3141e7,https://chem.echa.europa.eu/html-pages-prod/2e7e558b-5a2e-484b-b0bd-88283df48c60/documents/f4fc7e61-969d-4c70-b31a-dde1a96e3460_58e87817-88c8-4135-af51-0ed65c3141e7.html,0.0,Carassius carassius,Carassius carassius,freshwater fish,static,not specified,not specified,not specified,True,False,0.0,3.0,1000.0,3.0,1000.0,0.0,87.0,31.0,0.0,0.322909600581216,5.66584834191171e-06,0.452784169300659,0.299965348496155,1.64273648916556,0.665690908942458,0.441067428418174,0.851210041134667,1.9037467769353,0.2043073629675745,1.9037467769353,0.259537456878191,0.449637029251567,0.188437429653651,0.41675173506422,0.305488825714264,,,,0.0,0.0,0.0,0.0,0.0,0.0,0.0,pmra_selected
759-94-4__fish_96h_lc50__Oncorhynchus mykiss,759-94-4,EPTC / S-ethyl dipropylthiocarbamate,759-94-4,,CCCN(CCC)C(=O)SCC,GUVLYNGULCJVDO-UHFFFAOYSA-N,fish_96h_lc50,LC50,MOR,MORT,Oncorhynchus mykiss,Rainbow Trout,Chordata,Actinopterygii,Salmoniformes,Salmonidae,Oncorhynchus,Fish;Standard Test Species;U.S. Threatened and Endangered Species,96.0,FW,13.4,7.55,66.0,,echa_pmra_main,dsstox_casrn,unclassified,3.53898161842383e-05,M,3.53898161842383e-05,-4.45112169309513,189.32,2.9815000000000014,False,False,1,1,2e7e558b-5a2e-484b-b0bd-88283df48c60,fd0e337f-76a5-4f29-97ea-c80a7f4a1117_58e87817-88c8-4135-af51-0ed65c3141e7,https://chem.echa.europa.eu/html-pages-prod/2e7e558b-5a2e-484b-b0bd-88283df48c60/documents/fd0e337f-76a5-4f29-97ea-c80a7f4a1117_58e87817-88c8-4135-af51-0ed65c3141e7.html,0.0,Oncorhynchus mykiss,Oncorhynchus mykiss (previous name: Salmo gairdneri),freshwater fish,other: dynamic,not specified,not specified,not specified,True,True,0.0,3.0,1000.0,3.0,1000.0,0.0,87.0,31.0,0.0,0.322909600581216,5.66584834191171e-06,0.452784169300659,0.299965348496155,1.64273648916556,0.665690908942458,0.441067428418174,0.851210041134667,1.9037467769353,0.2043073629675745,1.9037467769353,0.259537456878191,0.449637029251567,0.188437429653651,0.41675173506422,0.305488825714264,,,,0.0,0.0,0.0,0.0,0.0,0.0,0.0,pmra_selected
8018-01-7__daphnia_48h_ec50__Daphnia magna,8018-01-7,Mancozeb,8018-01-7,,[Mn++].[Zn++].[S-]C(=S)NCCNC([S-])=S.[S-]C(=S)NCCNC([S-])=S,CHNQZRKUZPNOOH-UHFFFAOYSA-J,daphnia_48h_ec50,EC50,ITX,IMBL,Daphnia magna,Water Flea,Arthropoda,Branchiopoda,Diplostraca,Daphniidae,Daphnia,Crustaceans;Standard Test Species,48.0,FW,20.0,7.6,165.7,,echa_pmra_main,dsstox_casrn,unclassified,1.3493281085377348e-07,M,1.3493281085377348e-07,-6.8698824325363566,541.01,-0.3465999999999999,False,False,1,1,2f3e3a50-e851-4485-86ef-b63e098cea65,c2ff7bae-a3c9-4a69-972c-3b9c14713785_c468605a-6465-4116-a3ec-a9efd7388b28,https://chem.echa.europa.eu/html-pages-prod/2f3e3a50-e851-4485-86ef-b63e098cea65/documents/c2ff7bae-a3c9-4a69-972c-3b9c14713785_c468605a-6465-4116-a3ec-a9efd7388b28.html,0.0,Daphnia magna,Daphnia magna,freshwater aquatic invertebrates,static,meas. (initial),test mat.,mortality,True,True,0.1149425287356321,0.278823169070548,1.90030437874857,0.804423829121944,6.37417274660218,10.0,87.0,24.0,1.0,0.413452118069151,1.19160163415364,0.497605984507919,0.431248238125033,1.64273648916556,0.296679751176511,0.390710584578243,0.492472827138855,2.61298728902468,0.2920769151493828,2.61298728902468,0.224541578400026,0.65629069737593,0.801932873677032,1.00318231895631,0.531773854299305,,,,,,,,,,,pmra_selected
8018-01-7__fish_96h_lc50__Oncorhynchus mykiss,8018-01-7,Mancozeb,8018-01-7,,[Mn++].[Zn++].[S-]C(=S)NCCNC([S-])=S.[S-]C(=S)NCCNC([S-])=S,CHNQZRKUZPNOOH-UHFFFAOYSA-J,fish_96h_lc50,LC50,MOR,MORT,Oncorhynchus mykiss,Rainbow Trout,Chordata,Actinopterygii,Salmoniformes,Salmonidae,Oncorhynchus,Fish;Standard Test Species;U.S. Threatened and Endangered Species,96.0,FW,13.4,7.55,66.0,,echa_pmra_main,dsstox_casrn,unclassified,1.3678120552300326e-07,M,1.3678120552300326e-07,-6.863973572925836,541.01,-0.3465999999999999,False,False,1,1,2f3e3a50-e851-4485-86ef-b63e098cea65,bf9bc800-6f14-46a8-aa54-027f270dcf16_c468605a-6465-4116-a3ec-a9efd7388b28,https://chem.echa.europa.eu/html-pages-prod/2f3e3a50-e851-4485-86ef-b63e098cea65/documents/bf9bc800-6f14-46a8-aa54-027f270dcf16_c468605a-6465-4116-a3ec-a9efd7388b28.html,0.0,Oncorhynchus mykiss,Oncorhynchus mykiss (previous name: Salmo gairdneri),freshwater fish,semi-static,meas. (arithm. mean),test mat.,mortality (fish),True,True,0.1149425287356321,0.278823169070548,1.90030437874857,0.804423829121944,6.37417274660218,10.0,87.0,24.0,1.0,0.413452118069151,1.19160163415364,0.497605984507919,0.431248238125033,1.64273648916556,0.296679751176511,0.390710584578243,0.492472827138855,2.61298728902468,0.2920769151493828,2.61298728902468,0.224541578400026,0.65629069737593,0.801932873677032,1.00318231895631,0.531773854299305,,,,,,,,,,,pmra_selected
81335-77-5__algae_72_96h_ec50__Raphidocelis subcapitata,81335-77-5,Imazethapyr,81335-77-5,,CCC1=CN=C(C2=NC(C)(C(C)C)C(=O)N2)C(=C1)C(O)=O,XVOKUMIPKHGGTN-UHFFFAOYNA-N,algae_72_96h_ec50,EC50,POP,ABND,Raphidocelis subcapitata,Green Algae,Chlorophyta,Chlorophyceae,Sphaeropleales,Selenastraceae,Raphidocelis,Algae;Standard Test Species,84.0,FW,24.0,7.5,,,echa_pmra_main,dsstox_casrn,unclassified,0.0002274537596042,M,0.0002274537596042,-3.643106880281027,289.335,1.6333000000000002,False,False,2,1,dc3716cf-3291-46aa-98b5-0e6d237fce79,ee1259f8-2945-42d4-84e3-fb403dc67344_317a2ebd-ddd8-4212-b369-8f39d9a89401,https://chem.echa.europa.eu/html-pages-prod/dc3716cf-3291-46aa-98b5-0e6d237fce79/documents/ee1259f8-2945-42d4-84e3-fb403dc67344_317a2ebd-ddd8-4212-b369-8f39d9a89401.html,0.0659285137083078,Raphidocelis subcapitata,"Raphidocelis subcapitata (previous names: Pseudokirchneriella subcapitata, Selenastrum capricornutum)",aquatic algae and cyanobacteria,static,meas. (arithm. mean),test mat.,growth rate,False,True,0.0,3.0,1000.0,3.0,1000.0,0.0,87.0,14.0,,,,,,,,,,,,,,,,,,,,,0.0,0.0,0.0,0.0,0.0,0.0,0.0,pmra_selected
88671-89-0__algae_72_96h_ec50__Raphidocelis subcapitata,88671-89-0,Myclobutanil,88671-89-0,,CCCCC(CN1C=NC=N1)(C#N)C1=CC=C(Cl)C=C1,HZJKXKUJVSEEFU-UHFFFAOYNA-N,algae_72_96h_ec50,EC50,POP,ABND,Raphidocelis subcapitata,Green Algae,Chlorophyta,Chlorophyceae,Sphaeropleales,Selenastraceae,Raphidocelis,Algae;Standard Test Species,72.0,FW,24.0,7.5,,,echa_pmra_main,dsstox_casrn,unclassified,4.023460779355312e-06,M,4.023460779355312e-06,-5.395400227813498,288.78,3.583280000000002,False,False,2,1,eb8edaaf-3ba6-428b-8a50-84cd3d5580ed,636511ba-71b5-494d-8327-7be25ed58c03_75d5a6e2-5fff-453a-8d48-cff96737985c,https://chem.echa.europa.eu/html-pages-prod/eb8edaaf-3ba6-428b-8a50-84cd3d5580ed/documents/636511ba-71b5-494d-8327-7be25ed58c03_75d5a6e2-5fff-453a-8d48-cff96737985c.html,0.6655462488490693,Raphidocelis subcapitata,"Raphidocelis subcapitata (previous names: Pseudokirchneriella subcapitata, Selenastrum capricornutum)",aquatic algae and cyanobacteria,static,meas. (arithm. mean),act. ingr.,growth rate,False,True,0.1149425287356321,1.32509471152128,21.139500026141,1.85069537157267,70.9080221307287,10.0,87.0,30.0,9.0,3.87969262820592,0.0041640668770655,4.35763015978953,0.337270499961892,1.64273648916556,1.90499004272036,5.03881403991727,1.81550182572793,16.4264258200079,1.1714215419821676,16.4264258200079,1.47673022067715,1.11315763677043,0.847611143182062,1.89108036114906,3.0599610126686,,,,0.0,0.0,,0.0,0.0,0.0,0.0,pmra_selected
88671-89-0__daphnia_48h_ec50__Daphnia magna,88671-89-0,Myclobutanil,88671-89-0,,CCCCC(CN1C=NC=N1)(C#N)C1=CC=C(Cl)C=C1,HZJKXKUJVSEEFU-UHFFFAOYNA-N,daphnia_48h_ec50,EC50,ITX,IMBL,Daphnia magna,Water Flea,Arthropoda,Branchiopoda,Diplostraca,Daphniidae,Daphnia,Crustaceans;Standard Test Species,48.0,FW,20.0,7.6,165.7,,echa_pmra_main,dsstox_casrn,unclassified,5.886834268301127e-05,M,5.886834268301127e-05,-4.230118190682728,288.78,3.583280000000002,False,False,1,1,eb8edaaf-3ba6-428b-8a50-84cd3d5580ed,bc6a8713-b1e2-438a-9ccd-378451f669d2_75d5a6e2-5fff-453a-8d48-cff96737985c,https://chem.echa.europa.eu/html-pages-prod/eb8edaaf-3ba6-428b-8a50-84cd3d5580ed/documents/bc6a8713-b1e2-438a-9ccd-378451f669d2_75d5a6e2-5fff-453a-8d48-cff96737985c.html,0.0,Daphnia magna,Daphnia magna,freshwater aquatic invertebrates,static,meas. (arithm. mean),act. ingr.,mobility,True,True,0.1149425287356321,1.32509471152128,21.139500026141,1.85069537157267,70.9080221307287,10.0,87.0,30.0,9.0,3.87969262820592,0.0041640668770655,4.35763015978953,0.337270499961892,1.64273648916556,1.90499004272036,5.03881403991727,1.81550182572793,16.4264258200079,1.1714215419821676,16.4264258200079,1.47673022067715,1.11315763677043,0.847611143182062,1.89108036114906,3.0599610126686,,,,0.0,0.0,,0.0,0.0,0.0,0.0,pmra_selected
88671-89-0__fish_96h_lc50__Oncorhynchus mykiss,88671-89-0,Myclobutanil,88671-89-0,,CCCCC(CN1C=NC=N1)(C#N)C1=CC=C(Cl)C=C1,HZJKXKUJVSEEFU-UHFFFAOYNA-N,fish_96h_lc50,LC50,MOR,MORT,Oncorhynchus mykiss,Rainbow Trout,Chordata,Actinopterygii,Salmoniformes,Salmonidae,Oncorhynchus,Fish;Standard Test Species;U.S. Threatened and Endangered Species,96.0,FW,13.4,7.55,66.0,,echa_pmra_main,dsstox_casrn,unclassified,7.9645404806427e-06,M,7.9645404806427e-06,-5.098839276043409,288.78,3.583280000000002,False,False,1,1,eb8edaaf-3ba6-428b-8a50-84cd3d5580ed,34c530e2-ac0f-40bf-8857-34d39f283379_75d5a6e2-5fff-453a-8d48-cff96737985c,https://chem.echa.europa.eu/html-pages-prod/eb8edaaf-3ba6-428b-8a50-84cd3d5580ed/documents/34c530e2-ac0f-40bf-8857-34d39f283379_75d5a6e2-5fff-453a-8d48-cff96737985c.html,0.0,Oncorhynchus mykiss,Oncorhynchus mykiss (previous name: Salmo gairdneri),freshwater fish,static,meas. (arithm. mean),act. ingr.,mortality (fish),True,True,0.1149425287356321,1.32509471152128,21.139500026141,1.85069537157267,70.9080221307287,10.0,87.0,30.0,9.0,3.87969262820592,0.0041640668770655,4.35763015978953,0.337270499961892,1.64273648916556,1.90499004272036,5.03881403991727,1.81550182572793,16.4264258200079,1.1714215419821676,16.4264258200079,1.47673022067715,1.11315763677043,0.847611143182062,1.89108036114906,3.0599610126686,,,,0.0,0.0,,0.0,0.0,0.0,0.0,pmra_selected
915972-17-7__daphnia_48h_ec50__Daphnia magna,915972-17-7,Afidopyropen,915972-17-7,,[H][C@@]12C[C@H](O)[C@@]3(C)OC4=C([C@H](O)[C@]3([H])[C@@]1(C)CC[C@H](OC(=O)C1CC1)[C@@]2(C)COC(=O)C1CC1)C(=O)OC(=C4)C1=CN=CC=C1,LRZWFURXIMFONG-HRSIRGMGSA-N,daphnia_48h_ec50,EC50,ITX,IMBL,Daphnia magna,Water Flea,Arthropoda,Branchiopoda,Diplostraca,Daphniidae,Daphnia,Crustaceans;Standard Test Species,48.0,FW,20.0,7.6,165.7,,echa_pmra_main,dsstox_casrn,unclassified,1.347543176125578e-05,M,1.347543176125578e-05,-4.870457310851661,593.673,3.964700000000003,False,False,1,1,e5ff4448-3f01-424d-8e55-fbd7cd6f1fc4,978a815e-b025-46d9-bada-4b7db224eb98_94c8fe72-308c-402a-ba72-d683850943cc,https://chem.echa.europa.eu/html-pages-prod/e5ff4448-3f01-424d-8e55-fbd7cd6f1fc4/documents/978a815e-b025-46d9-bada-4b7db224eb98_94c8fe72-308c-402a-ba72-d683850943cc.html,0.0,Daphnia magna,Daphnia magna,freshwater aquatic invertebrates,static,meas. (arithm. mean),test mat.,mobility,True,True,,,,,,,,,,,,,,,,,,,,,,,,,,,,,,,,,,,,pmra_selected
915972-17-7__fish_96h_lc50__Cyprinus carpio,915972-17-7,Afidopyropen,915972-17-7,,[H][C@@]12C[C@H](O)[C@@]3(C)OC4=C([C@H](O)[C@]3([H])[C@@]1(C)CC[C@H](OC(=O)C1CC1)[C@@]2(C)COC(=O)C1CC1)C(=O)OC(=C4)C1=CN=CC=C1,LRZWFURXIMFONG-HRSIRGMGSA-N,fish_96h_lc50,LC50,MOR,MORT,Cyprinus carpio,Common Carp,Chordata,Actinopterygii,Cypriniformes,Cyprinidae,Cyprinus,Fish;Standard Test Species,96.0,FW,24.2,7.55,75.6,,echa_pmra_main,dsstox_casrn,unclassified,3.0319721462825515e-05,M,3.0319721462825515e-05,-4.518274792740298,593.673,3.964700000000003,False,False,1,1,e5ff4448-3f01-424d-8e55-fbd7cd6f1fc4,b42568c8-1ecf-41b2-a911-6411991537de_94c8fe72-308c-402a-ba72-d683850943cc,https://chem.echa.europa.eu/html-pages-prod/e5ff4448-3f01-424d-8e55-fbd7cd6f1fc4/documents/b42568c8-1ecf-41b2-a911-6411991537de_94c8fe72-308c-402a-ba72-d683850943cc.html,0.0,Cyprinus carpio,Cyprinus carpio,freshwater fish,semi-static,nominal,test mat.,mortality (fish),True,True,,,,,,,,,,,,,,,,,,,,,,,,,,,,,,,,,,,,pmra_selected
915972-17-7__fish_96h_lc50__Oncorhynchus mykiss,915972-17-7,Afidopyropen,915972-17-7,,[H][C@@]12C[C@H](O)[C@@]3(C)OC4=C([C@H](O)[C@]3([H])[C@@]1(C)CC[C@H](OC(=O)C1CC1)[C@@]2(C)COC(=O)C1CC1)C(=O)OC(=C4)C1=CN=CC=C1,LRZWFURXIMFONG-HRSIRGMGSA-N,fish_96h_lc50,LC50,MOR,MORT,Oncorhynchus mykiss,Rainbow Trout,Chordata,Actinopterygii,Salmoniformes,Salmonidae,Oncorhynchus,Fish;Standard Test Species;U.S. Threatened and Endangered Species,96.0,FW,13.4,7.55,66.0,,echa_pmra_main,dsstox_casrn,unclassified,3.587833706434352e-05,M,3.587833706434352e-05,-4.445167694404867,593.673,3.964700000000003,False,False,1,1,e5ff4448-3f01-424d-8e55-fbd7cd6f1fc4,4e66a818-29fb-4216-b855-2706c5d0cac9_94c8fe72-308c-402a-ba72-d683850943cc,https://chem.echa.europa.eu/html-pages-prod/e5ff4448-3f01-424d-8e55-fbd7cd6f1fc4/documents/4e66a818-29fb-4216-b855-2706c5d0cac9_94c8fe72-308c-402a-ba72-d683850943cc.html,0.0,Oncorhynchus mykiss,Oncorhynchus mykiss (previous name: Salmo gairdneri),freshwater fish,static,meas. (arithm. mean),test mat.,mortality (fish),True,True,,,,,,,,,,,,,,,,,,,,,,,,,,,,,,,,,,,,pmra_selected
915972-17-7__fish_96h_lc50__Pimephales promelas,915972-17-7,Afidopyropen,915972-17-7,,[H][C@@]12C[C@H](O)[C@@]3(C)OC4=C([C@H](O)[C@]3([H])[C@@]1(C)CC[C@H](OC(=O)C1CC1)[C@@]2(C)COC(=O)C1CC1)C(=O)OC(=C4)C1=CN=CC=C1,LRZWFURXIMFONG-HRSIRGMGSA-N,fish_96h_lc50,LC50,MOR,MORT,Pimephales promelas,Fathead Minnow,Chordata,Actinopterygii,Cypriniformes,Cyprinidae,Pimephales,Fish;Standard Test Species,96.0,FW/,24.7,7.6,45.1,,echa_pmra_main,dsstox_casrn,unclassified,3.08250501538726e-05,M,3.08250501538726e-05,-4.511096208113175,593.673,3.964700000000003,False,False,1,1,e5ff4448-3f01-424d-8e55-fbd7cd6f1fc4,64163a89-5f02-4a75-9003-5df26fe1c3fd_94c8fe72-308c-402a-ba72-d683850943cc,https://chem.echa.europa.eu/html-pages-prod/e5ff4448-3f01-424d-8e55-fbd7cd6f1fc4/documents/64163a89-5f02-4a75-9003-5df26fe1c3fd_94c8fe72-308c-402a-ba72-d683850943cc.html,0.0,Pimephales promelas,Pimephales promelas,freshwater fish,static,meas. (arithm. mean),test mat.,mortality (fish),True,True,,,,,,,,,,,,,,,,,,,,,,,,,,,,,,,,,,,,pmra_selected
950782-86-2__algae_72_96h_ec50__Raphidocelis subcapitata,950782-86-2,Indaziflam,950782-86-2,,CC(F)C1=NC(N)=NC(N[C@@H]2[C@@H](C)CC3=C2C=C(C)C=C3)=N1,YFONKFDEZLYQDH-BOURZNODSA-N,algae_72_96h_ec50,EC50,POP,ABND,Raphidocelis subcapitata,Green Algae,Chlorophyta,Chlorophyceae,Sphaeropleales,Selenastraceae,Raphidocelis,Algae;Standard Test Species,72.0,FW,24.0,7.5,,,echa_pmra_main,dsstox_casrn,unclassified,3.882283844721919e-07,M,3.882283844721919e-07,-6.410912715292337,301.369,3.1381200000000016,False,False,5,3,73ee5566-c5e4-4fed-a438-4a012b13bb70,4110fd38-eed8-44d4-affe-1215a7bc6764_59834571-d523-47ef-8a09-7d776cc10586; 520595c0-800f-42eb-b6f6-4c7c0e33446c_59834571-d523-47ef-8a09-7d776cc10586; 6bec3317-ec7b-43be-8a9a-17550ca28dc2_59834571-d523-47ef-8a09-7d776cc10586,https://chem.echa.europa.eu/html-pages-prod/73ee5566-c5e4-4fed-a438-4a012b13bb70/documents/4110fd38-eed8-44d4-affe-1215a7bc6764_59834571-d523-47ef-8a09-7d776cc10586.html; https://chem.echa.europa.eu/html-pages-prod/73ee5566-c5e4-4fed-a438-4a012b13bb70/documents/520595c0-800f-42eb-b6f6-4c7c0e33446c_59834571-d523-47ef-8a09-7d776cc10586.html; https://chem.echa.europa.eu/html-pages-prod/73ee5566-c5e4-4fed-a438-4a012b13bb70/documents/6bec3317-ec7b-43be-8a9a-17550ca28dc2_59834571-d523-47ef-8a09-7d776cc10586.html,0.0226639846359439,Raphidocelis subcapitata,"Raphidocelis subcapitata (previous names: Pseudokirchneriella subcapitata, Selenastrum capricornutum)",aquatic algae and cyanobacteria,static,meas. (initial),act. ingr.,growth rate,False,True,,,,,,,,,,,,,,,,,,,,,,,,,,,,,,,,,,,,pmra_selected
950782-86-2__fish_96h_lc50__Lepomis macrochirus,950782-86-2,Indaziflam,950782-86-2,,CC(F)C1=NC(N)=NC(N[C@@H]2[C@@H](C)CC3=C2C=C(C)C=C3)=N1,YFONKFDEZLYQDH-BOURZNODSA-N,fish_96h_lc50,LC50,MOR,MORT,Lepomis macrochirus,Bluegill,Chordata,Actinopterygii,Perciformes,Centrarchidae,Lepomis,Fish;Standard Test Species,96.0,FW,23.0,7.83,21.0,,echa_pmra_main,dsstox_casrn,unclassified,1.0618212224880456e-06,M,1.0618212224880456e-06,-5.973948598718593,301.369,3.1381200000000016,False,False,1,1,73ee5566-c5e4-4fed-a438-4a012b13bb70,75c7fa3d-cf67-4446-b01e-4a8a9be98b51_59834571-d523-47ef-8a09-7d776cc10586,https://chem.echa.europa.eu/html-pages-prod/73ee5566-c5e4-4fed-a438-4a012b13bb70/documents/75c7fa3d-cf67-4446-b01e-4a8a9be98b51_59834571-d523-47ef-8a09-7d776cc10586.html,0.0,Lepomis macrochirus,Lepomis macrochirus,freshwater fish,static,meas. (arithm. mean),act. ingr.,mortality (fish),True,True,,,,,,,,,,,,,,,,,,,,,,,,,,,,,,,,,,,,pmra_selected
950782-86-2__fish_96h_lc50__Oncorhynchus mykiss,950782-86-2,Indaziflam,950782-86-2,,CC(F)C1=NC(N)=NC(N[C@@H]2[C@@H](C)CC3=C2C=C(C)C=C3)=N1,YFONKFDEZLYQDH-BOURZNODSA-N,fish_96h_lc50,LC50,MOR,MORT,Oncorhynchus mykiss,Rainbow Trout,Chordata,Actinopterygii,Salmoniformes,Salmonidae,Oncorhynchus,Fish;Standard Test Species;U.S. Threatened and Endangered Species,96.0,FW,13.4,7.55,66.0,,echa_pmra_main,dsstox_casrn,unclassified,1.898005435197383e-06,M,1.898005435197383e-06,-5.721702548245474,301.369,3.1381200000000016,False,False,1,1,73ee5566-c5e4-4fed-a438-4a012b13bb70,71d5d223-ea3e-4ec7-879e-b8475ff7e59f_59834571-d523-47ef-8a09-7d776cc10586,https://chem.echa.europa.eu/html-pages-prod/73ee5566-c5e4-4fed-a438-4a012b13bb70/documents/71d5d223-ea3e-4ec7-879e-b8475ff7e59f_59834571-d523-47ef-8a09-7d776cc10586.html,0.0,Oncorhynchus mykiss,Oncorhynchus mykiss (previous name: Salmo gairdneri),freshwater fish,static,meas. (arithm. mean),act. ingr.,mortality (fish),True,True,,,,,,,,,,,,,,,,,,,,,,,,,,,,,,,,,,,,pmra_selected
950782-86-2__fish_96h_lc50__Pimephales promelas,950782-86-2,Indaziflam,950782-86-2,,CC(F)C1=NC(N)=NC(N[C@@H]2[C@@H](C)CC3=C2C=C(C)C=C3)=N1,YFONKFDEZLYQDH-BOURZNODSA-N,fish_96h_lc50,LC50,MOR,MORT,Pimephales promelas,Fathead Minnow,Chordata,Actinopterygii,Cypriniformes,Cyprinidae,Pimephales,Fish;Standard Test Species,96.0,FW/,24.7,7.6,45.1,,echa_pmra_main,dsstox_casrn,unclassified,2.555007316611861e-06,M,2.555007316611861e-06,-5.592607851866017,301.369,3.1381200000000016,False,False,1,1,73ee5566-c5e4-4fed-a438-4a012b13bb70,4e5801d1-0d2b-4cb8-bdea-8f5b698f1122_59834571-d523-47ef-8a09-7d776cc10586,https://chem.echa.europa.eu/html-pages-prod/73ee5566-c5e4-4fed-a438-4a012b13bb70/documents/4e5801d1-0d2b-4cb8-bdea-8f5b698f1122_59834571-d523-47ef-8a09-7d776cc10586.html,0.0,Pimephales promelas,Pimephales promelas,freshwater fish,static,meas. (arithm. mean),act. ingr.,mortality (fish),True,True,,,,,,,,,,,,,,,,,,,,,,,,,,,,,,,,,,,,pmra_selected
117428-51-0__daphnia_48h_ec50__Daphnia magna,117428-51-0,Methyl-2-(2-chloromethylphenyl)-3-methoxy-2-acrylate,117428-51-0,,CO\C=C(\C(=O)OC)C1=CC=CC=C1CCl,QHBMFLGCOYKWJH-DHZHZOJOSA-N,daphnia_48h_ec50,EC50,ITX,IMBL,Daphnia magna,Water Flea,Arthropoda,Branchiopoda,Diplostraca,Daphniidae,Daphnia,Crustaceans;Standard Test Species,48.0,FW,20.0,7.6,165.7,,echa_extension_main,dsstox_casrn,unclassified,5.4013628053847386e-05,M,5.4013628053847386e-05,-4.267496650512782,240.68,2.585700000000001,False,False,1,1,df6d0326-1142-4eb6-b625-c458ece8e336,08772539-4f68-4b2b-a763-acc45db14696_0dca6445-3db9-430e-870a-cd04c06900de,https://chem.echa.europa.eu/html-pages-prod/df6d0326-1142-4eb6-b625-c458ece8e336/documents/08772539-4f68-4b2b-a763-acc45db14696_0dca6445-3db9-430e-870a-cd04c06900de.html,0.0,Daphnia magna,Daphnia magna,freshwater aquatic invertebrates,static,nominal,test mat.,other: Immobilisation,True,True,,,,,,,,,,,,,,,,,,,,,,,,,,,,,,,,,,,,echa_extension
117428-51-0__fish_96h_lc50__Oncorhynchus mykiss,117428-51-0,Methyl-2-(2-chloromethylphenyl)-3-methoxy-2-acrylate,117428-51-0,,CO\C=C(\C(=O)OC)C1=CC=CC=C1CCl,QHBMFLGCOYKWJH-DHZHZOJOSA-N,fish_96h_lc50,LC50,MOR,MORT,Oncorhynchus mykiss,Rainbow Trout,Chordata,Actinopterygii,Salmoniformes,Salmonidae,Oncorhynchus,Fish;Standard Test Species;U.S. Threatened and Endangered Species,96.0,FW,13.4,7.55,66.0,,echa_extension_main,dsstox_casrn,unclassified,4.154894465680575e-05,M,4.154894465680575e-05,-4.381440002819618,240.68,2.585700000000001,False,False,1,1,df6d0326-1142-4eb6-b625-c458ece8e336,d25076d4-a8d8-49a9-8fc2-15853908431b_0dca6445-3db9-430e-870a-cd04c06900de,https://chem.echa.europa.eu/html-pages-prod/df6d0326-1142-4eb6-b625-c458ece8e336/documents/d25076d4-a8d8-49a9-8fc2-15853908431b_0dca6445-3db9-430e-870a-cd04c06900de.html,0.0,Oncorhynchus mykiss,Oncorhynchus mykiss (previous name: Salmo gairdneri),freshwater fish,semi-static,nominal,test mat.,mortality (fish),True,True,,,,,,,,,,,,,,,,,,,,,,,,,,,,,,,,,,,,echa_extension
156157-97-0__algae_72_96h_ec50__Desmodesmus subspicatus,156157-97-0,"Di(µ-2,2´,2´´-nitrilotris(ethanol)-diperchlorato)dinatrium",156157-97-0,,[Na+].[Na+].[O-][Cl](=O)(=O)=O.[O-][Cl](=O)(=O)=O.OCCN(CCO)CCO.OCCN(CCO)CCO,MXXHYLUAUDPQFR-UHFFFAOYSA-L,algae_72_96h_ec50,EC50,POP,ABND,Desmodesmus subspicatus,Green Algae,Chlorophyta,Chlorophyceae,Chlorococcales,Scenedesmaceae,Desmodesmus,Algae;Standard Test Species,72.0,FW,24.0,7.3,,,echa_extension_main,dsstox_casrn,unclassified,0.0005441967970214,M,0.0005441967970214,-3.2642440186753605,543.25,-18.97339999999997,False,False,2,1,542b8e25-2624-4494-85e1-e91d3d9df3f2,IUC5-0454cb53-5caf-4663-b016-fe9876ca4e1d_9f3d68ef-30b4-40db-b763-40a75bb9fd3f,https://chem.echa.europa.eu/html-pages-prod/542b8e25-2624-4494-85e1-e91d3d9df3f2/documents/IUC5-0454cb53-5caf-4663-b016-fe9876ca4e1d_9f3d68ef-30b4-40db-b763-40a75bb9fd3f.html,0.218055760599217,Desmodesmus subspicatus,Desmodesmus subspicatus (previous name: Scenedesmus subspicatus),aquatic algae and cyanobacteria,static,nominal,[Empty],biomass yield,False,True,,,,,,,,,,,,,,,,,,,,,,,,,,,,,,,,,,,,echa_extension
15717-25-6__algae_72_96h_ec50__Desmodesmus subspicatus,15717-25-6,sodium 3-(acryloyloxy)propane-1-sulfonate,15717-25-6,,[Na+].[O-]S(=O)(=O)CCCOC(=O)C=C,LDYPJGUPKKJBIB-UHFFFAOYSA-M,algae_72_96h_ec50,EC50,POP,ABND,Desmodesmus subspicatus,Green Algae,Chlorophyta,Chlorophyceae,Chlorococcales,Scenedesmaceae,Desmodesmus,Algae;Standard Test Species,72.0,FW,24.0,7.3,,,echa_extension_main,dsstox_casrn,unclassified,4.91532490024539e-05,M,4.91532490024539e-05,-4.308447770259059,216.18,-3.345099999999997,False,False,2,1,7a457255-9915-4fb4-bdc3-fde4bac75f10,e3056ee4-d245-412b-94a5-f58d7c3a55c5_1fd52273-33de-43d9-86dd-b2d7fa316337,https://chem.echa.europa.eu/html-pages-prod/7a457255-9915-4fb4-bdc3-fde4bac75f10/documents/e3056ee4-d245-412b-94a5-f58d7c3a55c5_1fd52273-33de-43d9-86dd-b2d7fa316337.html,0.7678064440100627,Desmodesmus subspicatus,Desmodesmus subspicatus (previous name: Scenedesmus subspicatus),aquatic algae and cyanobacteria,static,nominal,test mat.,biomass,False,True,,,,,,,,,,,,,,,,,,,,,,,,,,,,,,,,,,,,echa_extension
16039-53-5__algae_72_96h_ec50__Raphidocelis subcapitata,16039-53-5,zinc bis(2-hydroxypropanoate),16039-53-5,,[Zn++].CC(O)C([O-])=O.CC(O)C([O-])=O,CANRESZKMUPMAE-UHFFFAOYNA-L,algae_72_96h_ec50,EC50,POP,ABND,Raphidocelis subcapitata,Green Algae,Chlorophyta,Chlorophyceae,Sphaeropleales,Selenastraceae,Raphidocelis,Algae;Standard Test Species,96.0,FW,24.0,7.5,,,echa_extension_main,dsstox_casrn,unclassified,4.291179526154117e-06,M,4.291179526154117e-06,-5.36742331590612,243.52,-3.7682999999999978,False,False,2,1,4c126866-3686-47c4-9afb-6bd8a721b2af,IUC5-6cef3a67-6a0c-4b31-b4eb-4b68d0d5d3a4_97c4388e-aad8-4d96-a13e-bd73ac050710,https://chem.echa.europa.eu/html-pages-prod/4c126866-3686-47c4-9afb-6bd8a721b2af/documents/IUC5-6cef3a67-6a0c-4b31-b4eb-4b68d0d5d3a4_97c4388e-aad8-4d96-a13e-bd73ac050710.html,0.6062159510991192,Raphidocelis subcapitata,"Raphidocelis subcapitata (previous names: Pseudokirchneriella subcapitata, Selenastrum capricornutum)",aquatic algae and cyanobacteria,static,nominal,test mat.,growth rate,False,True,,,,,,,,,,,,,,,,,,,,,,,,,,,,,,,,,,,,echa_extension
16039-53-5__daphnia_48h_ec50__Daphnia magna,16039-53-5,zinc bis(2-hydroxypropanoate),16039-53-5,,[Zn++].CC(O)C([O-])=O.CC(O)C([O-])=O,CANRESZKMUPMAE-UHFFFAOYNA-L,daphnia_48h_ec50,EC50,ITX,IMBL,Daphnia magna,Water Flea,Arthropoda,Branchiopoda,Diplostraca,Daphniidae,Daphnia,Crustaceans;Standard Test Species,48.0,FW,20.0,7.6,165.7,,echa_extension_main,dsstox_casrn,unclassified,2.422798948751644e-05,M,2.422798948751644e-05,-4.615682623448334,243.52,-3.7682999999999978,False,False,5,3,4c126866-3686-47c4-9afb-6bd8a721b2af,IUC5-4ae376ec-474d-40e7-831e-3af4dd2f41f8_97c4388e-aad8-4d96-a13e-bd73ac050710; IUC5-6f9ba8c5-356a-420c-b6b9-d8f8634a7ad1_97c4388e-aad8-4d96-a13e-bd73ac050710; IUC5-a319d33a-897c-45a9-a9f8-f065767fd176_97c4388e-aad8-4d96-a13e-bd73ac050710,https://chem.echa.europa.eu/html-pages-prod/4c126866-3686-47c4-9afb-6bd8a721b2af/documents/IUC5-4ae376ec-474d-40e7-831e-3af4dd2f41f8_97c4388e-aad8-4d96-a13e-bd73ac050710.html; https://chem.echa.europa.eu/html-pages-prod/4c126866-3686-47c4-9afb-6bd8a721b2af/documents/IUC5-6f9ba8c5-356a-420c-b6b9-d8f8634a7ad1_97c4388e-aad8-4d96-a13e-bd73ac050710.html; https://chem.echa.europa.eu/html-pages-prod/4c126866-3686-47c4-9afb-6bd8a721b2af/documents/IUC5-a319d33a-897c-45a9-a9f8-f065767fd176_97c4388e-aad8-4d96-a13e-bd73ac050710.html,0.6271707119109946,Daphnia magna,Daphnia magna,freshwater aquatic invertebrates,static,nominal,test mat.,[Empty],True,True,,,,,,,,,,,,,,,,,,,,,,,,,,,,,,,,,,,,echa_extension
16039-53-5__fish_96h_lc50__Danio rerio,16039-53-5,zinc bis(2-hydroxypropanoate),16039-53-5,,[Zn++].CC(O)C([O-])=O.CC(O)C([O-])=O,CANRESZKMUPMAE-UHFFFAOYNA-L,fish_96h_lc50,LC50,MOR,MORT,Danio rerio,Zebra Danio,Chordata,Actinopterygii,Cypriniformes,Cyprinidae,Danio,Fish;Standard Test Species,96.0,FW/,26.0,7.4,37.0,,echa_extension_main,dsstox_casrn,unclassified,0.0004106438896189,M,0.0004106438896189,-3.386534635090479,243.52,-3.7682999999999978,False,False,3,2,4c126866-3686-47c4-9afb-6bd8a721b2af,IUC5-6d642f58-56a7-44f9-80bd-379f133fc6ed_97c4388e-aad8-4d96-a13e-bd73ac050710; IUC5-bf7d8ff8-e2e3-4b8f-8052-ea730f4b0d63_97c4388e-aad8-4d96-a13e-bd73ac050710,https://chem.echa.europa.eu/html-pages-prod/4c126866-3686-47c4-9afb-6bd8a721b2af/documents/IUC5-6d642f58-56a7-44f9-80bd-379f133fc6ed_97c4388e-aad8-4d96-a13e-bd73ac050710.html; https://chem.echa.europa.eu/html-pages-prod/4c126866-3686-47c4-9afb-6bd8a721b2af/documents/IUC5-bf7d8ff8-e2e3-4b8f-8052-ea730f4b0d63_97c4388e-aad8-4d96-a13e-bd73ac050710.html,3.022922655198334,Danio rerio,Danio rerio (previous name: Brachydanio rerio),freshwater fish,static,nominal,test mat.,mortality (fish),True,False,,,,,,,,,,,,,,,,,,,,,,,,,,,,,,,,,,,,echa_extension
16499-88-0__algae_72_96h_ec50__Raphidocelis subcapitata,16499-88-0,3-butoxypropan-1-amine,16499-88-0,,CCCCOCCCN,LPUBRQWGZPPVBS-UHFFFAOYSA-N,algae_72_96h_ec50,EC50,POP,ABND,Raphidocelis subcapitata,Green Algae,Chlorophyta,Chlorophyceae,Sphaeropleales,Selenastraceae,Raphidocelis,Algae;Standard Test Species,72.0,FW,24.0,7.5,,,echa_extension_main,dsstox_casrn,unclassified,0.0001066918662693,M,0.0001066918662693,-3.971868688063598,131.219,1.1519,False,False,1,1,7e1f7f2e-f8d6-4cbc-b015-47a6a80821d6,5b7d1d38-99d3-4b27-941a-377fcffa8181_088336e5-68e9-4764-a907-2531567285fc,https://chem.echa.europa.eu/html-pages-prod/7e1f7f2e-f8d6-4cbc-b015-47a6a80821d6/documents/5b7d1d38-99d3-4b27-941a-377fcffa8181_088336e5-68e9-4764-a907-2531567285fc.html,0.0,Raphidocelis subcapitata,"Raphidocelis subcapitata (previous names: Pseudokirchneriella subcapitata, Selenastrum capricornutum)",aquatic algae and cyanobacteria,static,nominal,test mat.,growth rate,False,True,,,,,,,,,,,,,,,,,,,,,,,,,,,,,,,,,,,,echa_extension
165101-57-5__algae_72_96h_ec50__Desmodesmus subspicatus,165101-57-5,"N-Butyl-2-(1-ethylpentyl)-1,3-oxazolidine",165101-57-5,,CCCCC(CC)C1OCCN1CCCC,CYMHAQCMKNVHPA-UHFFFAOYNA-N,algae_72_96h_ec50,EC50,POP,ABND,Desmodesmus subspicatus,Green Algae,Chlorophyta,Chlorophyceae,Chlorococcales,Scenedesmaceae,Desmodesmus,Algae;Standard Test Species,72.0,FW,24.0,7.3,,,echa_extension_main,dsstox_casrn,unclassified,3.6050347473823554e-05,M,3.6050347473823554e-05,-4.443090544946302,227.392,3.6612000000000022,False,False,2,1,32c0e129-31df-45b1-952a-50262f3da5a3,5ad871f7-704f-4b3f-b84a-0a8082b6d01d_52fc39e1-0beb-4474-b764-c1f8890e221c,https://chem.echa.europa.eu/html-pages-prod/32c0e129-31df-45b1-952a-50262f3da5a3/documents/5ad871f7-704f-4b3f-b84a-0a8082b6d01d_52fc39e1-0beb-4474-b764-c1f8890e221c.html,0.3309932190414244,Desmodesmus subspicatus,Desmodesmus subspicatus (previous name: Scenedesmus subspicatus),aquatic algae and cyanobacteria,static,nominal,test mat.,biomass,False,True,,,,,,,,,,,,,,,,,,,,,,,,,,,,,,,,,,,,echa_extension
165101-57-5__daphnia_48h_ec50__Daphnia magna,165101-57-5,"N-Butyl-2-(1-ethylpentyl)-1,3-oxazolidine",165101-57-5,,CCCCC(CC)C1OCCN1CCCC,CYMHAQCMKNVHPA-UHFFFAOYNA-N,daphnia_48h_ec50,EC50,ITX,IMBL,Daphnia magna,Water Flea,Arthropoda,Branchiopoda,Diplostraca,Daphniidae,Daphnia,Crustaceans;Standard Test Species,48.0,FW,20.0,7.6,165.7,,echa_extension_main,dsstox_casrn,unclassified,4.177807486631016e-05,M,4.177807486631016e-05,-4.379051576184367,227.392,3.6612000000000022,False,False,1,1,32c0e129-31df-45b1-952a-50262f3da5a3,2ce0cbec-3e44-4554-a4f3-ff622b4ceede_52fc39e1-0beb-4474-b764-c1f8890e221c,https://chem.echa.europa.eu/html-pages-prod/32c0e129-31df-45b1-952a-50262f3da5a3/documents/2ce0cbec-3e44-4554-a4f3-ff622b4ceede_52fc39e1-0beb-4474-b764-c1f8890e221c.html,0.0,Daphnia magna,Daphnia magna,freshwater aquatic invertebrates,static,nominal,test mat.,mobility,True,True,,,,,,,,,,,,,,,,,,,,,,,,,,,,,,,,,,,,echa_extension
165101-57-5__fish_96h_lc50__Oncorhynchus mykiss,165101-57-5,"N-Butyl-2-(1-ethylpentyl)-1,3-oxazolidine",165101-57-5,,CCCCC(CC)C1OCCN1CCCC,CYMHAQCMKNVHPA-UHFFFAOYNA-N,fish_96h_lc50,LC50,MOR,MORT,Oncorhynchus mykiss,Rainbow Trout,Chordata,Actinopterygii,Salmoniformes,Salmonidae,Oncorhynchus,Fish;Standard Test Species;U.S. Threatened and Endangered Species,96.0,FW,13.4,7.55,66.0,,echa_extension_main,dsstox_casrn,unclassified,8.79538418238109e-05,M,8.79538418238109e-05,-4.055745185809234,227.392,3.6612000000000022,False,False,1,1,32c0e129-31df-45b1-952a-50262f3da5a3,db66e93c-4461-48f3-9a2d-a2548a5867a3_52fc39e1-0beb-4474-b764-c1f8890e221c,https://chem.echa.europa.eu/html-pages-prod/32c0e129-31df-45b1-952a-50262f3da5a3/documents/db66e93c-4461-48f3-9a2d-a2548a5867a3_52fc39e1-0beb-4474-b764-c1f8890e221c.html,0.0,Oncorhynchus mykiss,Oncorhynchus mykiss (previous name: Salmo gairdneri),freshwater fish,semi-static,nominal,test mat.,mortality (fish),True,True,,,,,,,,,,,,,,,,,,,,,,,,,,,,,,,,,,,,echa_extension
178452-71-6__daphnia_48h_ec50__Daphnia magna,178452-71-6,"Chromate(5-), bis[6-[[[4-[2-(1-butyl-5-cyano-1,6-dihydro-2-hydroxy-4-methyl-6-oxo-3-pyridinyl)diazenyl]phenyl]sulfonyl]amino]-4-(hydroxy-κO)-3-[2-[2-(hydroxy-κO)-5-nitro-3-sulfophenyl]diazenyl]-2-naphthalenesulfonato(4-)]-, sodium (1:5)",178452-71-6,,[Na+].[Na+].[Na+].[Na+].[Na+].[Cr+3].CCCCN1C(O)=C(N=NC2=CC=C(C=C2)S(=O)(=O)NC2=CC3=C([O-])C(N=NC4=C([O-])C(=CC(=C4)[N+]([O-])=O)S([O-])(=O)=O)=C(C=C3C=C2)S([O-])(=O)=O)C(C)=C(C#N)C1=O.CCCCN1C(O)=C(N=NC2=CC=C(C=C2)S(=O)(=O)NC2=CC3=C([O-])C(N=NC4=C([O-])C(=CC(=C4)[N+]([O-])=O)S([O-])(=O)=O)=C(C=C3C=C2)S([O-])(=O)=O)C(C)=C(C#N)C1=O,AJWDFARYSIOWKO-UHFFFAOYSA-F,daphnia_48h_ec50,EC50,ITX,IMBL,Daphnia magna,Water Flea,Arthropoda,Branchiopoda,Diplostraca,Daphniidae,Daphnia,Crustaceans;Standard Test Species,48.0,FW,20.0,7.6,165.7,,echa_extension_main,dsstox_casrn,unclassified,3.311081441922566e-05,M,3.311081441922566e-05,-4.48003013687325,1872.5,-6.617500000000046,False,False,1,1,157e177a-3bf0-4836-a90b-c8b85a42edf2,1c34f069-d318-4173-af36-1d870ab4cc50_a5d202de-4cd5-4418-9abd-4197e8da9be1,https://chem.echa.europa.eu/html-pages-prod/157e177a-3bf0-4836-a90b-c8b85a42edf2/documents/1c34f069-d318-4173-af36-1d870ab4cc50_a5d202de-4cd5-4418-9abd-4197e8da9be1.html,0.0,Daphnia magna,Daphnia magna,freshwater aquatic invertebrates,static,nominal,test mat.,mobility,True,True,,,,,,,,,,,,,,,,,,,,,,,,,,,,,,,,,,,,echa_extension
178452-71-6__fish_96h_lc50__Oncorhynchus mykiss,178452-71-6,"Chromate(5-), bis[6-[[[4-[2-(1-butyl-5-cyano-1,6-dihydro-2-hydroxy-4-methyl-6-oxo-3-pyridinyl)diazenyl]phenyl]sulfonyl]amino]-4-(hydroxy-κO)-3-[2-[2-(hydroxy-κO)-5-nitro-3-sulfophenyl]diazenyl]-2-naphthalenesulfonato(4-)]-, sodium (1:5)",178452-71-6,,[Na+].[Na+].[Na+].[Na+].[Na+].[Cr+3].CCCCN1C(O)=C(N=NC2=CC=C(C=C2)S(=O)(=O)NC2=CC3=C([O-])C(N=NC4=C([O-])C(=CC(=C4)[N+]([O-])=O)S([O-])(=O)=O)=C(C=C3C=C2)S([O-])(=O)=O)C(C)=C(C#N)C1=O.CCCCN1C(O)=C(N=NC2=CC=C(C=C2)S(=O)(=O)NC2=CC3=C([O-])C(N=NC4=C([O-])C(=CC(=C4)[N+]([O-])=O)S([O-])(=O)=O)=C(C=C3C=C2)S([O-])(=O)=O)C(C)=C(C#N)C1=O,AJWDFARYSIOWKO-UHFFFAOYSA-F,fish_96h_lc50,LC50,MOR,MORT,Oncorhynchus mykiss,Rainbow Trout,Chordata,Actinopterygii,Salmoniformes,Salmonidae,Oncorhynchus,Fish;Standard Test Species;U.S. Threatened and Endangered Species,96.0,FW,13.4,7.55,66.0,,echa_extension_main,dsstox_casrn,unclassified,2.8838451268357782e-05,M,2.8838451268357782e-05,-4.540028066548536,1872.5,-6.617500000000046,False,False,1,1,157e177a-3bf0-4836-a90b-c8b85a42edf2,5f692c75-0323-4378-9b2d-a87388b3b5c4_a5d202de-4cd5-4418-9abd-4197e8da9be1,https://chem.echa.europa.eu/html-pages-prod/157e177a-3bf0-4836-a90b-c8b85a42edf2/documents/5f692c75-0323-4378-9b2d-a87388b3b5c4_a5d202de-4cd5-4418-9abd-4197e8da9be1.html,0.0,Oncorhynchus mykiss,Oncorhynchus mykiss (previous name: Salmo gairdneri),freshwater fish,flow-through,nominal,test mat.,mortality (fish),True,True,,,,,,,,,,,,,,,,,,,,,,,,,,,,,,,,,,,,echa_extension
18085-02-4__fish_96h_lc50__Pimephales promelas,18085-02-4,"1,2-diacetoxybut-3-ene",18085-02-4,,CC(=O)OCC(OC(C)=O)C=C,MWWXARALRVYLAE-UHFFFAOYNA-N,fish_96h_lc50,LC50,MOR,MORT,Pimephales promelas,Fathead Minnow,Chordata,Actinopterygii,Cypriniformes,Cyprinidae,Pimephales,Fish;Standard Test Species,96.0,FW/,24.7,7.6,45.1,,echa_extension_main,dsstox_casrn,unclassified,0.0001945638285515,M,0.0001945638285515,-3.710937896444994,172.18,0.6672,False,False,1,1,34616939-26e5-4482-9aef-f673e080f19f,56f7e5b0-b5f9-4484-923b-adcfef9e79ad_7f918958-201c-48ee-87da-bd10ce794661,https://chem.echa.europa.eu/html-pages-prod/34616939-26e5-4482-9aef-f673e080f19f/documents/56f7e5b0-b5f9-4484-923b-adcfef9e79ad_7f918958-201c-48ee-87da-bd10ce794661.html,0.0,Pimephales promelas,Pimephales promelas,freshwater fish,static,not specified,not specified,mortality (fish),True,True,,,,,,,,,,,,,,,,,,,,,,,,,,,,,,,,,,,,echa_extension
213265-83-9__algae_72_96h_ec50__Desmodesmus subspicatus,213265-83-9,"4,6-Dichloro-5-fluoropyrimidine",213265-83-9,,FC1=C(Cl)N=CN=C1Cl,DGMIGAHDDPJOPN-UHFFFAOYSA-N,algae_72_96h_ec50,EC50,POP,ABND,Desmodesmus subspicatus,Green Algae,Chlorophyta,Chlorophyceae,Chlorococcales,Scenedesmaceae,Desmodesmus,Algae;Standard Test Species,72.0,FW,24.0,7.3,,,echa_extension_main,dsstox_casrn,unclassified,2.050722736204957e-06,M,2.050722736204957e-06,-5.688093053564362,166.96,1.9225,False,False,2,1,0e993d78-592e-48fb-a2c0-f770b414bdb8,8a15dec8-62c3-4dbf-9339-d74de7b141b2_50d26ddf-914a-4fed-b212-4f862b1f40fa,https://chem.echa.europa.eu/html-pages-prod/0e993d78-592e-48fb-a2c0-f770b414bdb8/documents/8a15dec8-62c3-4dbf-9339-d74de7b141b2_50d26ddf-914a-4fed-b212-4f862b1f40fa.html,0.5115315630804123,Desmodesmus subspicatus,Desmodesmus subspicatus (previous name: Scenedesmus subspicatus),aquatic algae and cyanobacteria,static,nominal,test mat.,biomass,False,True,,,,,,,,,,,,,,,,,,,,,,,,,,,,,,,,,,,,echa_extension
22673-19-4__daphnia_48h_ec50__Daphnia magna,22673-19-4,"Tin, dibutylbis(2,4-pentanedionato-kO2,kO4)-,",22673-19-4,,CCCC[Sn](CCCC)(O\C(C)=C/C(C)=O)O\C(C)=C/C(C)=O,UVDDHYAAWVNATK-VGKOASNMSA-L,daphnia_48h_ec50,EC50,ITX,IMBL,Daphnia magna,Water Flea,Arthropoda,Branchiopoda,Diplostraca,Daphniidae,Daphnia,Crustaceans;Standard Test Species,48.0,FW,20.0,7.6,165.7,,echa_extension_main,dsstox_casrn,unclassified,9.691336123840887e-06,M,9.691336123840887e-06,-5.013616343567499,431.16,5.047600000000005,False,False,2,2,9b078abd-5dc7-4f10-b381-907fdf652c27,3e5b90d4-9e06-4a77-932d-950dfa869346_8f785a92-e080-4400-9162-b17552193f10; IUC5-ffebf8fb-390a-4024-9c49-5ba24488c1b3_8f785a92-e080-4400-9162-b17552193f10,https://chem.echa.europa.eu/html-pages-prod/9b078abd-5dc7-4f10-b381-907fdf652c27/documents/3e5b90d4-9e06-4a77-932d-950dfa869346_8f785a92-e080-4400-9162-b17552193f10.html; https://chem.echa.europa.eu/html-pages-prod/9b078abd-5dc7-4f10-b381-907fdf652c27/documents/IUC5-ffebf8fb-390a-4024-9c49-5ba24488c1b3_8f785a92-e080-4400-9162-b17552193f10.html,0.6399842480415892,Daphnia magna,Daphnia magna,freshwater aquatic invertebrates,static,[Empty],[Empty],[Empty],True,True,,,,,,,,,,,,,,,,,,,,,,,,,,,,,,,,,,,,echa_extension
23386-52-9__daphnia_48h_ec50__Daphnia magna,23386-52-9,"sodium 1,4-dicyclohexyloxy-1,4-dioxobutane-2-sulfonate",23386-52-9,,[Na+].[O-]S(=O)(=O)C(CC(=O)OC1CCCCC1)C(=O)OC1CCCCC1,UELAIMNOXLAYRW-UHFFFAOYNA-M,daphnia_48h_ec50,EC50,ITX,IMBL,Daphnia magna,Water Flea,Arthropoda,Branchiopoda,Diplostraca,Daphniidae,Daphnia,Crustaceans;Standard Test Species,48.0,FW,20.0,7.6,165.7,,echa_extension_main,dsstox_casrn,unclassified,0.0011651568313078,M,0.0011651568313078,-2.9336156142195184,384.42,-0.9538999999999948,False,False,2,1,c98b2597-5fef-405a-85a5-db6ee1e76bcf,2939fd98-9b5b-4cd3-be63-6b5775915ec5_cfa19479-29cf-4985-a817-49bddd093bd2,https://chem.echa.europa.eu/html-pages-prod/c98b2597-5fef-405a-85a5-db6ee1e76bcf/documents/2939fd98-9b5b-4cd3-be63-6b5775915ec5_cfa19479-29cf-4985-a817-49bddd093bd2.html,0.0174516798277286,Daphnia magna,Daphnia magna,freshwater aquatic invertebrates,static,nominal,act. ingr.,other: immobilization,True,True,0.0136986301369863,3.0,1000.0,3.0,1000.0,1.0,73.0,14.0,,,,,,,,,,,,,,,,,,,,,0.0,0.0,0.0,0.0,0.0,0.0,0.0,echa_extension
23386-52-9__fish_96h_lc50__Lepomis macrochirus,23386-52-9,"sodium 1,4-dicyclohexyloxy-1,4-dioxobutane-2-sulfonate",23386-52-9,,[Na+].[O-]S(=O)(=O)C(CC(=O)OC1CCCCC1)C(=O)OC1CCCCC1,UELAIMNOXLAYRW-UHFFFAOYNA-M,fish_96h_lc50,LC50,MOR,MORT,Lepomis macrochirus,Bluegill,Chordata,Actinopterygii,Perciformes,Centrarchidae,Lepomis,Fish;Standard Test Species,96.0,FW,23.0,7.83,21.0,,echa_extension_main,dsstox_casrn,unclassified,0.00119791912919,M,0.00119791912919,-2.9215724999200026,384.42,-0.9538999999999948,False,False,2,1,c98b2597-5fef-405a-85a5-db6ee1e76bcf,0b54c4f0-5551-4bbb-a681-2ef8ad655915_cfa19479-29cf-4985-a817-49bddd093bd2,https://chem.echa.europa.eu/html-pages-prod/c98b2597-5fef-405a-85a5-db6ee1e76bcf/documents/0b54c4f0-5551-4bbb-a681-2ef8ad655915_cfa19479-29cf-4985-a817-49bddd093bd2.html,0.017728766960432,Lepomis macrochirus,Lepomis macrochirus,freshwater fish,static,nominal,act. ingr.,mortality (fish),True,True,0.0136986301369863,3.0,1000.0,3.0,1000.0,1.0,73.0,14.0,,,,,,,,,,,,,,,,,,,,,0.0,0.0,0.0,0.0,0.0,0.0,0.0,echa_extension
23519-77-9__daphnia_48h_ec50__Daphnia magna,23519-77-9,Zirconium tetrakis(propa-1-olato),23519-77-9,,[Zr+4].CCC[O-].CCC[O-].CCC[O-].CCC[O-],XPGAWFIWCWKDDL-UHFFFAOYSA-N,daphnia_48h_ec50,EC50,ITX,IMBL,Daphnia magna,Water Flea,Arthropoda,Branchiopoda,Diplostraca,Daphniidae,Daphnia,Crustaceans;Standard Test Species,48.0,FW,20.0,7.6,165.7,,echa_extension_main,dsstox_casrn,unclassified,0.0111241360783451,M,0.0111241360783451,-1.9537337071763647,327.576,-0.9756999999999963,False,False,1,1,999af58c-adb0-4591-a0c8-81cd41303782,0592c292-0bc3-4aab-9629-f0c19135a68e_9abcab44-2b37-4a75-9df7-689769ec8043,https://chem.echa.europa.eu/html-pages-prod/999af58c-adb0-4591-a0c8-81cd41303782/documents/0592c292-0bc3-4aab-9629-f0c19135a68e_9abcab44-2b37-4a75-9df7-689769ec8043.html,0.0,Daphnia magna,Daphnia magna,freshwater aquatic invertebrates,static,nominal,test mat.,mobility,True,True,,,,,,,,,,,,,,,,,,,,,,,,,,,,,,,,,,,,echa_extension
23519-77-9__fish_96h_lc50__Pimephales promelas,23519-77-9,Zirconium tetrakis(propa-1-olato),23519-77-9,,[Zr+4].CCC[O-].CCC[O-].CCC[O-].CCC[O-],XPGAWFIWCWKDDL-UHFFFAOYSA-N,fish_96h_lc50,LC50,MOR,MORT,Pimephales promelas,Fathead Minnow,Chordata,Actinopterygii,Cypriniformes,Cyprinidae,Pimephales,Fish;Standard Test Species,96.0,FW/,24.7,7.6,45.1,,echa_extension_main,dsstox_casrn,unclassified,0.0139032850538406,M,0.0139032850538406,-1.856882572969277,327.576,-0.9756999999999963,False,False,2,1,999af58c-adb0-4591-a0c8-81cd41303782,e5872aac-7c97-45e7-a7f1-7f93d48b14fc_9abcab44-2b37-4a75-9df7-689769ec8043,https://chem.echa.europa.eu/html-pages-prod/999af58c-adb0-4591-a0c8-81cd41303782/documents/e5872aac-7c97-45e7-a7f1-7f93d48b14fc_9abcab44-2b37-4a75-9df7-689769ec8043.html,0.0143029770198086,Pimephales promelas,Pimephales promelas,freshwater fish,flow-through,meas. (not specified),test mat.,mortality (fish),True,True,,,,,,,,,,,,,,,,,,,,,,,,,,,,,,,,,,,,echa_extension
2373-38-8__fish_96h_lc50__Oncorhynchus mykiss,2373-38-8,"sodium 1,4-bis(1,3-dimethylbutoxy)-1,4-dioxobutane-2-sulfonate",2373-38-8,,[Na+].CC(C)CC(C)OC(=O)CC(C(=O)OC(C)CC(C)C)S([O-])(=O)=O,BTJYKXPSPBJJDQ-UHFFFAOYNA-M,fish_96h_lc50,LC50,MOR,MORT,Oncorhynchus mykiss,Rainbow Trout,Chordata,Actinopterygii,Salmoniformes,Salmonidae,Oncorhynchus,Fish;Standard Test Species;U.S. Threatened and Endangered Species,96.0,FW,13.4,7.55,66.0,,echa_extension_main,dsstox_casrn,unclassified,0.002763065077101,M,0.002763065077101,-2.5586088862405463,388.45,-0.7500999999999969,False,False,2,1,c1f251f5-a06b-493a-9b36-a1cd918ca38f,2b1fb279-3e82-453e-859f-7297a1a907b6_110e2504-09c8-45ca-9e06-b9a787993e2e,https://chem.echa.europa.eu/html-pages-prod/c1f251f5-a06b-493a-9b36-a1cd918ca38f/documents/2b1fb279-3e82-453e-859f-7297a1a907b6_110e2504-09c8-45ca-9e06-b9a787993e2e.html,0.0969100130080562,Oncorhynchus mykiss,Oncorhynchus mykiss (previous name: Salmo gairdneri),freshwater fish,static,nominal,act. ingr.,mortality (fish),True,True,,,,,,,,,,,,,,,,,,,,,,,,,,,,,,,,,,,,echa_extension
23787-90-8__algae_72_96h_ec50__Raphidocelis subcapitata,23787-90-8,"1,1,5,5-tetramethylhexahydro-2H-2,4a-methanonaphthalen-8(5H)-one",23787-90-8,,CC1(C)C2CCC3(C2)C1C(=O)CCC3(C)C,VCOCESNMLNDPLX-UHFFFAOYNA-N,algae_72_96h_ec50,EC50,POP,ABND,Raphidocelis subcapitata,Green Algae,Chlorophyta,Chlorophyceae,Sphaeropleales,Selenastraceae,Raphidocelis,Algae;Standard Test Species,72.0,FW,24.0,7.5,,,echa_extension_main,dsstox_casrn,unclassified,4.813393652906308e-05,M,4.813393652906308e-05,-4.317548619042784,220.356,3.818000000000003,False,False,2,1,cdc757cd-0789-4cdb-be4c-6f0210d95e7b,IUC5-550992a1-5165-4c38-950b-5c6c5d1c20fc_b6beb064-bd11-424f-86a7-e234a1976c2c,https://chem.echa.europa.eu/html-pages-prod/cdc757cd-0789-4cdb-be4c-6f0210d95e7b/documents/IUC5-550992a1-5165-4c38-950b-5c6c5d1c20fc_b6beb064-bd11-424f-86a7-e234a1976c2c.html,0.3010299956639812,Raphidocelis subcapitata,"Raphidocelis subcapitata (previous names: Pseudokirchneriella subcapitata, Selenastrum capricornutum)",aquatic algae and cyanobacteria,static,meas. (initial),test mat.,growth rate,False,True,,,,,,,,,,,,,,,,,,,,,,,,,,,,,,,,,,,,echa_extension
23787-90-8__daphnia_48h_ec50__Daphnia magna,23787-90-8,"1,1,5,5-tetramethylhexahydro-2H-2,4a-methanonaphthalen-8(5H)-one",23787-90-8,,CC1(C)C2CCC3(C2)C1C(=O)CCC3(C)C,VCOCESNMLNDPLX-UHFFFAOYNA-N,daphnia_48h_ec50,EC50,ITX,IMBL,Daphnia magna,Water Flea,Arthropoda,Branchiopoda,Diplostraca,Daphniidae,Daphnia,Crustaceans;Standard Test Species,48.0,FW,20.0,7.6,165.7,,echa_extension_main,dsstox_casrn,unclassified,2.405198860026505e-05,M,2.405198860026505e-05,-4.618849010665685,220.356,3.818000000000003,False,False,1,1,cdc757cd-0789-4cdb-be4c-6f0210d95e7b,IUC5-c44d9449-6f74-4477-bf53-c1ce055f1014_b6beb064-bd11-424f-86a7-e234a1976c2c,https://chem.echa.europa.eu/html-pages-prod/cdc757cd-0789-4cdb-be4c-6f0210d95e7b/documents/IUC5-c44d9449-6f74-4477-bf53-c1ce055f1014_b6beb064-bd11-424f-86a7-e234a1976c2c.html,0.0,Daphnia magna,Daphnia magna,freshwater aquatic invertebrates,static,meas. (initial),test mat.,mobility,True,True,,,,,,,,,,,,,,,,,,,,,,,,,,,,,,,,,,,,echa_extension
2404-44-6__algae_72_96h_ec50__Desmodesmus subspicatus,2404-44-6,2-octyloxirane,2404-44-6,,CCCCCCCCC1CO1,AAMHBRRZYSORSH-UHFFFAOYNA-N,algae_72_96h_ec50,EC50,POP,ABND,Desmodesmus subspicatus,Green Algae,Chlorophyta,Chlorophyceae,Chlorococcales,Scenedesmaceae,Desmodesmus,Algae;Standard Test Species,72.0,FW,24.0,7.3,,,echa_extension_main,dsstox_casrn,unclassified,1.957785426511765e-06,M,1.957785426511765e-06,-5.708234908645459,156.269,3.135800000000001,False,False,2,1,cf222a06-4356-449b-8642-11d7b96b4298,44b0ddea-a4af-42ec-ab15-7ab8e92d1e7e_a89cd128-b367-4e00-a73e-f26bbc27cfa7,https://chem.echa.europa.eu/html-pages-prod/cf222a06-4356-449b-8642-11d7b96b4298/documents/44b0ddea-a4af-42ec-ab15-7ab8e92d1e7e_a89cd128-b367-4e00-a73e-f26bbc27cfa7.html,0.460730838531493,Desmodesmus subspicatus,Desmodesmus subspicatus (previous name: Scenedesmus subspicatus),aquatic algae and cyanobacteria,static,meas. (initial),act. ingr.,growth rate,False,True,0.0,3.0,1000.0,3.0,1000.0,0.0,70.0,13.0,,,,,,,,,,,,,,,,,,0.0,0.0,0.0,0.0,0.0,0.0,,,,,echa_extension
2404-44-6__daphnia_48h_ec50__Daphnia magna,2404-44-6,2-octyloxirane,2404-44-6,,CCCCCCCCC1CO1,AAMHBRRZYSORSH-UHFFFAOYNA-N,daphnia_48h_ec50,EC50,ITX,IMBL,Daphnia magna,Water Flea,Arthropoda,Branchiopoda,Diplostraca,Daphniidae,Daphnia,Crustaceans;Standard Test Species,48.0,FW,20.0,7.6,165.7,,echa_extension_main,dsstox_casrn,unclassified,1.094266937140443e-06,M,1.094266937140443e-06,-5.960876722622358,156.269,3.135800000000001,False,False,1,1,cf222a06-4356-449b-8642-11d7b96b4298,1d7e821e-8009-4863-89e1-3afca0f0e5c0_a89cd128-b367-4e00-a73e-f26bbc27cfa7,https://chem.echa.europa.eu/html-pages-prod/cf222a06-4356-449b-8642-11d7b96b4298/documents/1d7e821e-8009-4863-89e1-3afca0f0e5c0_a89cd128-b367-4e00-a73e-f26bbc27cfa7.html,0.0,Daphnia magna,Daphnia magna,freshwater aquatic invertebrates,static,meas. (geom. mean),act. ingr.,mortality,True,True,0.0,3.0,1000.0,3.0,1000.0,0.0,70.0,13.0,,,,,,,,,,,,,,,,,,0.0,0.0,0.0,0.0,0.0,0.0,,,,,echa_extension
2416-94-6__algae_72_96h_ec50__Desmodesmus subspicatus,2416-94-6,"2,3,6-trimethylphenol",2416-94-6,,CC1=CC=C(C)C(O)=C1C,QQOMQLYQAXGHSU-UHFFFAOYSA-N,algae_72_96h_ec50,EC50,POP,ABND,Desmodesmus subspicatus,Green Algae,Chlorophyta,Chlorophyceae,Chlorococcales,Scenedesmaceae,Desmodesmus,Algae;Standard Test Species,72.0,FW,24.0,7.3,,,echa_extension_main,dsstox_casrn,unclassified,0.0001395068798919,M,0.0001395068798919,-3.855404374287015,136.194,2.3174600000000005,False,False,1,1,a2830815-4601-4faf-8a24-8af1c9e45a8b,IUC5-acefd5d5-d509-426f-beca-4062389fa65f_0601786a-9b87-4206-b77d-3c971003220f,https://chem.echa.europa.eu/html-pages-prod/a2830815-4601-4faf-8a24-8af1c9e45a8b/documents/IUC5-acefd5d5-d509-426f-beca-4062389fa65f_0601786a-9b87-4206-b77d-3c971003220f.html,0.0,Desmodesmus subspicatus,Desmodesmus subspicatus (previous name: Scenedesmus subspicatus),aquatic algae and cyanobacteria,static,nominal,test mat.,biomass,False,True,0.0114942528735632,3.0,1000.0,3.0,1000.0,1.0,87.0,14.0,,,,,,,,,,,,,,,,,,,,,0.0,0.0,0.0,0.0,0.0,0.0,0.0,echa_extension
2416-94-6__algae_72_96h_ec50__Raphidocelis subcapitata,2416-94-6,"2,3,6-trimethylphenol",2416-94-6,,CC1=CC=C(C)C(O)=C1C,QQOMQLYQAXGHSU-UHFFFAOYSA-N,algae_72_96h_ec50,EC50,POP,ABND,Raphidocelis subcapitata,Green Algae,Chlorophyta,Chlorophyceae,Sphaeropleales,Selenastraceae,Raphidocelis,Algae;Standard Test Species,72.0,FW,24.0,7.5,,,echa_extension_main,dsstox_casrn,unclassified,0.0001042630365508,M,0.0001042630365508,-3.9818696308567874,136.194,2.3174600000000005,False,False,1,1,a2830815-4601-4faf-8a24-8af1c9e45a8b,1ce0d176-6b55-4b76-b3b9-9c7afdf524f0_0601786a-9b87-4206-b77d-3c971003220f,https://chem.echa.europa.eu/html-pages-prod/a2830815-4601-4faf-8a24-8af1c9e45a8b/documents/1ce0d176-6b55-4b76-b3b9-9c7afdf524f0_0601786a-9b87-4206-b77d-3c971003220f.html,0.0,Raphidocelis subcapitata,"Raphidocelis subcapitata (previous names: Pseudokirchneriella subcapitata, Selenastrum capricornutum)",aquatic algae and cyanobacteria,static,nominal,test mat.,biomass,False,True,0.0114942528735632,3.0,1000.0,3.0,1000.0,1.0,87.0,14.0,,,,,,,,,,,,,,,,,,,,,0.0,0.0,0.0,0.0,0.0,0.0,0.0,echa_extension
2416-94-6__daphnia_48h_ec50__Daphnia magna,2416-94-6,"2,3,6-trimethylphenol",2416-94-6,,CC1=CC=C(C)C(O)=C1C,QQOMQLYQAXGHSU-UHFFFAOYSA-N,daphnia_48h_ec50,EC50,ITX,IMBL,Daphnia magna,Water Flea,Arthropoda,Branchiopoda,Diplostraca,Daphniidae,Daphnia,Crustaceans;Standard Test Species,48.0,FW,20.0,7.6,165.7,,echa_extension_main,dsstox_casrn,unclassified,6.71835763690031e-05,M,6.71835763690031e-05,-4.172736881173395,136.194,2.3174600000000005,False,False,1,1,a2830815-4601-4faf-8a24-8af1c9e45a8b,IUC5-399f6b6c-9d30-44c6-aea0-aaabab03f2d4_0601786a-9b87-4206-b77d-3c971003220f,https://chem.echa.europa.eu/html-pages-prod/a2830815-4601-4faf-8a24-8af1c9e45a8b/documents/IUC5-399f6b6c-9d30-44c6-aea0-aaabab03f2d4_0601786a-9b87-4206-b77d-3c971003220f.html,0.0,Daphnia magna,Daphnia magna,freshwater aquatic invertebrates,static,nominal,test mat.,mobility,True,True,0.0114942528735632,3.0,1000.0,3.0,1000.0,1.0,87.0,14.0,,,,,,,,,,,,,,,,,,,,,0.0,0.0,0.0,0.0,0.0,0.0,0.0,echa_extension
2416-94-6__fish_96h_lc50__Leuciscus idus,2416-94-6,"2,3,6-trimethylphenol",2416-94-6,,CC1=CC=C(C)C(O)=C1C,QQOMQLYQAXGHSU-UHFFFAOYSA-N,fish_96h_lc50,LC50,MOR,MORT,Leuciscus idus,"Ide, Silver Or Golden Orfe",Chordata,Actinopterygii,Cypriniformes,Cyprinidae,Leuciscus,Fish,96.0,FW/,14.0,,,,echa_extension_main,dsstox_casrn,unclassified,0.0001076405715376,M,0.0001076405715376,-3.968024004934735,136.194,2.3174600000000005,False,False,1,1,a2830815-4601-4faf-8a24-8af1c9e45a8b,IUC5-ad44f368-433e-4377-b916-0dde74fb24cc_0601786a-9b87-4206-b77d-3c971003220f,https://chem.echa.europa.eu/html-pages-prod/a2830815-4601-4faf-8a24-8af1c9e45a8b/documents/IUC5-ad44f368-433e-4377-b916-0dde74fb24cc_0601786a-9b87-4206-b77d-3c971003220f.html,0.0,Leuciscus idus,Leuciscus idus,freshwater fish,static,nominal,test mat.,mortality (fish),True,False,0.0114942528735632,3.0,1000.0,3.0,1000.0,1.0,87.0,14.0,,,,,,,,,,,,,,,,,,,,,0.0,0.0,0.0,0.0,0.0,0.0,0.0,echa_extension
2416-94-6__fish_96h_lc50__Pimephales promelas,2416-94-6,"2,3,6-trimethylphenol",2416-94-6,,CC1=CC=C(C)C(O)=C1C,QQOMQLYQAXGHSU-UHFFFAOYSA-N,fish_96h_lc50,LC50,MOR,MORT,Pimephales promelas,Fathead Minnow,Chordata,Actinopterygii,Cypriniformes,Cyprinidae,Pimephales,Fish;Standard Test Species,96.0,FW/,24.7,7.6,45.1,,echa_extension_main,dsstox_casrn,unclassified,6.020823237440712e-05,M,6.020823237440712e-05,-4.220344122856127,136.194,2.3174600000000005,False,False,1,1,a2830815-4601-4faf-8a24-8af1c9e45a8b,IUC5-c847a544-6265-421b-8771-91b027a9c22a_0601786a-9b87-4206-b77d-3c971003220f,https://chem.echa.europa.eu/html-pages-prod/a2830815-4601-4faf-8a24-8af1c9e45a8b/documents/IUC5-c847a544-6265-421b-8771-91b027a9c22a_0601786a-9b87-4206-b77d-3c971003220f.html,0.0,Pimephales promelas,Pimephales promelas,freshwater fish,flow-through,nominal,test mat.,mortality (fish),True,True,0.0114942528735632,3.0,1000.0,3.0,1000.0,1.0,87.0,14.0,,,,,,,,,,,,,,,,,,,,,0.0,0.0,0.0,0.0,0.0,0.0,0.0,echa_extension
244761-29-3__algae_72_96h_ec50__Raphidocelis subcapitata,244761-29-3,Lithium bis(oxalato)borate,244761-29-3,,[Li+].O=C1O[B-]2(OC1=O)OC(=O)C(=O)O2,NVQAYVUCVASGDK-UHFFFAOYSA-N,algae_72_96h_ec50,EC50,POP,ABND,Raphidocelis subcapitata,Green Algae,Chlorophyta,Chlorophyceae,Sphaeropleales,Selenastraceae,Raphidocelis,Algae;Standard Test Species,72.0,FW,24.0,7.5,,,echa_extension_main,dsstox_casrn,unclassified,0.0001811754992517,M,0.0001811754992517,-3.741900533255226,193.79,-5.373999999999998,False,False,3,1,911cdc1b-3009-4e09-b94e-4fa7083a485a,IUC5-e82c2b7c-74c7-4965-96b2-1626e65affce_7a8f0245-d080-4749-b8da-b3147490c02f,https://chem.echa.europa.eu/html-pages-prod/911cdc1b-3009-4e09-b94e-4fa7083a485a/documents/IUC5-e82c2b7c-74c7-4965-96b2-1626e65affce_7a8f0245-d080-4749-b8da-b3147490c02f.html,0.0749539338481697,Raphidocelis subcapitata,"Raphidocelis subcapitata (previous names: Pseudokirchneriella subcapitata, Selenastrum capricornutum)",aquatic algae and cyanobacteria,static,nominal,test mat.,biomass,False,True,,,,,,,,,,,,,,,,,,,,,,,,,,,,,,,,,,,,echa_extension
294-90-6__algae_72_96h_ec50__Desmodesmus subspicatus,294-90-6,"1,4,7,10-Tetraazacyclododecane",294-90-6,,C1CNCCNCCNCCN1,QBPPRVHXOZRESW-UHFFFAOYSA-N,algae_72_96h_ec50,EC50,POP,ABND,Desmodesmus subspicatus,Green Algae,Chlorophyta,Chlorophyceae,Chlorococcales,Scenedesmaceae,Desmodesmus,Algae;Standard Test Species,72.0,FW,24.0,7.3,,,echa_extension_main,dsstox_casrn,unclassified,0.0002517500805939,M,0.0002517500805939,-3.599030381741569,172.276,-1.6415999999999973,False,False,2,1,928ebafb-1c20-4b7c-9800-7f10f70a1351,SNIF-c25c2c84-a65f-3ac4-8a3e-77cf3a3d0efb_719cf812-aaa9-4ec8-b475-1108d67ca5b6,https://chem.echa.europa.eu/html-pages-prod/928ebafb-1c20-4b7c-9800-7f10f70a1351/documents/SNIF-c25c2c84-a65f-3ac4-8a3e-77cf3a3d0efb_719cf812-aaa9-4ec8-b475-1108d67ca5b6.html,0.7168815936447204,Desmodesmus subspicatus,Desmodesmus subspicatus (previous name: Scenedesmus subspicatus),aquatic algae and cyanobacteria,static,nominal,test mat.,biomass,False,True,,,,,,,,,,,,,,,,,,,,,,,,,,,,,,,,,,,,echa_extension
294-90-6__daphnia_48h_ec50__Daphnia magna,294-90-6,"1,4,7,10-Tetraazacyclododecane",294-90-6,,C1CNCCNCCNCCN1,QBPPRVHXOZRESW-UHFFFAOYSA-N,daphnia_48h_ec50,EC50,ITX,IMBL,Daphnia magna,Water Flea,Arthropoda,Branchiopoda,Diplostraca,Daphniidae,Daphnia,Crustaceans;Standard Test Species,48.0,FW,20.0,7.6,165.7,,echa_extension_main,dsstox_casrn,unclassified,0.0001456964405953,M,0.0001456964405953,-3.836551058035721,172.276,-1.6415999999999973,False,False,1,1,928ebafb-1c20-4b7c-9800-7f10f70a1351,SNIF-ad62b91c-0fc0-367d-882d-f241becdc72d_719cf812-aaa9-4ec8-b475-1108d67ca5b6,https://chem.echa.europa.eu/html-pages-prod/928ebafb-1c20-4b7c-9800-7f10f70a1351/documents/SNIF-ad62b91c-0fc0-367d-882d-f241becdc72d_719cf812-aaa9-4ec8-b475-1108d67ca5b6.html,0.0,Daphnia magna,Daphnia magna,freshwater aquatic invertebrates,static,nominal,test mat.,mobility,True,True,,,,,,,,,,,,,,,,,,,,,,,,,,,,,,,,,,,,echa_extension
37443-42-8__fish_96h_lc50__Oncorhynchus mykiss,37443-42-8,Methyl tetrahydro-2-furancarboxylate,37443-42-8,,COC(=O)C1CCCO1,IXHZGHPQQTXOKV-UHFFFAOYNA-N,fish_96h_lc50,LC50,MOR,MORT,Oncorhynchus mykiss,Rainbow Trout,Chordata,Actinopterygii,Salmoniformes,Salmonidae,Oncorhynchus,Fish;Standard Test Species;U.S. Threatened and Endangered Species,96.0,FW,13.4,7.55,66.0,,echa_extension_main,dsstox_casrn,unclassified,0.0002458833744419,M,0.0002458833744419,-3.609270835361386,130.143,0.3383999999999998,False,False,1,1,4d1e197d-96f8-4908-9af3-5643f165cea0,IUC5-414072c4-cb7a-4a0e-884d-cc60851ab160_cf0bc213-8042-4e0d-9d7a-b637776d8b78,https://chem.echa.europa.eu/html-pages-prod/4d1e197d-96f8-4908-9af3-5643f165cea0/documents/IUC5-414072c4-cb7a-4a0e-884d-cc60851ab160_cf0bc213-8042-4e0d-9d7a-b637776d8b78.html,0.0,Oncorhynchus mykiss,Oncorhynchus mykiss (previous name: Salmo gairdneri),freshwater fish,static,meas. (geom. mean),test mat.,mortality (fish),True,True,,,,,,,,,,,,,,,,,,,,,,,,,,,,,,,,,,,,echa_extension
52411-34-4__algae_72_96h_ec50__Desmodesmus subspicatus,52411-34-4,"1,2-Bis(2-aminophenoxy)ethane",52411-34-4,,NC1=CC=CC=C1OCCOC1=CC=CC=C1N,PSDFQEVOCCOOET-UHFFFAOYSA-N,algae_72_96h_ec50,EC50,POP,ABND,Desmodesmus subspicatus,Green Algae,Chlorophyta,Chlorophyceae,Chlorococcales,Scenedesmaceae,Desmodesmus,Algae;Standard Test Species,72.0,FW,24.0,7.3,,,echa_extension_main,dsstox_casrn,unclassified,2.208509900548819e-05,M,2.208509900548819e-05,-4.655900649498602,244.294,2.3088,False,False,2,1,736a8ade-49ad-4751-a75d-d34c2d9b99c2,SNIF-e86edf71-d4e8-387f-92b0-d545e06cbab5_6648d509-b594-4492-b676-54b538968954,https://chem.echa.europa.eu/html-pages-prod/736a8ade-49ad-4751-a75d-d34c2d9b99c2/documents/SNIF-e86edf71-d4e8-387f-92b0-d545e06cbab5_6648d509-b594-4492-b676-54b538968954.html,0.15374743254843,Desmodesmus subspicatus,other: Desmodesmus subspicatus (CHODAT),aquatic algae and cyanobacteria,,[Empty],[Empty],biomass,False,True,,,,,,,,,,,,,,,,,,,,,,,,,,,,,,,,,,,,echa_extension
57374-49-9__algae_72_96h_ec50__Desmodesmus subspicatus,57374-49-9,methyl [3-(acetyloxy)-2-pentylcyclopent-2-en-1-yl]acetate,57374-49-9,,CC(O)=O.CCCCCC1=C(O)CCC1CC(=O)OC,SHOOPCSHVDJLNC-UHFFFAOYNA-N,algae_72_96h_ec50,EC50,POP,ABND,Desmodesmus subspicatus,Green Algae,Chlorophyta,Chlorophyceae,Chlorococcales,Scenedesmaceae,Desmodesmus,Algae;Standard Test Species,72.0,FW,24.0,7.3,,,echa_extension_main,dsstox_casrn,unclassified,7.890707027226394e-05,M,7.890707027226394e-05,-4.102884081167515,286.368,3.442800000000002,False,False,2,1,c3f454c9-b530-4eb3-a379-2e36b21f8fe6,IUC5-04a9d1ee-c904-4fe1-8a5d-fb034e350177_80ac6222-1412-472c-8a23-1979bf13c6c1,https://chem.echa.europa.eu/html-pages-prod/c3f454c9-b530-4eb3-a379-2e36b21f8fe6/documents/IUC5-04a9d1ee-c904-4fe1-8a5d-fb034e350177_80ac6222-1412-472c-8a23-1979bf13c6c1.html,0.1737373536622035,Desmodesmus subspicatus,Desmodesmus subspicatus (previous name: Scenedesmus subspicatus),aquatic algae and cyanobacteria,static,[Empty],[Empty],biomass,False,True,,,,,,,,,,,,,,,,,,,,,,,,,,,,,,,,,,,,echa_extension
57374-49-9__fish_96h_lc50__Oncorhynchus mykiss,57374-49-9,methyl [3-(acetyloxy)-2-pentylcyclopent-2-en-1-yl]acetate,57374-49-9,,CC(O)=O.CCCCCC1=C(O)CCC1CC(=O)OC,SHOOPCSHVDJLNC-UHFFFAOYNA-N,fish_96h_lc50,LC50,MOR,MORT,Oncorhynchus mykiss,Rainbow Trout,Chordata,Actinopterygii,Salmoniformes,Salmonidae,Oncorhynchus,Fish;Standard Test Species;U.S. Threatened and Endangered Species,96.0,FW,13.4,7.55,66.0,,echa_extension_main,dsstox_casrn,unclassified,1.1837914850821316e-05,M,1.1837914850821316e-05,-4.926724788198549,286.368,3.442800000000002,False,False,1,1,c3f454c9-b530-4eb3-a379-2e36b21f8fe6,IUC5-aff3fe72-08ec-4ab4-a28f-e1f6c64ca23e_80ac6222-1412-472c-8a23-1979bf13c6c1,https://chem.echa.europa.eu/html-pages-prod/c3f454c9-b530-4eb3-a379-2e36b21f8fe6/documents/IUC5-aff3fe72-08ec-4ab4-a28f-e1f6c64ca23e_80ac6222-1412-472c-8a23-1979bf13c6c1.html,0.0,Oncorhynchus mykiss,Oncorhynchus mykiss (previous name: Salmo gairdneri),freshwater fish,static,[Empty],[Empty],mortality (fish),True,True,,,,,,,,,,,,,,,,,,,,,,,,,,,,,,,,,,,,echa_extension
596120-00-2__algae_72_96h_ec50__Desmodesmus subspicatus,596120-00-2,"3-(4,4-dimethoxypyrimidin-2-yl)-1-(N-methyl-N-methylsulfonyl-aminosulfonyl)-urea, monosodium salt",596120-00-2,,[Na+].COC1=CC(OC)=NC(NC(=O)[N-]S(=O)(=O)N(C)S(C)(=O)=O)=N1,NKPQZCKCYGHUOZ-UHFFFAOYSA-M,algae_72_96h_ec50,EC50,POP,ABND,Desmodesmus subspicatus,Green Algae,Chlorophyta,Chlorophyceae,Chlorococcales,Scenedesmaceae,Desmodesmus,Algae;Standard Test Species,72.0,FW,24.0,7.3,,,echa_extension_main,dsstox_casrn,unclassified,0.0001200970997828,M,0.0001200970997828,-3.920467480220184,391.35,-3.4603999999999973,False,False,1,1,304668b5-d3d0-4e02-8bd6-97fd0e60150e,e8abd658-4f72-43cb-8c52-bc164871f64a_26d8ee98-77f5-4d49-a222-fc34e5cccaa8,https://chem.echa.europa.eu/html-pages-prod/304668b5-d3d0-4e02-8bd6-97fd0e60150e/documents/e8abd658-4f72-43cb-8c52-bc164871f64a_26d8ee98-77f5-4d49-a222-fc34e5cccaa8.html,0.0,Desmodesmus subspicatus,Desmodesmus subspicatus (previous name: Scenedesmus subspicatus),aquatic algae and cyanobacteria,static,nominal,test mat.,growth rate,False,True,,,,,,,,,,,,,,,,,,,,,,,,,,,,,,,,,,,,echa_extension
596120-00-2__daphnia_48h_ec50__Daphnia magna,596120-00-2,"3-(4,4-dimethoxypyrimidin-2-yl)-1-(N-methyl-N-methylsulfonyl-aminosulfonyl)-urea, monosodium salt",596120-00-2,,[Na+].COC1=CC(OC)=NC(NC(=O)[N-]S(=O)(=O)N(C)S(C)(=O)=O)=N1,NKPQZCKCYGHUOZ-UHFFFAOYSA-M,daphnia_48h_ec50,EC50,ITX,IMBL,Daphnia magna,Water Flea,Arthropoda,Branchiopoda,Diplostraca,Daphniidae,Daphnia,Crustaceans;Standard Test Species,48.0,FW,20.0,7.6,165.7,,echa_extension_main,dsstox_casrn,unclassified,0.0001137017782613,M,0.0001137017782613,-3.944232743025136,391.35,-3.4603999999999973,False,False,2,2,304668b5-d3d0-4e02-8bd6-97fd0e60150e,98dee937-4491-4a01-8625-91fd0802ccca_26d8ee98-77f5-4d49-a222-fc34e5cccaa8; c6f8cbc2-f090-4b3a-bfb8-47aa78a94e87_26d8ee98-77f5-4d49-a222-fc34e5cccaa8,https://chem.echa.europa.eu/html-pages-prod/304668b5-d3d0-4e02-8bd6-97fd0e60150e/documents/98dee937-4491-4a01-8625-91fd0802ccca_26d8ee98-77f5-4d49-a222-fc34e5cccaa8.html; https://chem.echa.europa.eu/html-pages-prod/304668b5-d3d0-4e02-8bd6-97fd0e60150e/documents/c6f8cbc2-f090-4b3a-bfb8-47aa78a94e87_26d8ee98-77f5-4d49-a222-fc34e5cccaa8.html,0.1840601887269577,Daphnia magna,Daphnia magna,freshwater aquatic invertebrates,static,nominal,test mat.,mobility,True,True,,,,,,,,,,,,,,,,,,,,,,,,,,,,,,,,,,,,echa_extension
63675-73-0__algae_72_96h_ec50__Raphidocelis subcapitata,63675-73-0,1-(4-methoxyphenyl)-2-[(3-methoxyphenyl)thio] ethanone,63675-73-0,,COC1=CC=C(C=C1)C(=O)CSC1=CC=CC(OC)=C1,CXSKVBXJDSVPKS-UHFFFAOYSA-N,algae_72_96h_ec50,EC50,POP,ABND,Raphidocelis subcapitata,Green Algae,Chlorophyta,Chlorophyceae,Sphaeropleales,Selenastraceae,Raphidocelis,Algae;Standard Test Species,72.0,FW,24.0,7.5,,,echa_extension_main,dsstox_casrn,unclassified,2.991542838031269e-06,M,2.991542838031269e-06,-5.524104773805592,288.36,3.6788000000000025,False,False,2,1,1689655f-ca16-4e7d-8e75-0376ee914b46,546ef67a-c8da-49df-8147-f772cf937cdc_8b1350a0-f5f6-4d7e-9e4e-a59d67168ad7,https://chem.echa.europa.eu/html-pages-prod/1689655f-ca16-4e7d-8e75-0376ee914b46/documents/546ef67a-c8da-49df-8147-f772cf937cdc_8b1350a0-f5f6-4d7e-9e4e-a59d67168ad7.html,0.2939102545410339,Raphidocelis subcapitata,"Raphidocelis subcapitata (previous names: Pseudokirchneriella subcapitata, Selenastrum capricornutum)",aquatic algae and cyanobacteria,semi-static,[Empty],[Empty],biomass,False,True,,,,,,,,,,,,,,,,,,,,,,,,,,,,,,,,,,,,echa_extension
67859-51-2__algae_72_96h_ec50__Raphidocelis subcapitata,67859-51-2,zinc(2+) ion 2-({2-[(carboxylatomethyl)amino]ethyl}(carboxymethyl)amino)acetate diamine,67859-51-2,,[NH4+].[NH4+].[Zn++].[O-]C(=O)CN(CCN(CC([O-])=O)CC([O-])=O)CC([O-])=O,GWHKVBGPJWLRSZ-UHFFFAOYSA-L,algae_72_96h_ec50,EC50,POP,ABND,Raphidocelis subcapitata,Green Algae,Chlorophyta,Chlorophyceae,Sphaeropleales,Selenastraceae,Raphidocelis,Algae;Standard Test Species,72.0,FW,24.0,7.5,,,echa_extension_main,dsstox_casrn,unclassified,0.0016662817255626,M,0.0016662817255626,-2.7782515686474745,389.67,-6.660099999999997,False,False,1,1,09dbab4e-b300-4aa2-a119-952415f9ecae,IUC5-5e4388f9-c269-4a95-a392-15c354b3aec4_7b1d8c62-0374-4a6d-acde-c70324f6577f,https://chem.echa.europa.eu/html-pages-prod/09dbab4e-b300-4aa2-a119-952415f9ecae/documents/IUC5-5e4388f9-c269-4a95-a392-15c354b3aec4_7b1d8c62-0374-4a6d-acde-c70324f6577f.html,0.0,Raphidocelis subcapitata,"Raphidocelis subcapitata (previous names: Pseudokirchneriella subcapitata, Selenastrum capricornutum)",aquatic algae and cyanobacteria,static,nominal,test mat.,growth rate,False,True,,,,,,,,,,,,,,,,,,,,,,,,,,,,,,,,,,,,echa_extension
68052-51-7__algae_72_96h_ec50__Raphidocelis subcapitata,68052-51-7,"N,N-dibutyl-N-ethylbutan-1-aminium ethyl sulfate",68052-51-7,,CCOS([O-])(=O)=O.CCCC[N+](CC)(CCCC)CCCC,GELDODMEEMXBIV-UHFFFAOYSA-M,algae_72_96h_ec50,EC50,POP,ABND,Raphidocelis subcapitata,Green Algae,Chlorophyta,Chlorophyceae,Sphaeropleales,Selenastraceae,Raphidocelis,Algae;Standard Test Species,72.0,FW,24.0,7.5,,,echa_extension_main,dsstox_casrn,unclassified,1.796548271190434e-05,M,1.796548271190434e-05,-4.745561109308205,339.54,3.706500000000003,False,False,3,1,e96c44ac-df74-41f7-9768-21b08c362cd1,08d018c1-3709-4aff-b2b3-fe1c610c33f1_83ab62d2-d7ac-47d2-a1fa-3435e767daa9,https://chem.echa.europa.eu/html-pages-prod/e96c44ac-df74-41f7-9768-21b08c362cd1/documents/08d018c1-3709-4aff-b2b3-fe1c610c33f1_83ab62d2-d7ac-47d2-a1fa-3435e767daa9.html,0.4304692334989575,Raphidocelis subcapitata,"Raphidocelis subcapitata (previous names: Pseudokirchneriella subcapitata, Selenastrum capricornutum)",aquatic algae and cyanobacteria,static,nominal,other: anion,growth rate,False,True,,,,,,,,,,,,,,,,,,,,,,,,,,,,,,,,,,,,echa_extension
68052-51-7__daphnia_48h_ec50__Daphnia magna,68052-51-7,"N,N-dibutyl-N-ethylbutan-1-aminium ethyl sulfate",68052-51-7,,CCOS([O-])(=O)=O.CCCC[N+](CC)(CCCC)CCCC,GELDODMEEMXBIV-UHFFFAOYSA-M,daphnia_48h_ec50,EC50,ITX,IMBL,Daphnia magna,Water Flea,Arthropoda,Branchiopoda,Diplostraca,Daphniidae,Daphnia,Crustaceans;Standard Test Species,48.0,FW,20.0,7.6,165.7,,echa_extension_main,dsstox_casrn,unclassified,6.184838310655595e-05,M,6.184838310655595e-05,-4.208671649585052,339.54,3.706500000000003,False,False,3,1,e96c44ac-df74-41f7-9768-21b08c362cd1,f48ba8a0-84d3-4a50-a8af-f0a670962e96_83ab62d2-d7ac-47d2-a1fa-3435e767daa9,https://chem.echa.europa.eu/html-pages-prod/e96c44ac-df74-41f7-9768-21b08c362cd1/documents/f48ba8a0-84d3-4a50-a8af-f0a670962e96_83ab62d2-d7ac-47d2-a1fa-3435e767daa9.html,0.417535564735418,Daphnia magna,Daphnia magna,freshwater aquatic invertebrates,static,nominal,other: anion,mobility,True,True,,,,,,,,,,,,,,,,,,,,,,,,,,,,,,,,,,,,echa_extension
68134-38-3__algae_72_96h_ec50__Desmodesmus subspicatus,68134-38-3,"(E)-1,3,3-trimethyl-2-((2-methyl-2-p-tolylhydrazono)methyl)-3H-indolium chloride",68134-38-3,,[Cl-].CN(N=CC1=[N+](C)C2=C(C=CC=C2)C1(C)C)C1=CC=C(C)C=C1,XNBDPEPVMIIATO-UHFFFAOYSA-M,algae_72_96h_ec50,EC50,POP,ABND,Desmodesmus subspicatus,Green Algae,Chlorophyta,Chlorophyceae,Chlorococcales,Scenedesmaceae,Desmodesmus,Algae;Standard Test Species,72.0,FW,24.0,7.3,,,echa_extension_main,dsstox_casrn,unclassified,5.015335263683816e-07,M,5.015335263683816e-07,-6.299700030081024,341.88,1.1272200000000017,False,False,2,1,fa435c1a-c6ca-470c-aa8f-72fb8b237f96,6bdba16d-2dd2-47e4-9ca1-99af7612423d_0ea47474-443f-487b-a404-45fdacfcf619,https://chem.echa.europa.eu/html-pages-prod/fa435c1a-c6ca-470c-aa8f-72fb8b237f96/documents/6bdba16d-2dd2-47e4-9ca1-99af7612423d_0ea47474-443f-487b-a404-45fdacfcf619.html,0.1760912590556804,Desmodesmus subspicatus,Desmodesmus subspicatus (previous name: Scenedesmus subspicatus),aquatic algae and cyanobacteria,static,nominal,test mat.,biomass,False,True,,,,,,,,,,,,,,,,,,,,,,,,,,,,,,,,,,,,echa_extension
69227-51-6__daphnia_48h_ec50__Daphnia magna,69227-51-6,N-ethyl-N-methylpyrrolidinium bromide,69227-51-6,,[Br-].CC[N+]1(C)CCCC1,KHJQQUGSPDBDRM-UHFFFAOYSA-M,daphnia_48h_ec50,EC50,ITX,IMBL,Daphnia magna,Water Flea,Arthropoda,Branchiopoda,Diplostraca,Daphniidae,Daphnia,Crustaceans;Standard Test Species,48.0,FW,20.0,7.6,165.7,,echa_extension_main,dsstox_casrn,unclassified,0.0034000288487296,M,0.0034000288487296,-2.468517398019235,194.116,-1.749299999999998,False,False,1,1,fc2c0493-644e-4c2f-b277-f270fa27f2ee,a458f6ff-8aab-4dad-890f-4375e49512a5_704aabc6-6d29-42ec-889d-95f68b10192e,https://chem.echa.europa.eu/html-pages-prod/fc2c0493-644e-4c2f-b277-f270fa27f2ee/documents/a458f6ff-8aab-4dad-890f-4375e49512a5_704aabc6-6d29-42ec-889d-95f68b10192e.html,0.0,Daphnia magna,Daphnia magna,freshwater aquatic invertebrates,static,nominal,test mat.,mobility,True,True,0.0,3.0,1000.0,3.0,1000.0,0.0,70.0,12.0,,,,,,,,,,,,,,,,,,0.0,0.0,0.0,0.0,,0.25,,,,,echa_extension
69227-51-6__fish_96h_lc50__Oncorhynchus mykiss,69227-51-6,N-ethyl-N-methylpyrrolidinium bromide,69227-51-6,,[Br-].CC[N+]1(C)CCCC1,KHJQQUGSPDBDRM-UHFFFAOYSA-M,fish_96h_lc50,LC50,MOR,MORT,Oncorhynchus mykiss,Rainbow Trout,Chordata,Actinopterygii,Salmoniformes,Salmonidae,Oncorhynchus,Fish;Standard Test Species;U.S. Threatened and Endangered Species,96.0,FW,13.4,7.55,66.0,,echa_extension_main,dsstox_casrn,unclassified,0.0288487296255847,M,0.0288487296255847,-1.5398733065549033,194.116,-1.749299999999998,False,False,1,1,fc2c0493-644e-4c2f-b277-f270fa27f2ee,IUC5-9cd12c78-54fd-4d63-86c9-a245fe2edc2d_704aabc6-6d29-42ec-889d-95f68b10192e,https://chem.echa.europa.eu/html-pages-prod/fc2c0493-644e-4c2f-b277-f270fa27f2ee/documents/IUC5-9cd12c78-54fd-4d63-86c9-a245fe2edc2d_704aabc6-6d29-42ec-889d-95f68b10192e.html,0.0,Oncorhynchus mykiss,Oncorhynchus mykiss (previous name: Salmo gairdneri),freshwater fish,static,meas. (initial),test mat.,mortality (fish),True,True,0.0,3.0,1000.0,3.0,1000.0,0.0,70.0,12.0,,,,,,,,,,,,,,,,,,0.0,0.0,0.0,0.0,,0.25,,,,,echa_extension
70210-10-5__fish_96h_lc50__Oncorhynchus mykiss,70210-10-5,(E)-3-((2-(2-cyanoethoxy)ethyl)(4-((4-nitrophenyl)diazenyl) phenyl)amino)propanenitrile,70210-10-5,,[O-][N+](=O)C1=CC=C(C=C1)N=NC1=CC=C(C=C1)N(CCOCCC#N)CCC#N,PNWYPUYECVECFF-UHFFFAOYSA-N,fish_96h_lc50,LC50,MOR,MORT,Oncorhynchus mykiss,Rainbow Trout,Chordata,Actinopterygii,Salmoniformes,Salmonidae,Oncorhynchus,Fish;Standard Test Species;U.S. Threatened and Endangered Species,96.0,FW,13.4,7.55,66.0,,echa_extension_main,dsstox_casrn,unclassified,0.0028133194366225,M,0.0028133194366225,-2.5507809533356065,392.419,4.660560000000005,False,False,1,1,f82e6872-a74b-4fa8-9fb8-0a5c1b5b6a17,IUC5-4fb447ce-c0e4-4930-a16c-44bea93e35d7_dae324fd-4712-47ca-8f23-d1263cd56e64,https://chem.echa.europa.eu/html-pages-prod/f82e6872-a74b-4fa8-9fb8-0a5c1b5b6a17/documents/IUC5-4fb447ce-c0e4-4930-a16c-44bea93e35d7_dae324fd-4712-47ca-8f23-d1263cd56e64.html,0.0,Oncorhynchus mykiss,Oncorhynchus mykiss (previous name: Salmo gairdneri),freshwater fish,semi-static,nominal,test mat.,mortality (fish),True,True,,,,,,,,,,,,,,,,,,,,,,,,,,,,,,,,,,,,echa_extension
70528-90-4__daphnia_48h_ec50__Daphnia magna,70528-90-4,"5-[(4-chloro-2-nitrophenyl)diazenyl]-1-ethyl-6-hydroxy-4-methyl-2-oxo-1,2-dihydropyridine-3-carbonitrile",70528-90-4,,CCN1C(O)=C(N=NC2=C(C=C(Cl)C=C2)[N+]([O-])=O)C(C)=C(C#N)C1=O,BBVOMHRLNCRXRH-UHFFFAOYSA-N,daphnia_48h_ec50,EC50,ITX,IMBL,Daphnia magna,Water Flea,Arthropoda,Branchiopoda,Diplostraca,Daphniidae,Daphnia,Crustaceans;Standard Test Species,48.0,FW,20.0,7.6,165.7,,echa_extension_main,dsstox_casrn,unclassified,1.2439873942610722e-06,M,1.2439873942610722e-06,-5.905184020473652,361.74,3.7309000000000023,False,False,1,1,9ce10f9f-e362-4b58-a820-2251c1aec763,IUC5-99a8f323-f6e9-448b-ab86-213b88726c17_021d04ae-ffb2-42c8-a9c4-7fab31802cd6,https://chem.echa.europa.eu/html-pages-prod/9ce10f9f-e362-4b58-a820-2251c1aec763/documents/IUC5-99a8f323-f6e9-448b-ab86-213b88726c17_021d04ae-ffb2-42c8-a9c4-7fab31802cd6.html,0.0,Daphnia magna,Daphnia magna,freshwater aquatic invertebrates,static,nominal,test mat.,mobility,True,True,,,,,,,,,,,,,,,,,,,,,,,,,,,,,,,,,,,,echa_extension
70528-90-4__fish_96h_lc50__Danio rerio,70528-90-4,"5-[(4-chloro-2-nitrophenyl)diazenyl]-1-ethyl-6-hydroxy-4-methyl-2-oxo-1,2-dihydropyridine-3-carbonitrile",70528-90-4,,CCN1C(O)=C(N=NC2=C(C=C(Cl)C=C2)[N+]([O-])=O)C(C)=C(C#N)C1=O,BBVOMHRLNCRXRH-UHFFFAOYSA-N,fish_96h_lc50,LC50,MOR,MORT,Danio rerio,Zebra Danio,Chordata,Actinopterygii,Cypriniformes,Cyprinidae,Danio,Fish;Standard Test Species,96.0,FW/,26.0,7.4,37.0,,echa_extension_main,dsstox_casrn,unclassified,0.0012782385138497,M,0.0012782385138497,-2.893388101119786,361.74,3.7309000000000023,False,False,1,1,9ce10f9f-e362-4b58-a820-2251c1aec763,IUC5-0542597a-353c-4f1e-9ff6-f993c7d80204_021d04ae-ffb2-42c8-a9c4-7fab31802cd6,https://chem.echa.europa.eu/html-pages-prod/9ce10f9f-e362-4b58-a820-2251c1aec763/documents/IUC5-0542597a-353c-4f1e-9ff6-f993c7d80204_021d04ae-ffb2-42c8-a9c4-7fab31802cd6.html,0.0,Danio rerio,Danio rerio (previous name: Brachydanio rerio),freshwater fish,static,nominal,test mat.,mortality (fish),True,False,,,,,,,,,,,,,,,,,,,,,,,,,,,,,,,,,,,,echa_extension
72388-18-2__daphnia_48h_ec50__Daphnia magna,72388-18-2,2-dodecylhexadecan-1-ol,72388-18-2,,CCCCCCCCCCCCCCC(CO)CCCCCCCCCCCC,DEMBLPGWNXUBIQ-UHFFFAOYNA-N,daphnia_48h_ec50,EC50,ITX,IMBL,Daphnia magna,Water Flea,Arthropoda,Branchiopoda,Diplostraca,Daphniidae,Daphnia,Crustaceans;Standard Test Species,48.0,FW,20.0,7.6,165.7,,echa_extension_main,dsstox_casrn,unclassified,3.408225020753655e-07,M,3.408225020753655e-07,-6.467471739596211,410.771,9.997099999999996,False,False,1,1,af29ff1b-04f9-40af-8b29-72817b1a7fb2,5256028b-5fc8-4539-a3e1-98ac28fa6b6e_b1274af2-d0a6-4587-919d-3d28434dda91,https://chem.echa.europa.eu/html-pages-prod/af29ff1b-04f9-40af-8b29-72817b1a7fb2/documents/5256028b-5fc8-4539-a3e1-98ac28fa6b6e_b1274af2-d0a6-4587-919d-3d28434dda91.html,0.0,Daphnia magna,Daphnia magna,freshwater aquatic invertebrates,static,nominal,test mat.,[Empty],True,True,,,,,,,,,,,,,,,,,,,,,,,,,,,,,,,,,,,,echa_extension
72388-18-2__fish_96h_lc50__Oncorhynchus mykiss,72388-18-2,2-dodecylhexadecan-1-ol,72388-18-2,,CCCCCCCCCCCCCCC(CO)CCCCCCCCCCCC,DEMBLPGWNXUBIQ-UHFFFAOYNA-N,fish_96h_lc50,LC50,MOR,MORT,Oncorhynchus mykiss,Rainbow Trout,Chordata,Actinopterygii,Salmoniformes,Salmonidae,Oncorhynchus,Fish;Standard Test Species;U.S. Threatened and Endangered Species,96.0,FW,13.4,7.55,66.0,,echa_extension_main,dsstox_casrn,unclassified,1.2508412306287572e-06,M,1.2508412306287572e-06,-5.902797811839533,410.771,9.997099999999996,False,False,2,1,af29ff1b-04f9-40af-8b29-72817b1a7fb2,8265ffd0-30ec-4534-883d-f19678ce6841_b1274af2-d0a6-4587-919d-3d28434dda91,https://chem.echa.europa.eu/html-pages-prod/af29ff1b-04f9-40af-8b29-72817b1a7fb2/documents/8265ffd0-30ec-4534-883d-f19678ce6841_b1274af2-d0a6-4587-919d-3d28434dda91.html,0.0591214521186564,Oncorhynchus mykiss,Oncorhynchus mykiss (previous name: Salmo gairdneri),freshwater fish,semi-static,meas. (geom. mean),act. ingr.,mortality (fish),True,True,,,,,,,,,,,,,,,,,,,,,,,,,,,,,,,,,,,,echa_extension
79-21-0__algae_72_96h_ec50__Desmodesmus subspicatus,79-21-0,ethaneperoxoic acid,79-21-0,,CC(=O)OO,KFSLWBXXFJQRDL-UHFFFAOYSA-N,algae_72_96h_ec50,EC50,POP,ABND,Desmodesmus subspicatus,Green Algae,Chlorophyta,Chlorophyceae,Chlorococcales,Scenedesmaceae,Desmodesmus,Algae;Standard Test Species,72.0,FW,24.0,7.3,,,echa_extension_main,dsstox_casrn,unclassified,1.4307736133631831e-05,M,1.4307736133631831e-05,-4.844429077802097,76.051,0.0224999999999999,False,False,2,1,7b9371d6-45a6-4d89-bc33-c83e8959d198,IUC5-1e0faf67-040f-47a5-9bf6-4dd7519bae1c_f21a71a0-d46d-4576-b7c4-164b49ca014a,https://chem.echa.europa.eu/html-pages-prod/7b9371d6-45a6-4d89-bc33-c83e8959d198/documents/IUC5-1e0faf67-040f-47a5-9bf6-4dd7519bae1c_f21a71a0-d46d-4576-b7c4-164b49ca014a.html,0.3348882629249496,Desmodesmus subspicatus,Desmodesmus subspicatus (previous name: Scenedesmus subspicatus),aquatic algae and cyanobacteria,static,nominal,act. ingr.,biomass,False,True,0.0,3.0,1000.0,3.0,1000.0,0.0,14.0,13.0,,,,,,,,,,,,,,,,,,0.0,0.0,0.0,0.0,0.0,0.0,,,,,echa_extension
79-21-0__algae_72_96h_ec50__Raphidocelis subcapitata,79-21-0,ethaneperoxoic acid,79-21-0,,CC(=O)OO,KFSLWBXXFJQRDL-UHFFFAOYSA-N,algae_72_96h_ec50,EC50,POP,ABND,Raphidocelis subcapitata,Green Algae,Chlorophyta,Chlorophyceae,Sphaeropleales,Selenastraceae,Raphidocelis,Algae;Standard Test Species,72.0,FW,24.0,7.5,,,echa_extension_main,dsstox_casrn,unclassified,4.877578727693628e-06,M,4.877578727693628e-06,-5.311795712045801,76.051,0.0224999999999999,False,False,2,2,7b9371d6-45a6-4d89-bc33-c83e8959d198,IUC5-2c8830f1-4e59-401c-87f3-bec0236aec6b_f21a71a0-d46d-4576-b7c4-164b49ca014a; IUC5-7c522340-0d18-4cac-96d3-48402358922a_f21a71a0-d46d-4576-b7c4-164b49ca014a,https://chem.echa.europa.eu/html-pages-prod/7b9371d6-45a6-4d89-bc33-c83e8959d198/documents/IUC5-2c8830f1-4e59-401c-87f3-bec0236aec6b_f21a71a0-d46d-4576-b7c4-164b49ca014a.html; https://chem.echa.europa.eu/html-pages-prod/7b9371d6-45a6-4d89-bc33-c83e8959d198/documents/IUC5-7c522340-0d18-4cac-96d3-48402358922a_f21a71a0-d46d-4576-b7c4-164b49ca014a.html,0.7303784685876433,Raphidocelis subcapitata,"Raphidocelis subcapitata (previous names: Pseudokirchneriella subcapitata, Selenastrum capricornutum)",aquatic algae and cyanobacteria,static,meas. (initial),"act. ingr. (15% PAA, 23.2% H2O2 in product)",growth rate,False,True,0.0,3.0,1000.0,3.0,1000.0,0.0,14.0,13.0,,,,,,,,,,,,,,,,,,0.0,0.0,0.0,0.0,0.0,0.0,,,,,echa_extension
79-21-0__daphnia_48h_ec50__Daphnia magna,79-21-0,ethaneperoxoic acid,79-21-0,,CC(=O)OO,KFSLWBXXFJQRDL-UHFFFAOYSA-N,daphnia_48h_ec50,EC50,ITX,IMBL,Daphnia magna,Water Flea,Arthropoda,Branchiopoda,Diplostraca,Daphniidae,Daphnia,Crustaceans;Standard Test Species,48.0,FW,20.0,7.6,165.7,,echa_extension_main,dsstox_casrn,unclassified,7.944041481107805e-06,M,7.944041481107805e-06,-5.099958496767309,76.051,0.0224999999999999,False,False,4,4,7b9371d6-45a6-4d89-bc33-c83e8959d198,IUC5-34074314-db77-499e-84af-7fbaf1872489_f21a71a0-d46d-4576-b7c4-164b49ca014a; IUC5-38620c6a-f0ac-45f0-92d6-05f27432c2f9_f21a71a0-d46d-4576-b7c4-164b49ca014a; IUC5-710e1ad6-dc56-4536-9507-be1b343fccb4_f21a71a0-d46d-4576-b7c4-164b49ca014a; IUC5-c0f0c46c-aa65-4d67-b68b-b569a3f6809d_f21a71a0-d46d-4576-b7c4-164b49ca014a,https://chem.echa.europa.eu/html-pages-prod/7b9371d6-45a6-4d89-bc33-c83e8959d198/documents/IUC5-34074314-db77-499e-84af-7fbaf1872489_f21a71a0-d46d-4576-b7c4-164b49ca014a.html; https://chem.echa.europa.eu/html-pages-prod/7b9371d6-45a6-4d89-bc33-c83e8959d198/documents/IUC5-38620c6a-f0ac-45f0-92d6-05f27432c2f9_f21a71a0-d46d-4576-b7c4-164b49ca014a.html; https://chem.echa.europa.eu/html-pages-prod/7b9371d6-45a6-4d89-bc33-c83e8959d198/documents/IUC5-710e1ad6-dc56-4536-9507-be1b343fccb4_f21a71a0-d46d-4576-b7c4-164b49ca014a.html; https://chem.echa.europa.eu/html-pages-prod/7b9371d6-45a6-4d89-bc33-c83e8959d198/documents/IUC5-c0f0c46c-aa65-4d67-b68b-b569a3f6809d_f21a71a0-d46d-4576-b7c4-164b49ca014a.html,0.6065604925546388,Daphnia magna,Daphnia magna,freshwater aquatic invertebrates,static,nominal,"act. ingr. (15% PAA, 14% H2O2 in product)",mobility,True,True,0.0,3.0,1000.0,3.0,1000.0,0.0,14.0,13.0,,,,,,,,,,,,,,,,,,0.0,0.0,0.0,0.0,0.0,0.0,,,,,echa_extension
79-21-0__fish_96h_lc50__Danio rerio,79-21-0,ethaneperoxoic acid,79-21-0,,CC(=O)OO,KFSLWBXXFJQRDL-UHFFFAOYSA-N,fish_96h_lc50,LC50,MOR,MORT,Danio rerio,Zebra Danio,Chordata,Actinopterygii,Cypriniformes,Cyprinidae,Danio,Fish;Standard Test Species,96.0,FW/,26.0,7.4,37.0,,echa_extension_main,dsstox_casrn,unclassified,1.3664915445442216e-05,M,1.3664915445442216e-05,-4.8643930512520726,76.051,0.0224999999999999,False,False,2,2,7b9371d6-45a6-4d89-bc33-c83e8959d198,IUC5-119147fc-d07e-4bce-a996-9923fc2cd18d_f21a71a0-d46d-4576-b7c4-164b49ca014a; IUC5-ff12dc18-8f91-4df0-8524-961552bb59c3_f21a71a0-d46d-4576-b7c4-164b49ca014a,https://chem.echa.europa.eu/html-pages-prod/7b9371d6-45a6-4d89-bc33-c83e8959d198/documents/IUC5-119147fc-d07e-4bce-a996-9923fc2cd18d_f21a71a0-d46d-4576-b7c4-164b49ca014a.html; https://chem.echa.europa.eu/html-pages-prod/7b9371d6-45a6-4d89-bc33-c83e8959d198/documents/IUC5-ff12dc18-8f91-4df0-8524-961552bb59c3_f21a71a0-d46d-4576-b7c4-164b49ca014a.html,0.0334237554869494,Danio rerio,Danio rerio (previous name: Brachydanio rerio),freshwater fish,semi-static,meas. (not specified),act. ingr.,[Empty],True,False,0.0,3.0,1000.0,3.0,1000.0,0.0,14.0,13.0,,,,,,,,,,,,,,,,,,0.0,0.0,0.0,0.0,0.0,0.0,,,,,echa_extension
79-21-0__fish_96h_lc50__Lepomis macrochirus,79-21-0,ethaneperoxoic acid,79-21-0,,CC(=O)OO,KFSLWBXXFJQRDL-UHFFFAOYSA-N,fish_96h_lc50,LC50,MOR,MORT,Lepomis macrochirus,Bluegill,Chordata,Actinopterygii,Perciformes,Centrarchidae,Lepomis,Fish;Standard Test Species,96.0,FW,23.0,7.83,21.0,,echa_extension_main,dsstox_casrn,unclassified,1.5107132441488018e-05,M,1.5107132441488018e-05,-4.820817963392623,76.051,0.0224999999999999,False,False,4,2,7b9371d6-45a6-4d89-bc33-c83e8959d198,IUC5-e0995c87-4436-4e81-baa1-43fe639bc4b0_f21a71a0-d46d-4576-b7c4-164b49ca014a; IUC5-ee86819c-b91b-4e49-86ce-8af86aa160a7_f21a71a0-d46d-4576-b7c4-164b49ca014a,https://chem.echa.europa.eu/html-pages-prod/7b9371d6-45a6-4d89-bc33-c83e8959d198/documents/IUC5-e0995c87-4436-4e81-baa1-43fe639bc4b0_f21a71a0-d46d-4576-b7c4-164b49ca014a.html; https://chem.echa.europa.eu/html-pages-prod/7b9371d6-45a6-4d89-bc33-c83e8959d198/documents/IUC5-ee86819c-b91b-4e49-86ce-8af86aa160a7_f21a71a0-d46d-4576-b7c4-164b49ca014a.html,2.522878745280338,Lepomis macrochirus,Lepomis macrochirus,freshwater fish,semi-static,meas. (arithm. mean),act. ingr.,mortality (fish),True,True,0.0,3.0,1000.0,3.0,1000.0,0.0,14.0,13.0,,,,,,,,,,,,,,,,,,0.0,0.0,0.0,0.0,0.0,0.0,,,,,echa_extension
79-21-0__fish_96h_lc50__Oncorhynchus mykiss,79-21-0,ethaneperoxoic acid,79-21-0,,CC(=O)OO,KFSLWBXXFJQRDL-UHFFFAOYSA-N,fish_96h_lc50,LC50,MOR,MORT,Oncorhynchus mykiss,Rainbow Trout,Chordata,Actinopterygii,Salmoniformes,Salmonidae,Oncorhynchus,Fish;Standard Test Species;U.S. Threatened and Endangered Species,96.0,FW,13.4,7.55,66.0,,echa_extension_main,dsstox_casrn,unclassified,1.3149071018132582e-05,M,1.3149071018132582e-05,-4.881104928995547,76.051,0.0224999999999999,False,False,5,4,7b9371d6-45a6-4d89-bc33-c83e8959d198,IUC5-3afa9460-2516-484a-b8b5-5cb3ed7a6e8a_f21a71a0-d46d-4576-b7c4-164b49ca014a; IUC5-4fbdac24-fcda-493d-abd8-d812e490fe82_f21a71a0-d46d-4576-b7c4-164b49ca014a; IUC5-9111ce3e-62d1-4e3a-b642-94b04a5da54f_f21a71a0-d46d-4576-b7c4-164b49ca014a; IUC5-b1ef7f98-5201-4214-81a4-032894d2664d_f21a71a0-d46d-4576-b7c4-164b49ca014a,https://chem.echa.europa.eu/html-pages-prod/7b9371d6-45a6-4d89-bc33-c83e8959d198/documents/IUC5-3afa9460-2516-484a-b8b5-5cb3ed7a6e8a_f21a71a0-d46d-4576-b7c4-164b49ca014a.html; https://chem.echa.europa.eu/html-pages-prod/7b9371d6-45a6-4d89-bc33-c83e8959d198/documents/IUC5-4fbdac24-fcda-493d-abd8-d812e490fe82_f21a71a0-d46d-4576-b7c4-164b49ca014a.html; https://chem.echa.europa.eu/html-pages-prod/7b9371d6-45a6-4d89-bc33-c83e8959d198/documents/IUC5-9111ce3e-62d1-4e3a-b642-94b04a5da54f_f21a71a0-d46d-4576-b7c4-164b49ca014a.html; https://chem.echa.europa.eu/html-pages-prod/7b9371d6-45a6-4d89-bc33-c83e8959d198/documents/IUC5-b1ef7f98-5201-4214-81a4-032894d2664d_f21a71a0-d46d-4576-b7c4-164b49ca014a.html,2.439332693830263,Oncorhynchus mykiss,Oncorhynchus mykiss (previous name: Salmo gairdneri),freshwater fish,static,nominal,act. ingr.,mortality (fish),True,True,0.0,3.0,1000.0,3.0,1000.0,0.0,14.0,13.0,,,,,,,,,,,,,,,,,,0.0,0.0,0.0,0.0,0.0,0.0,,,,,echa_extension
89392-03-0__fish_96h_lc50__Oncorhynchus mykiss,89392-03-0,"Phenyl N-(4,6-dimethoxypyrimidin-2-yl)carbamate",89392-03-0,,COC1=CC(OC)=NC(NC(=O)OC2=CC=CC=C2)=N1,MESPVSMSORHLAX-UHFFFAOYSA-N,fish_96h_lc50,LC50,MOR,MORT,Oncorhynchus mykiss,Rainbow Trout,Chordata,Actinopterygii,Salmoniformes,Salmonidae,Oncorhynchus,Fish;Standard Test Species;U.S. Threatened and Endangered Species,96.0,FW,13.4,7.55,66.0,,echa_extension_main,dsstox_casrn,unclassified,6.422078270192861e-05,M,6.422078270192861e-05,-4.192324405697932,275.264,2.1047,False,False,2,1,7d32114e-0ecc-4207-9321-ae2eb2035c89,IUC5-66c64b83-abf2-43f0-b34a-7fcf5f3e829f_5ec91fa0-a3a9-40f5-a35d-c9397fc87ce9,https://chem.echa.europa.eu/html-pages-prod/7d32114e-0ecc-4207-9321-ae2eb2035c89/documents/IUC5-66c64b83-abf2-43f0-b34a-7fcf5f3e829f_5ec91fa0-a3a9-40f5-a35d-c9397fc87ce9.html,0.3010299956639812,Oncorhynchus mykiss,Oncorhynchus mykiss (previous name: Salmo gairdneri),freshwater fish,flow-through,meas. (arithm. mean),test mat.,mortality (fish),True,True,,,,,,,,,,,,,,,,,,,,,,,,,,,,,,,,,,,,echa_extension
93918-10-6__algae_72_96h_ec50__Raphidocelis subcapitata,93918-10-6,"potassium 3,5,5-trimethylhexanoate",93918-10-6,,[K+].CC(CC([O-])=O)CC(C)(C)C,PMTWGKHDSHSGIL-UHFFFAOYNA-M,algae_72_96h_ec50,EC50,POP,ABND,Raphidocelis subcapitata,Green Algae,Chlorophyta,Chlorophyceae,Sphaeropleales,Selenastraceae,Raphidocelis,Algae;Standard Test Species,72.0,FW,24.0,7.5,,,echa_extension_main,dsstox_casrn,unclassified,0.0009670912897097,M,0.0009670912897097,-3.0145325282480377,196.331,-1.7972999999999977,False,False,1,1,b282c44b-88e2-4e8a-b11f-33ce04f99616,37252fb6-f30f-42a3-9373-be1a492cd294_bf9177cb-3a9d-4a57-a754-42c1f0e28113,https://chem.echa.europa.eu/html-pages-prod/b282c44b-88e2-4e8a-b11f-33ce04f99616/documents/37252fb6-f30f-42a3-9373-be1a492cd294_bf9177cb-3a9d-4a57-a754-42c1f0e28113.html,0.0,Raphidocelis subcapitata,"Raphidocelis subcapitata (previous names: Pseudokirchneriella subcapitata, Selenastrum capricornutum)",aquatic algae and cyanobacteria,static,nominal,test mat. (total fraction),biomass,False,True,,,,,,,,,,,,,,,,,,,,,,,,,,,,,,,,,,,,echa_extension
93951-21-4__algae_72_96h_ec50__Desmodesmus subspicatus,93951-21-4,"tetrasodium 4-amino-5-hydroxy-6-[(2-methoxy-5-{[2-(sulfonatooxy)ethyl]sulfonyl}phenyl)diazenyl]-3-[(4-{[2-(sulfonatooxy)ethyl]sulfonyl}phenyl)diazenyl]naphthalene-2,7-disulfonate",93951-21-4,,[Na+].[Na+].[Na+].[Na+].COC1=CC=C(C=C1N=NC1=C(O)C2=C(N)C(N=NC3=CC=C(C=C3)S(=O)(=O)CCOS([O-])(=O)=O)=C(C=C2C=C1S([O-])(=O)=O)S([O-])(=O)=O)S(=O)(=O)CCOS([O-])(=O)=O,GJPONJURWYSMLN-UHFFFAOYSA-J,algae_72_96h_ec50,EC50,POP,ABND,Desmodesmus subspicatus,Green Algae,Chlorophyta,Chlorophyceae,Chlorococcales,Scenedesmaceae,Desmodesmus,Algae;Standard Test Species,72.0,FW,24.0,7.3,,,echa_extension_main,dsstox_casrn,unclassified,1.5937212413788944e-05,M,1.5937212413788944e-05,-4.797587638973744,1021.82,-10.707800000000018,False,False,4,1,bd36c939-cb56-4cd8-9f31-cb82131242ef,IUC5-cafacf6c-4a97-444b-b132-7dcb9770d88a_ffdad1a8-9598-41e6-9c48-6d0a64626aa2,https://chem.echa.europa.eu/html-pages-prod/bd36c939-cb56-4cd8-9f31-cb82131242ef/documents/IUC5-cafacf6c-4a97-444b-b132-7dcb9770d88a_ffdad1a8-9598-41e6-9c48-6d0a64626aa2.html,0.4896649275839868,Desmodesmus subspicatus,Desmodesmus subspicatus (previous name: Scenedesmus subspicatus),aquatic algae and cyanobacteria,static,nominal,test mat.,biomass - Experimental part B,False,True,,,,,,,,,,,,,,,,,,,,,,,,,,,,,,,,,,,,echa_extension
93951-21-4__daphnia_48h_ec50__Daphnia magna,93951-21-4,"tetrasodium 4-amino-5-hydroxy-6-[(2-methoxy-5-{[2-(sulfonatooxy)ethyl]sulfonyl}phenyl)diazenyl]-3-[(4-{[2-(sulfonatooxy)ethyl]sulfonyl}phenyl)diazenyl]naphthalene-2,7-disulfonate",93951-21-4,,[Na+].[Na+].[Na+].[Na+].COC1=CC=C(C=C1N=NC1=C(O)C2=C(N)C(N=NC3=CC=C(C=C3)S(=O)(=O)CCOS([O-])(=O)=O)=C(C=C2C=C1S([O-])(=O)=O)S([O-])(=O)=O)S(=O)(=O)CCOS([O-])(=O)=O,GJPONJURWYSMLN-UHFFFAOYSA-J,daphnia_48h_ec50,EC50,ITX,IMBL,Daphnia magna,Water Flea,Arthropoda,Branchiopoda,Diplostraca,Daphniidae,Daphnia,Crustaceans;Standard Test Species,48.0,FW,20.0,7.6,165.7,,echa_extension_main,dsstox_casrn,unclassified,0.0007320271672114,M,0.0007320271672114,-3.1354728009756503,1021.82,-10.707800000000018,False,False,1,1,bd36c939-cb56-4cd8-9f31-cb82131242ef,IUC5-fcf910f1-40ce-4df9-a260-c56d0e1e6230_ffdad1a8-9598-41e6-9c48-6d0a64626aa2,https://chem.echa.europa.eu/html-pages-prod/bd36c939-cb56-4cd8-9f31-cb82131242ef/documents/IUC5-fcf910f1-40ce-4df9-a260-c56d0e1e6230_ffdad1a8-9598-41e6-9c48-6d0a64626aa2.html,0.0,Daphnia magna,Daphnia magna,freshwater aquatic invertebrates,semi-static,nominal,test mat.,mobility,True,True,,,,,,,,,,,,,,,,,,,,,,,,,,,,,,,,,,,,echa_extension
93951-21-4__fish_96h_lc50__Danio rerio,93951-21-4,"tetrasodium 4-amino-5-hydroxy-6-[(2-methoxy-5-{[2-(sulfonatooxy)ethyl]sulfonyl}phenyl)diazenyl]-3-[(4-{[2-(sulfonatooxy)ethyl]sulfonyl}phenyl)diazenyl]naphthalene-2,7-disulfonate",93951-21-4,,[Na+].[Na+].[Na+].[Na+].COC1=CC=C(C=C1N=NC1=C(O)C2=C(N)C(N=NC3=CC=C(C=C3)S(=O)(=O)CCOS([O-])(=O)=O)=C(C=C2C=C1S([O-])(=O)=O)S([O-])(=O)=O)S(=O)(=O)CCOS([O-])(=O)=O,GJPONJURWYSMLN-UHFFFAOYSA-J,fish_96h_lc50,LC50,MOR,MORT,Danio rerio,Zebra Danio,Chordata,Actinopterygii,Cypriniformes,Cyprinidae,Danio,Fish;Standard Test Species,96.0,FW/,26.0,7.4,37.0,,echa_extension_main,dsstox_casrn,unclassified,0.0017396410326672,M,0.0017396410326672,-2.75954035724332,1021.82,-10.707800000000018,False,False,1,1,bd36c939-cb56-4cd8-9f31-cb82131242ef,IUC5-98a965f5-9f87-481c-947a-9b4c2dea63f4_ffdad1a8-9598-41e6-9c48-6d0a64626aa2,https://chem.echa.europa.eu/html-pages-prod/bd36c939-cb56-4cd8-9f31-cb82131242ef/documents/IUC5-98a965f5-9f87-481c-947a-9b4c2dea63f4_ffdad1a8-9598-41e6-9c48-6d0a64626aa2.html,0.0,Danio rerio,Danio rerio (previous name: Brachydanio rerio),freshwater fish,static,nominal,test mat.,mortality (fish),True,False,,,,,,,,,,,,,,,,,,,,,,,,,,,,,,,,,,,,echa_extension
94317-64-3__algae_72_96h_ec50__Raphidocelis subcapitata,94317-64-3,N-butylphosphorothioic triamide,94317-64-3,,CCCCNP(N)(N)=S,HEPPIYNOUFWEPP-UHFFFAOYSA-N,algae_72_96h_ec50,EC50,POP,ABND,Raphidocelis subcapitata,Green Algae,Chlorophyta,Chlorophyceae,Sphaeropleales,Selenastraceae,Raphidocelis,Algae;Standard Test Species,96.0,FW,24.0,7.5,,,echa_extension_main,dsstox_casrn,unclassified,0.0016745409963518,M,0.0016745409963518,-2.776104215534412,167.21,0.518,False,False,1,1,35f0309d-e0a3-45ac-94e0-8526dc75ca95,IUC5-72fd74c3-bb88-4d09-9f90-473c282bded8_7dc294a2-6806-46db-a56d-47d86494d2fe,https://chem.echa.europa.eu/html-pages-prod/35f0309d-e0a3-45ac-94e0-8526dc75ca95/documents/IUC5-72fd74c3-bb88-4d09-9f90-473c282bded8_7dc294a2-6806-46db-a56d-47d86494d2fe.html,0.0,Raphidocelis subcapitata,"Raphidocelis subcapitata (previous names: Pseudokirchneriella subcapitata, Selenastrum capricornutum)",aquatic algae and cyanobacteria,static,nominal,test mat.,growth rate,False,True,0.0,3.0,1000.0,3.0,1000.0,0.0,71.0,12.0,,,,,,,,,,,,,,,,,,0.0,0.0,0.0,,0.0,0.25,,,,,echa_extension
94317-64-3__daphnia_48h_ec50__Daphnia magna,94317-64-3,N-butylphosphorothioic triamide,94317-64-3,,CCCCNP(N)(N)=S,HEPPIYNOUFWEPP-UHFFFAOYSA-N,daphnia_48h_ec50,EC50,ITX,IMBL,Daphnia magna,Water Flea,Arthropoda,Branchiopoda,Diplostraca,Daphniidae,Daphnia,Crustaceans;Standard Test Species,48.0,FW,20.0,7.6,165.7,,echa_extension_main,dsstox_casrn,unclassified,0.0017343460319358,M,0.0017343460319358,-2.7608642489776747,167.21,0.518,False,False,1,1,35f0309d-e0a3-45ac-94e0-8526dc75ca95,IUC5-d88f6801-804e-42d6-ac8a-ec79d9258866_7dc294a2-6806-46db-a56d-47d86494d2fe,https://chem.echa.europa.eu/html-pages-prod/35f0309d-e0a3-45ac-94e0-8526dc75ca95/documents/IUC5-d88f6801-804e-42d6-ac8a-ec79d9258866_7dc294a2-6806-46db-a56d-47d86494d2fe.html,0.0,Daphnia magna,Daphnia magna,freshwater aquatic invertebrates,static,nominal,test mat.,mobility,True,True,0.0,3.0,1000.0,3.0,1000.0,0.0,71.0,12.0,,,,,,,,,,,,,,,,,,0.0,0.0,0.0,,0.0,0.25,,,,,echa_extension
94317-64-3__fish_96h_lc50__Lepomis macrochirus,94317-64-3,N-butylphosphorothioic triamide,94317-64-3,,CCCCNP(N)(N)=S,HEPPIYNOUFWEPP-UHFFFAOYSA-N,fish_96h_lc50,LC50,MOR,MORT,Lepomis macrochirus,Bluegill,Chordata,Actinopterygii,Perciformes,Centrarchidae,Lepomis,Fish;Standard Test Species,96.0,FW,23.0,7.83,21.0,,echa_extension_main,dsstox_casrn,unclassified,0.0068177740565755,M,0.0068177740565755,-2.166357395540158,167.21,0.518,False,False,1,1,35f0309d-e0a3-45ac-94e0-8526dc75ca95,IUC5-dd92b526-0335-47a7-8e7e-7b66c89ee6f2_7dc294a2-6806-46db-a56d-47d86494d2fe,https://chem.echa.europa.eu/html-pages-prod/35f0309d-e0a3-45ac-94e0-8526dc75ca95/documents/IUC5-dd92b526-0335-47a7-8e7e-7b66c89ee6f2_7dc294a2-6806-46db-a56d-47d86494d2fe.html,0.0,Lepomis macrochirus,Lepomis macrochirus,freshwater fish,static,nominal,test mat.,mortality (fish),True,True,0.0,3.0,1000.0,3.0,1000.0,0.0,71.0,12.0,,,,,,,,,,,,,,,,,,0.0,0.0,0.0,,0.0,0.25,,,,,echa_extension
97398-80-6__fish_96h_lc50__Danio rerio,97398-80-6,"4-trans-Methoxy-4-trans-propyl-[1,1-bicyclohexyl]",97398-80-6,,[H][C@@]1(CC[C@H](CCC)CC1)[C@@]1([H])CC[C@@H](CC1)OC,JMOYCPSDEMHCFG-BIAGXBKMNA-N,fish_96h_lc50,LC50,MOR,MORT,Danio rerio,Zebra Danio,Chordata,Actinopterygii,Cypriniformes,Cyprinidae,Danio,Fish;Standard Test Species,96.0,FW/,26.0,7.4,37.0,,echa_extension_main,dsstox_casrn,unclassified,9.22760732336473e-06,M,9.22760732336473e-06,-5.034910894961996,238.415,4.798100000000004,False,False,1,1,14b0f332-5676-424c-9dda-ff253668c1d0,IUC5-fe17ada0-5783-431d-b262-76aa3af82d15_992e5e15-2439-4674-93a4-5b91fe1b8261,https://chem.echa.europa.eu/html-pages-prod/14b0f332-5676-424c-9dda-ff253668c1d0/documents/IUC5-fe17ada0-5783-431d-b262-76aa3af82d15_992e5e15-2439-4674-93a4-5b91fe1b8261.html,0.0,Danio rerio,Danio rerio (previous name: Brachydanio rerio),freshwater fish,static,meas. (initial),test mat.,mortality (fish),True,False,,,,,,,,,,,,,,,,,,,,,,,,,,,,,,,,,,,,echa_extension
