case_id,chemical_id,chemical_name,casrn,dtxsid,smiles,inchikey,endpoint,endpoint_code,effect,measurement,species,common_name,phylum,class_name,order,family,genus,species_group,duration_h,medium,temperature_c,ph,ctx_hardness,study_year,source,structure_source,chemical_class,toxicity_value,toxicity_unit,molar_concentration,target_log_molar,physchem_mol_wt,physchem_logp,known_ood,is_hard_ood,case_row_count,document_count,asset_ids,document_keys,document_urls,case_spread_log_molar,species_canon,regulatory_species,regulatory_taxon,study_type,nominal_or_measured,conc_based_on,basis_for_effect,freshwater_keyword_flag,standard_species_flag,mech_cytotox_hit_rate,mech_cytotox_lower_log10_um,mech_cytotox_lower_um,mech_cytotox_median_log10_um,mech_cytotox_median_um,mech_cytotox_nhit,mech_cytotox_ntested,mech_feature_count,mech_h295r_active_endpoint_count,mech_h295r_andr_max_abs,mech_h295r_bmd_min,mech_h295r_cort_max_abs,mech_h295r_cortic_max_abs,mech_h295r_critical_val,mech_h295r_doc_max_abs,mech_h295r_e1_max_abs,mech_h295r_e2_max_abs,mech_h295r_maxmmd_max,mech_h295r_mean_abs,mech_h295r_mmd_max,mech_h295r_ohpreg_max_abs,mech_h295r_ohprog_max_abs,mech_h295r_prog_max_abs,mech_h295r_testo_max_abs,mech_h295r_x11dcort_max_abs,mech_lit_ar_agonist,mech_lit_ar_antagonist,mech_lit_ar_binding,mech_lit_er_agonist,mech_lit_er_antagonist,mech_lit_er_binding,mech_toxcast_ar_auc_agonist,mech_toxcast_ar_auc_antagonist,mech_toxcast_er_auc_agonist,mech_toxcast_er_auc_antagonist,external_subset,source_case_id,external_source_cohort,external_source_status,source_record_id,summary_value_mg_l,source_value_corrected,source_report,source_pages,source_quality_status,source_quality_flags,source_url,summary_page,summary_row_on_page
echa_pmra__1072957-71-1__daphnia_48h_ec50__Daphnia magna,1072957-71-1,Benzovindiflupyr,1072957-71-1,,CN1C=C(C(=O)NC2=C3C4CCC(C3=CC=C2)C4=C(Cl)Cl)C(=N1)C(F)F,CCCGEKHKTPTUHJ-UHFFFAOYNA-N,daphnia_48h_ec50,EC50,ITX,IMBL,Daphnia magna,Water Flea,Arthropoda,Branchiopoda,Diplostraca,Daphniidae,Daphnia,Crustaceans;Standard Test Species,48.0,FW,20.0,7.6,165.7,,echa_pmra_main,dsstox_casrn,unclassified,2.1344449187655366e-07,M,2.1344449187655366e-07,-6.670715048067736,398.23,5.273800000000003,False,False,1,1,0ad06431-de0d-4801-be59-655a6e5be697,IUC5-4f3465e0-d35b-4b14-89d7-15df875b9ffa_4c32be96-9c95-4098-ac5d-16773793ffe1,https://chem.echa.europa.eu/html-pages-prod/0ad06431-de0d-4801-be59-655a6e5be697/documents/IUC5-4f3465e0-d35b-4b14-89d7-15df875b9ffa_4c32be96-9c95-4098-ac5d-16773793ffe1.html,0.0,Daphnia magna,Daphnia magna,freshwater aquatic invertebrates,static,meas. (geom. mean),test mat.,mobility,True,True,,,,,,,,,,,,,,,,,,,,,,,,,,,,,,,,,,,,pmra_selected,1072957-71-1__daphnia_48h_ec50__Daphnia magna,ECHA_PMRA_material_aligned,retained_after_material_identity_audit,,,,,,,,,,
echa_pmra__1072957-71-1__fish_96h_lc50__Cyprinus carpio,1072957-71-1,Benzovindiflupyr,1072957-71-1,,CN1C=C(C(=O)NC2=C3C4CCC(C3=CC=C2)C4=C(Cl)Cl)C(=N1)C(F)F,CCCGEKHKTPTUHJ-UHFFFAOYNA-N,fish_96h_lc50,LC50,MOR,MORT,Cyprinus carpio,Common Carp,Chordata,Actinopterygii,Cypriniformes,Cyprinidae,Cyprinus,Fish;Standard Test Species,96.0,FW,24.2,7.55,75.6,,echa_pmra_main,dsstox_casrn,unclassified,8.788890841975734e-09,M,8.788890841975734e-09,-8.056065929431753,398.23,5.273800000000003,False,False,1,1,0ad06431-de0d-4801-be59-655a6e5be697,IUC5-aa9546c4-89fa-40a9-a3c1-df3ae47f37cc_4c32be96-9c95-4098-ac5d-16773793ffe1,https://chem.echa.europa.eu/html-pages-prod/0ad06431-de0d-4801-be59-655a6e5be697/documents/IUC5-aa9546c4-89fa-40a9-a3c1-df3ae47f37cc_4c32be96-9c95-4098-ac5d-16773793ffe1.html,0.0,Cyprinus carpio,Cyprinus carpio,freshwater fish,flow-through,meas. (arithm. mean),test mat.,mortality (fish),True,True,,,,,,,,,,,,,,,,,,,,,,,,,,,,,,,,,,,,pmra_selected,1072957-71-1__fish_96h_lc50__Cyprinus carpio,ECHA_PMRA_material_aligned,retained_after_material_identity_audit,,,,,,,,,,
echa_pmra__1072957-71-1__fish_96h_lc50__Oncorhynchus mykiss,1072957-71-1,Benzovindiflupyr,1072957-71-1,,CN1C=C(C(=O)NC2=C3C4CCC(C3=CC=C2)C4=C(Cl)Cl)C(=N1)C(F)F,CCCGEKHKTPTUHJ-UHFFFAOYNA-N,fish_96h_lc50,LC50,MOR,MORT,Oncorhynchus mykiss,Rainbow Trout,Chordata,Actinopterygii,Salmoniformes,Salmonidae,Oncorhynchus,Fish;Standard Test Species;U.S. Threatened and Endangered Species,96.0,FW,13.4,7.55,66.0,,echa_pmra_main,dsstox_casrn,unclassified,2.2851116189136923e-08,M,2.2851116189136923e-08,-7.641092581460935,398.23,5.273800000000003,False,False,1,1,0ad06431-de0d-4801-be59-655a6e5be697,IUC5-7ec2d4f3-6222-43b5-a426-2210e2a3f686_4c32be96-9c95-4098-ac5d-16773793ffe1,https://chem.echa.europa.eu/html-pages-prod/0ad06431-de0d-4801-be59-655a6e5be697/documents/IUC5-7ec2d4f3-6222-43b5-a426-2210e2a3f686_4c32be96-9c95-4098-ac5d-16773793ffe1.html,0.0,Oncorhynchus mykiss,Oncorhynchus mykiss (previous name: Salmo gairdneri),freshwater fish,flow-through,meas. (arithm. mean),test mat.,mortality (fish),True,True,,,,,,,,,,,,,,,,,,,,,,,,,,,,,,,,,,,,pmra_selected,1072957-71-1__fish_96h_lc50__Oncorhynchus mykiss,ECHA_PMRA_material_aligned,retained_after_material_identity_audit,,,,,,,,,,
echa_pmra__1072957-71-1__fish_96h_lc50__Pimephales promelas,1072957-71-1,Benzovindiflupyr,1072957-71-1,,CN1C=C(C(=O)NC2=C3C4CCC(C3=CC=C2)C4=C(Cl)Cl)C(=N1)C(F)F,CCCGEKHKTPTUHJ-UHFFFAOYNA-N,fish_96h_lc50,LC50,MOR,MORT,Pimephales promelas,Fathead Minnow,Chordata,Actinopterygii,Cypriniformes,Cyprinidae,Pimephales,Fish;Standard Test Species,96.0,FW/,24.7,7.6,45.1,,echa_pmra_main,dsstox_casrn,unclassified,1.1802224844938856e-08,M,1.1802224844938856e-08,-7.928036115846311,398.23,5.273800000000003,False,False,1,1,0ad06431-de0d-4801-be59-655a6e5be697,IUC5-a178667e-a753-4bdb-9266-32f7f3b521cd_4c32be96-9c95-4098-ac5d-16773793ffe1,https://chem.echa.europa.eu/html-pages-prod/0ad06431-de0d-4801-be59-655a6e5be697/documents/IUC5-a178667e-a753-4bdb-9266-32f7f3b521cd_4c32be96-9c95-4098-ac5d-16773793ffe1.html,0.0,Pimephales promelas,Pimephales promelas,freshwater fish,flow-through,meas. (arithm. mean),test mat.,mortality (fish),True,True,,,,,,,,,,,,,,,,,,,,,,,,,,,,,,,,,,,,pmra_selected,1072957-71-1__fish_96h_lc50__Pimephales promelas,ECHA_PMRA_material_aligned,retained_after_material_identity_audit,,,,,,,,,,
echa_pmra__330459-31-9__algae_72_96h_ec50__Raphidocelis subcapitata,330459-31-9,Tioxazafen,330459-31-9,,O1N=C(N=C1C1=CC=CS1)C1=CC=CC=C1,IHNSIFFSNUQGQN-UHFFFAOYSA-N,algae_72_96h_ec50,EC50,POP,ABND,Raphidocelis subcapitata,Green Algae,Chlorophyta,Chlorophyceae,Sphaeropleales,Selenastraceae,Raphidocelis,Algae;Standard Test Species,84.0,FW,24.0,7.5,,,echa_pmra_main,dsstox_casrn,unclassified,4.070116843855768e-07,M,4.070116843855768e-07,-6.390393122982786,228.27,3.4651000000000014,False,False,2,1,786d5f33-1372-46a5-9314-c843adcc79d0,IUC5-9b13af6d-c209-4894-a06a-34a07fc4b20d_4927d106-cd4f-4d63-97f8-69cd34f7280e,https://chem.echa.europa.eu/html-pages-prod/786d5f33-1372-46a5-9314-c843adcc79d0/documents/IUC5-9b13af6d-c209-4894-a06a-34a07fc4b20d_4927d106-cd4f-4d63-97f8-69cd34f7280e.html,0.097955246922706,Raphidocelis subcapitata,"Raphidocelis subcapitata (previous names: Pseudokirchneriella subcapitata, Selenastrum capricornutum)",aquatic algae and cyanobacteria,static,meas. (geom. mean),act. ingr.,biomass,False,True,,,,,,,,,,,,,,,,,,,,,,,,,,,,,,,,,,,,pmra_selected,330459-31-9__algae_72_96h_ec50__Raphidocelis subcapitata,ECHA_PMRA_material_aligned,retained_after_material_identity_audit,,,,,,,,,,
echa_pmra__330459-31-9__fish_96h_lc50__Oncorhynchus mykiss,330459-31-9,Tioxazafen,330459-31-9,,O1N=C(N=C1C1=CC=CS1)C1=CC=CC=C1,IHNSIFFSNUQGQN-UHFFFAOYSA-N,fish_96h_lc50,LC50,MOR,MORT,Oncorhynchus mykiss,Rainbow Trout,Chordata,Actinopterygii,Salmoniformes,Salmonidae,Oncorhynchus,Fish;Standard Test Species;U.S. Threatened and Endangered Species,96.0,FW,13.4,7.55,66.0,,echa_pmra_main,dsstox_casrn,unclassified,3.32939063389845e-07,M,3.32939063389845e-07,-6.477635246539423,228.27,3.4651000000000014,False,False,1,1,786d5f33-1372-46a5-9314-c843adcc79d0,IUC5-60179903-490d-48d6-b3d2-34b823c6cc95_4927d106-cd4f-4d63-97f8-69cd34f7280e,https://chem.echa.europa.eu/html-pages-prod/786d5f33-1372-46a5-9314-c843adcc79d0/documents/IUC5-60179903-490d-48d6-b3d2-34b823c6cc95_4927d106-cd4f-4d63-97f8-69cd34f7280e.html,0.0,Oncorhynchus mykiss,Oncorhynchus mykiss (previous name: Salmo gairdneri),freshwater fish,semi-static,meas. (arithm. mean),act. ingr.,mortality (fish),True,True,,,,,,,,,,,,,,,,,,,,,,,,,,,,,,,,,,,,pmra_selected,330459-31-9__fish_96h_lc50__Oncorhynchus mykiss,ECHA_PMRA_material_aligned,retained_after_material_identity_audit,,,,,,,,,,
echa_pmra__51-03-6__algae_72_96h_ec50__Desmodesmus subspicatus,51-03-6,Piperonyl butoxide,51-03-6,,CCCCOCCOCCOCC1=CC2=C(OCO2)C=C1CCC,FIPWRIJSWJWJAI-UHFFFAOYSA-N,algae_72_96h_ec50,EC50,POP,ABND,Desmodesmus subspicatus,Green Algae,Chlorophyta,Chlorophyceae,Chlorococcales,Scenedesmaceae,Desmodesmus,Algae;Standard Test Species,72.0,FW,24.0,7.3,,,echa_pmra_main,dsstox_casrn,unclassified,2.9251515760362145e-06,M,2.9251515760362145e-06,-5.533851624648287,338.444,3.7177000000000016,False,False,3,1,a02cf2aa-b45c-41e5-9890-81046d89d7c1,IUC5-29350744-ec88-4c62-a586-f8fafe41cc0f_1771999e-ceb9-41d3-b1ab-d92abea29f4c,https://chem.echa.europa.eu/html-pages-prod/a02cf2aa-b45c-41e5-9890-81046d89d7c1/documents/IUC5-29350744-ec88-4c62-a586-f8fafe41cc0f_1771999e-ceb9-41d3-b1ab-d92abea29f4c.html,0.298467778899381,Desmodesmus subspicatus,Desmodesmus subspicatus (previous name: Scenedesmus subspicatus),aquatic algae and cyanobacteria,static,nominal,test mat.,biomass,False,True,0.1494252873563218,0.722657453740215,5.28028609190537,1.24825811379161,17.7116129803641,13.0,87.0,31.0,1.0,0.417258861650884,3.77793375691131,0.586505977878228,1.13226821549951,1.64273648916556,0.977587840841251,0.730611215542499,0.58174936614144,3.94170530751549,0.2822131436125206,3.94170530751549,0.804511041809953,0.559458253297397,0.360402242701998,0.574736275052111,0.413128079449935,,,,0.0,0.0,0.0,0.0,0.0,0.00231,0.0,pmra_selected,51-03-6__algae_72_96h_ec50__Desmodesmus subspicatus,ECHA_PMRA_material_aligned,retained_after_material_identity_audit,,,,,,,,,,
echa_pmra__51-03-6__daphnia_48h_ec50__Daphnia magna,51-03-6,Piperonyl butoxide,51-03-6,,CCCCOCCOCCOCC1=CC2=C(OCO2)C=C1CCC,FIPWRIJSWJWJAI-UHFFFAOYSA-N,daphnia_48h_ec50,EC50,ITX,IMBL,Daphnia magna,Water Flea,Arthropoda,Branchiopoda,Diplostraca,Daphniidae,Daphnia,Crustaceans;Standard Test Species,48.0,FW,20.0,7.6,165.7,,echa_pmra_main,dsstox_casrn,unclassified,2.9753814515843067e-06,M,2.9753814515843067e-06,-5.52645734869222,338.444,3.7177000000000016,False,False,1,1,a02cf2aa-b45c-41e5-9890-81046d89d7c1,IUC5-4cf6b407-619d-4b87-9fdd-5ee8a3f0446b_1771999e-ceb9-41d3-b1ab-d92abea29f4c,https://chem.echa.europa.eu/html-pages-prod/a02cf2aa-b45c-41e5-9890-81046d89d7c1/documents/IUC5-4cf6b407-619d-4b87-9fdd-5ee8a3f0446b_1771999e-ceb9-41d3-b1ab-d92abea29f4c.html,0.0,Daphnia magna,Daphnia magna,freshwater aquatic invertebrates,semi-static,nominal,test mat.,mobility,True,True,0.1494252873563218,0.722657453740215,5.28028609190537,1.24825811379161,17.7116129803641,13.0,87.0,31.0,1.0,0.417258861650884,3.77793375691131,0.586505977878228,1.13226821549951,1.64273648916556,0.977587840841251,0.730611215542499,0.58174936614144,3.94170530751549,0.2822131436125206,3.94170530751549,0.804511041809953,0.559458253297397,0.360402242701998,0.574736275052111,0.413128079449935,,,,0.0,0.0,0.0,0.0,0.0,0.00231,0.0,pmra_selected,51-03-6__daphnia_48h_ec50__Daphnia magna,ECHA_PMRA_material_aligned,retained_after_material_identity_audit,,,,,,,,,,
echa_pmra__51-03-6__fish_96h_lc50__Oncorhynchus mykiss,51-03-6,Piperonyl butoxide,51-03-6,,CCCCOCCOCCOCC1=CC2=C(OCO2)C=C1CCC,FIPWRIJSWJWJAI-UHFFFAOYSA-N,fish_96h_lc50,LC50,MOR,MORT,Oncorhynchus mykiss,Rainbow Trout,Chordata,Actinopterygii,Salmoniformes,Salmonidae,Oncorhynchus,Fish;Standard Test Species;U.S. Threatened and Endangered Species,96.0,FW,13.4,7.55,66.0,,echa_pmra_main,dsstox_casrn,unclassified,2.0889718830884884e-05,M,2.0889718830884884e-05,-4.680067405448938,338.444,3.7177000000000016,False,False,1,1,a02cf2aa-b45c-41e5-9890-81046d89d7c1,IUC5-6e022e3c-ddf9-4f77-a057-b4038ced4bde_1771999e-ceb9-41d3-b1ab-d92abea29f4c,https://chem.echa.europa.eu/html-pages-prod/a02cf2aa-b45c-41e5-9890-81046d89d7c1/documents/IUC5-6e022e3c-ddf9-4f77-a057-b4038ced4bde_1771999e-ceb9-41d3-b1ab-d92abea29f4c.html,0.0,Oncorhynchus mykiss,Oncorhynchus mykiss (previous name: Salmo gairdneri),freshwater fish,semi-static,nominal,test mat.,mortality (fish),True,True,0.1494252873563218,0.722657453740215,5.28028609190537,1.24825811379161,17.7116129803641,13.0,87.0,31.0,1.0,0.417258861650884,3.77793375691131,0.586505977878228,1.13226821549951,1.64273648916556,0.977587840841251,0.730611215542499,0.58174936614144,3.94170530751549,0.2822131436125206,3.94170530751549,0.804511041809953,0.559458253297397,0.360402242701998,0.574736275052111,0.413128079449935,,,,0.0,0.0,0.0,0.0,0.0,0.00231,0.0,pmra_selected,51-03-6__fish_96h_lc50__Oncorhynchus mykiss,ECHA_PMRA_material_aligned,retained_after_material_identity_audit,,,,,,,,,,
echa_pmra__55406-53-6__algae_72_96h_ec50__Desmodesmus subspicatus,55406-53-6,Iodocarb,55406-53-6,,CCCCNC(=O)OCC#CI,WYVVKGNFXHOCQV-UHFFFAOYSA-N,algae_72_96h_ec50,EC50,POP,ABND,Desmodesmus subspicatus,Green Algae,Chlorophyta,Chlorophyceae,Chlorococcales,Scenedesmaceae,Desmodesmus,Algae;Standard Test Species,72.0,FW,24.0,7.3,,,echa_pmra_main,dsstox_casrn,unclassified,1.2147845075447526e-07,M,1.2147845075447526e-07,-6.915500755386246,281.093,1.9086,False,False,2,1,de06560d-d9a6-490c-9f23-fdc6027da82f,81599e2b-921c-412a-aeb1-21427bdf8d4a_4590887c-6f9f-4956-98f4-e2232e5b65a9,https://chem.echa.europa.eu/html-pages-prod/de06560d-d9a6-490c-9f23-fdc6027da82f/documents/81599e2b-921c-412a-aeb1-21427bdf8d4a_4590887c-6f9f-4956-98f4-e2232e5b65a9.html,0.3818531887785825,Desmodesmus subspicatus,Desmodesmus subspicatus (previous name: Scenedesmus subspicatus),aquatic algae and cyanobacteria,static,nominal,test mat.,biomass,False,True,0.7701149425287356,0.901274823604029,7.96663323264537,1.42687548365543,26.7224014224209,67.0,87.0,13.0,,,,,,,,,,,,,,,,,,,,,0.0,,0.25,0.0,0.112,0.0,0.0283,pmra_selected,55406-53-6__algae_72_96h_ec50__Desmodesmus subspicatus,ECHA_PMRA_material_aligned,retained_after_material_identity_audit,,,,,,,,,,
echa_pmra__55406-53-6__fish_96h_lc50__Lepomis macrochirus,55406-53-6,Iodocarb,55406-53-6,,CCCCNC(=O)OCC#CI,WYVVKGNFXHOCQV-UHFFFAOYSA-N,fish_96h_lc50,LC50,MOR,MORT,Lepomis macrochirus,Bluegill,Chordata,Actinopterygii,Perciformes,Centrarchidae,Lepomis,Fish;Standard Test Species,96.0,FW,23.0,7.83,21.0,,echa_pmra_main,dsstox_casrn,unclassified,8.18234534477913e-07,M,8.18234534477913e-07,-6.08712219458015,281.093,1.9086,False,False,1,1,de06560d-d9a6-490c-9f23-fdc6027da82f,23a6b9c7-867d-4a8c-b9d9-d73e28f67f0c_4590887c-6f9f-4956-98f4-e2232e5b65a9,https://chem.echa.europa.eu/html-pages-prod/de06560d-d9a6-490c-9f23-fdc6027da82f/documents/23a6b9c7-867d-4a8c-b9d9-d73e28f67f0c_4590887c-6f9f-4956-98f4-e2232e5b65a9.html,0.0,Lepomis macrochirus,Lepomis macrochirus,freshwater fish,flow-through,meas. (geom. mean),test mat.,mortality (fish),True,True,0.7701149425287356,0.901274823604029,7.96663323264537,1.42687548365543,26.7224014224209,67.0,87.0,13.0,,,,,,,,,,,,,,,,,,,,,0.0,,0.25,0.0,0.112,0.0,0.0283,pmra_selected,55406-53-6__fish_96h_lc50__Lepomis macrochirus,ECHA_PMRA_material_aligned,retained_after_material_identity_audit,,,,,,,,,,
echa_pmra__55406-53-6__fish_96h_lc50__Oncorhynchus mykiss,55406-53-6,Iodocarb,55406-53-6,,CCCCNC(=O)OCC#CI,WYVVKGNFXHOCQV-UHFFFAOYSA-N,fish_96h_lc50,LC50,MOR,MORT,Oncorhynchus mykiss,Rainbow Trout,Chordata,Actinopterygii,Salmoniformes,Salmonidae,Oncorhynchus,Fish;Standard Test Species;U.S. Threatened and Endangered Species,96.0,FW,13.4,7.55,66.0,,echa_pmra_main,dsstox_casrn,unclassified,2.383552774348705e-07,M,2.383552774348705e-07,-6.622775227896916,281.093,1.9086,False,False,1,1,de06560d-d9a6-490c-9f23-fdc6027da82f,34f04151-ad8f-4741-b51b-fbf1a7b60d63_4590887c-6f9f-4956-98f4-e2232e5b65a9,https://chem.echa.europa.eu/html-pages-prod/de06560d-d9a6-490c-9f23-fdc6027da82f/documents/34f04151-ad8f-4741-b51b-fbf1a7b60d63_4590887c-6f9f-4956-98f4-e2232e5b65a9.html,0.0,Oncorhynchus mykiss,Oncorhynchus mykiss (previous name: Salmo gairdneri),freshwater fish,flow-through,meas. (geom. mean),test mat.,mortality (fish),True,True,0.7701149425287356,0.901274823604029,7.96663323264537,1.42687548365543,26.7224014224209,67.0,87.0,13.0,,,,,,,,,,,,,,,,,,,,,0.0,,0.25,0.0,0.112,0.0,0.0283,pmra_selected,55406-53-6__fish_96h_lc50__Oncorhynchus mykiss,ECHA_PMRA_material_aligned,retained_after_material_identity_audit,,,,,,,,,,
echa_pmra__732-11-6__daphnia_48h_ec50__Daphnia magna,732-11-6,Phosmet,732-11-6,,COP(=S)(OC)SCN1C(=O)C2=C(C=CC=C2)C1=O,LMNZTLDVJIUSHT-UHFFFAOYSA-N,daphnia_48h_ec50,EC50,ITX,IMBL,Daphnia magna,Water Flea,Arthropoda,Branchiopoda,Diplostraca,Daphniidae,Daphnia,Crustaceans;Standard Test Species,48.0,FW,20.0,7.6,165.7,,echa_pmra_main,dsstox_casrn,unclassified,2.489678862941601e-09,M,2.489678862941601e-09,-8.603856667782503,317.31,2.4906000000000006,False,False,1,1,cc07a2ae-edf7-4bec-8028-9b92bcc8c28a,3c068993-9f2d-43de-85a8-2a54c266377f_d16a610e-5819-4abd-be9c-4c0400dd1c20,https://chem.echa.europa.eu/html-pages-prod/cc07a2ae-edf7-4bec-8028-9b92bcc8c28a/documents/3c068993-9f2d-43de-85a8-2a54c266377f_d16a610e-5819-4abd-be9c-4c0400dd1c20.html,0.0,Daphnia magna,Daphnia magna,freshwater aquatic invertebrates,other: Continuous Flow,nominal,act. ingr.,mobility,True,True,0.0344827586206896,3.0,1000.0,3.0,1000.0,3.0,87.0,30.0,0.0,0.412264574961462,0.048558438195382,0.267923696548129,0.425996221441014,1.64273648916556,0.297702339787542,0.66256746049272,0.625769383497982,3.24004277209613,0.2914183054215751,3.24004277209613,0.455181914291655,0.758382216334249,0.641405982310488,0.544642256023452,0.164558784151724,,,,0.0,0.0,,0.0,0.0,0.0,0.0,pmra_selected,732-11-6__daphnia_48h_ec50__Daphnia magna,ECHA_PMRA_material_aligned,retained_after_material_identity_audit,,,,,,,,,,
echa_pmra__732-11-6__fish_96h_lc50__Oncorhynchus mykiss,732-11-6,Phosmet,732-11-6,,COP(=S)(OC)SCN1C(=O)C2=C(C=CC=C2)C1=O,LMNZTLDVJIUSHT-UHFFFAOYSA-N,fish_96h_lc50,LC50,MOR,MORT,Oncorhynchus mykiss,Rainbow Trout,Chordata,Actinopterygii,Salmoniformes,Salmonidae,Oncorhynchus,Fish;Standard Test Species;U.S. Threatened and Endangered Species,96.0,FW,13.4,7.55,66.0,,echa_pmra_main,dsstox_casrn,unclassified,7.595096278087678e-07,M,7.595096278087678e-07,-6.119466716498076,317.31,2.4906000000000006,False,False,1,1,cc07a2ae-edf7-4bec-8028-9b92bcc8c28a,f2c22304-c99a-4772-91a1-790049c7f110_d16a610e-5819-4abd-be9c-4c0400dd1c20,https://chem.echa.europa.eu/html-pages-prod/cc07a2ae-edf7-4bec-8028-9b92bcc8c28a/documents/f2c22304-c99a-4772-91a1-790049c7f110_d16a610e-5819-4abd-be9c-4c0400dd1c20.html,0.0,Oncorhynchus mykiss,Oncorhynchus mykiss (previous name: Salmo gairdneri),freshwater fish,flow-through,nominal,act. ingr.,mortality (fish),True,True,0.0344827586206896,3.0,1000.0,3.0,1000.0,3.0,87.0,30.0,0.0,0.412264574961462,0.048558438195382,0.267923696548129,0.425996221441014,1.64273648916556,0.297702339787542,0.66256746049272,0.625769383497982,3.24004277209613,0.2914183054215751,3.24004277209613,0.455181914291655,0.758382216334249,0.641405982310488,0.544642256023452,0.164558784151724,,,,0.0,0.0,,0.0,0.0,0.0,0.0,pmra_selected,732-11-6__fish_96h_lc50__Oncorhynchus mykiss,ECHA_PMRA_material_aligned,retained_after_material_identity_audit,,,,,,,,,,
echa_pmra__915972-17-7__daphnia_48h_ec50__Daphnia magna,915972-17-7,Afidopyropen,915972-17-7,,[H][C@@]12C[C@H](O)[C@@]3(C)OC4=C([C@H](O)[C@]3([H])[C@@]1(C)CC[C@H](OC(=O)C1CC1)[C@@]2(C)COC(=O)C1CC1)C(=O)OC(=C4)C1=CN=CC=C1,LRZWFURXIMFONG-HRSIRGMGSA-N,daphnia_48h_ec50,EC50,ITX,IMBL,Daphnia magna,Water Flea,Arthropoda,Branchiopoda,Diplostraca,Daphniidae,Daphnia,Crustaceans;Standard Test Species,48.0,FW,20.0,7.6,165.7,,echa_pmra_main,dsstox_casrn,unclassified,1.347543176125578e-05,M,1.347543176125578e-05,-4.870457310851661,593.673,3.964700000000003,False,False,1,1,e5ff4448-3f01-424d-8e55-fbd7cd6f1fc4,978a815e-b025-46d9-bada-4b7db224eb98_94c8fe72-308c-402a-ba72-d683850943cc,https://chem.echa.europa.eu/html-pages-prod/e5ff4448-3f01-424d-8e55-fbd7cd6f1fc4/documents/978a815e-b025-46d9-bada-4b7db224eb98_94c8fe72-308c-402a-ba72-d683850943cc.html,0.0,Daphnia magna,Daphnia magna,freshwater aquatic invertebrates,static,meas. (arithm. mean),test mat.,mobility,True,True,,,,,,,,,,,,,,,,,,,,,,,,,,,,,,,,,,,,pmra_selected,915972-17-7__daphnia_48h_ec50__Daphnia magna,ECHA_PMRA_material_aligned,retained_after_material_identity_audit,,,,,,,,,,
echa_pmra__915972-17-7__fish_96h_lc50__Cyprinus carpio,915972-17-7,Afidopyropen,915972-17-7,,[H][C@@]12C[C@H](O)[C@@]3(C)OC4=C([C@H](O)[C@]3([H])[C@@]1(C)CC[C@H](OC(=O)C1CC1)[C@@]2(C)COC(=O)C1CC1)C(=O)OC(=C4)C1=CN=CC=C1,LRZWFURXIMFONG-HRSIRGMGSA-N,fish_96h_lc50,LC50,MOR,MORT,Cyprinus carpio,Common Carp,Chordata,Actinopterygii,Cypriniformes,Cyprinidae,Cyprinus,Fish;Standard Test Species,96.0,FW,24.2,7.55,75.6,,echa_pmra_main,dsstox_casrn,unclassified,3.0319721462825515e-05,M,3.0319721462825515e-05,-4.518274792740298,593.673,3.964700000000003,False,False,1,1,e5ff4448-3f01-424d-8e55-fbd7cd6f1fc4,b42568c8-1ecf-41b2-a911-6411991537de_94c8fe72-308c-402a-ba72-d683850943cc,https://chem.echa.europa.eu/html-pages-prod/e5ff4448-3f01-424d-8e55-fbd7cd6f1fc4/documents/b42568c8-1ecf-41b2-a911-6411991537de_94c8fe72-308c-402a-ba72-d683850943cc.html,0.0,Cyprinus carpio,Cyprinus carpio,freshwater fish,semi-static,nominal,test mat.,mortality (fish),True,True,,,,,,,,,,,,,,,,,,,,,,,,,,,,,,,,,,,,pmra_selected,915972-17-7__fish_96h_lc50__Cyprinus carpio,ECHA_PMRA_material_aligned,retained_after_material_identity_audit,,,,,,,,,,
echa_pmra__915972-17-7__fish_96h_lc50__Oncorhynchus mykiss,915972-17-7,Afidopyropen,915972-17-7,,[H][C@@]12C[C@H](O)[C@@]3(C)OC4=C([C@H](O)[C@]3([H])[C@@]1(C)CC[C@H](OC(=O)C1CC1)[C@@]2(C)COC(=O)C1CC1)C(=O)OC(=C4)C1=CN=CC=C1,LRZWFURXIMFONG-HRSIRGMGSA-N,fish_96h_lc50,LC50,MOR,MORT,Oncorhynchus mykiss,Rainbow Trout,Chordata,Actinopterygii,Salmoniformes,Salmonidae,Oncorhynchus,Fish;Standard Test Species;U.S. Threatened and Endangered Species,96.0,FW,13.4,7.55,66.0,,echa_pmra_main,dsstox_casrn,unclassified,3.587833706434352e-05,M,3.587833706434352e-05,-4.445167694404867,593.673,3.964700000000003,False,False,1,1,e5ff4448-3f01-424d-8e55-fbd7cd6f1fc4,4e66a818-29fb-4216-b855-2706c5d0cac9_94c8fe72-308c-402a-ba72-d683850943cc,https://chem.echa.europa.eu/html-pages-prod/e5ff4448-3f01-424d-8e55-fbd7cd6f1fc4/documents/4e66a818-29fb-4216-b855-2706c5d0cac9_94c8fe72-308c-402a-ba72-d683850943cc.html,0.0,Oncorhynchus mykiss,Oncorhynchus mykiss (previous name: Salmo gairdneri),freshwater fish,static,meas. (arithm. mean),test mat.,mortality (fish),True,True,,,,,,,,,,,,,,,,,,,,,,,,,,,,,,,,,,,,pmra_selected,915972-17-7__fish_96h_lc50__Oncorhynchus mykiss,ECHA_PMRA_material_aligned,retained_after_material_identity_audit,,,,,,,,,,
echa_pmra__915972-17-7__fish_96h_lc50__Pimephales promelas,915972-17-7,Afidopyropen,915972-17-7,,[H][C@@]12C[C@H](O)[C@@]3(C)OC4=C([C@H](O)[C@]3([H])[C@@]1(C)CC[C@H](OC(=O)C1CC1)[C@@]2(C)COC(=O)C1CC1)C(=O)OC(=C4)C1=CN=CC=C1,LRZWFURXIMFONG-HRSIRGMGSA-N,fish_96h_lc50,LC50,MOR,MORT,Pimephales promelas,Fathead Minnow,Chordata,Actinopterygii,Cypriniformes,Cyprinidae,Pimephales,Fish;Standard Test Species,96.0,FW/,24.7,7.6,45.1,,echa_pmra_main,dsstox_casrn,unclassified,3.08250501538726e-05,M,3.08250501538726e-05,-4.511096208113175,593.673,3.964700000000003,False,False,1,1,e5ff4448-3f01-424d-8e55-fbd7cd6f1fc4,64163a89-5f02-4a75-9003-5df26fe1c3fd_94c8fe72-308c-402a-ba72-d683850943cc,https://chem.echa.europa.eu/html-pages-prod/e5ff4448-3f01-424d-8e55-fbd7cd6f1fc4/documents/64163a89-5f02-4a75-9003-5df26fe1c3fd_94c8fe72-308c-402a-ba72-d683850943cc.html,0.0,Pimephales promelas,Pimephales promelas,freshwater fish,static,meas. (arithm. mean),test mat.,mortality (fish),True,True,,,,,,,,,,,,,,,,,,,,,,,,,,,,,,,,,,,,pmra_selected,915972-17-7__fish_96h_lc50__Pimephales promelas,ECHA_PMRA_material_aligned,retained_after_material_identity_audit,,,,,,,,,,
echa_pmra__117428-51-0__daphnia_48h_ec50__Daphnia magna,117428-51-0,Methyl-2-(2-chloromethylphenyl)-3-methoxy-2-acrylate,117428-51-0,,CO\C=C(\C(=O)OC)C1=CC=CC=C1CCl,QHBMFLGCOYKWJH-DHZHZOJOSA-N,daphnia_48h_ec50,EC50,ITX,IMBL,Daphnia magna,Water Flea,Arthropoda,Branchiopoda,Diplostraca,Daphniidae,Daphnia,Crustaceans;Standard Test Species,48.0,FW,20.0,7.6,165.7,,echa_extension_main,dsstox_casrn,unclassified,5.4013628053847386e-05,M,5.4013628053847386e-05,-4.267496650512782,240.68,2.585700000000001,False,False,1,1,df6d0326-1142-4eb6-b625-c458ece8e336,08772539-4f68-4b2b-a763-acc45db14696_0dca6445-3db9-430e-870a-cd04c06900de,https://chem.echa.europa.eu/html-pages-prod/df6d0326-1142-4eb6-b625-c458ece8e336/documents/08772539-4f68-4b2b-a763-acc45db14696_0dca6445-3db9-430e-870a-cd04c06900de.html,0.0,Daphnia magna,Daphnia magna,freshwater aquatic invertebrates,static,nominal,test mat.,other: Immobilisation,True,True,,,,,,,,,,,,,,,,,,,,,,,,,,,,,,,,,,,,echa_extension,117428-51-0__daphnia_48h_ec50__Daphnia magna,ECHA_PMRA_material_aligned,retained_after_material_identity_audit,,,,,,,,,,
echa_pmra__117428-51-0__fish_96h_lc50__Oncorhynchus mykiss,117428-51-0,Methyl-2-(2-chloromethylphenyl)-3-methoxy-2-acrylate,117428-51-0,,CO\C=C(\C(=O)OC)C1=CC=CC=C1CCl,QHBMFLGCOYKWJH-DHZHZOJOSA-N,fish_96h_lc50,LC50,MOR,MORT,Oncorhynchus mykiss,Rainbow Trout,Chordata,Actinopterygii,Salmoniformes,Salmonidae,Oncorhynchus,Fish;Standard Test Species;U.S. Threatened and Endangered Species,96.0,FW,13.4,7.55,66.0,,echa_extension_main,dsstox_casrn,unclassified,4.154894465680575e-05,M,4.154894465680575e-05,-4.381440002819618,240.68,2.585700000000001,False,False,1,1,df6d0326-1142-4eb6-b625-c458ece8e336,d25076d4-a8d8-49a9-8fc2-15853908431b_0dca6445-3db9-430e-870a-cd04c06900de,https://chem.echa.europa.eu/html-pages-prod/df6d0326-1142-4eb6-b625-c458ece8e336/documents/d25076d4-a8d8-49a9-8fc2-15853908431b_0dca6445-3db9-430e-870a-cd04c06900de.html,0.0,Oncorhynchus mykiss,Oncorhynchus mykiss (previous name: Salmo gairdneri),freshwater fish,semi-static,nominal,test mat.,mortality (fish),True,True,,,,,,,,,,,,,,,,,,,,,,,,,,,,,,,,,,,,echa_extension,117428-51-0__fish_96h_lc50__Oncorhynchus mykiss,ECHA_PMRA_material_aligned,retained_after_material_identity_audit,,,,,,,,,,
echa_pmra__156157-97-0__algae_72_96h_ec50__Desmodesmus subspicatus,156157-97-0,"Di(µ-2,2´,2´´-nitrilotris(ethanol)-diperchlorato)dinatrium",156157-97-0,,[Na+].[Na+].[O-][Cl](=O)(=O)=O.[O-][Cl](=O)(=O)=O.OCCN(CCO)CCO.OCCN(CCO)CCO,MXXHYLUAUDPQFR-UHFFFAOYSA-L,algae_72_96h_ec50,EC50,POP,ABND,Desmodesmus subspicatus,Green Algae,Chlorophyta,Chlorophyceae,Chlorococcales,Scenedesmaceae,Desmodesmus,Algae;Standard Test Species,72.0,FW,24.0,7.3,,,echa_extension_main,dsstox_casrn,unclassified,0.0005441967970214,M,0.0005441967970214,-3.2642440186753605,543.25,-18.97339999999997,False,False,2,1,542b8e25-2624-4494-85e1-e91d3d9df3f2,IUC5-0454cb53-5caf-4663-b016-fe9876ca4e1d_9f3d68ef-30b4-40db-b763-40a75bb9fd3f,https://chem.echa.europa.eu/html-pages-prod/542b8e25-2624-4494-85e1-e91d3d9df3f2/documents/IUC5-0454cb53-5caf-4663-b016-fe9876ca4e1d_9f3d68ef-30b4-40db-b763-40a75bb9fd3f.html,0.218055760599217,Desmodesmus subspicatus,Desmodesmus subspicatus (previous name: Scenedesmus subspicatus),aquatic algae and cyanobacteria,static,nominal,[Empty],biomass yield,False,True,,,,,,,,,,,,,,,,,,,,,,,,,,,,,,,,,,,,echa_extension,156157-97-0__algae_72_96h_ec50__Desmodesmus subspicatus,ECHA_PMRA_material_aligned,retained_after_material_identity_audit,,,,,,,,,,
echa_pmra__16039-53-5__algae_72_96h_ec50__Raphidocelis subcapitata,16039-53-5,zinc bis(2-hydroxypropanoate),16039-53-5,,[Zn++].CC(O)C([O-])=O.CC(O)C([O-])=O,CANRESZKMUPMAE-UHFFFAOYNA-L,algae_72_96h_ec50,EC50,POP,ABND,Raphidocelis subcapitata,Green Algae,Chlorophyta,Chlorophyceae,Sphaeropleales,Selenastraceae,Raphidocelis,Algae;Standard Test Species,96.0,FW,24.0,7.5,,,echa_extension_main,dsstox_casrn,unclassified,4.291179526154117e-06,M,4.291179526154117e-06,-5.36742331590612,243.52,-3.7682999999999978,False,False,2,1,4c126866-3686-47c4-9afb-6bd8a721b2af,IUC5-6cef3a67-6a0c-4b31-b4eb-4b68d0d5d3a4_97c4388e-aad8-4d96-a13e-bd73ac050710,https://chem.echa.europa.eu/html-pages-prod/4c126866-3686-47c4-9afb-6bd8a721b2af/documents/IUC5-6cef3a67-6a0c-4b31-b4eb-4b68d0d5d3a4_97c4388e-aad8-4d96-a13e-bd73ac050710.html,0.6062159510991192,Raphidocelis subcapitata,"Raphidocelis subcapitata (previous names: Pseudokirchneriella subcapitata, Selenastrum capricornutum)",aquatic algae and cyanobacteria,static,nominal,test mat.,growth rate,False,True,,,,,,,,,,,,,,,,,,,,,,,,,,,,,,,,,,,,echa_extension,16039-53-5__algae_72_96h_ec50__Raphidocelis subcapitata,ECHA_PMRA_material_aligned,retained_after_material_identity_audit,,,,,,,,,,
echa_pmra__16039-53-5__fish_96h_lc50__Danio rerio,16039-53-5,zinc bis(2-hydroxypropanoate),16039-53-5,,[Zn++].CC(O)C([O-])=O.CC(O)C([O-])=O,CANRESZKMUPMAE-UHFFFAOYNA-L,fish_96h_lc50,LC50,MOR,MORT,Danio rerio,Zebra Danio,Chordata,Actinopterygii,Cypriniformes,Cyprinidae,Danio,Fish;Standard Test Species,96.0,FW/,26.0,7.4,37.0,,echa_extension_main,dsstox_casrn,unclassified,0.0004106438896189,M,0.0004106438896189,-3.386534635090479,243.52,-3.7682999999999978,False,False,3,2,4c126866-3686-47c4-9afb-6bd8a721b2af,IUC5-6d642f58-56a7-44f9-80bd-379f133fc6ed_97c4388e-aad8-4d96-a13e-bd73ac050710; IUC5-bf7d8ff8-e2e3-4b8f-8052-ea730f4b0d63_97c4388e-aad8-4d96-a13e-bd73ac050710,https://chem.echa.europa.eu/html-pages-prod/4c126866-3686-47c4-9afb-6bd8a721b2af/documents/IUC5-6d642f58-56a7-44f9-80bd-379f133fc6ed_97c4388e-aad8-4d96-a13e-bd73ac050710.html; https://chem.echa.europa.eu/html-pages-prod/4c126866-3686-47c4-9afb-6bd8a721b2af/documents/IUC5-bf7d8ff8-e2e3-4b8f-8052-ea730f4b0d63_97c4388e-aad8-4d96-a13e-bd73ac050710.html,3.022922655198334,Danio rerio,Danio rerio (previous name: Brachydanio rerio),freshwater fish,static,nominal,test mat.,mortality (fish),True,False,,,,,,,,,,,,,,,,,,,,,,,,,,,,,,,,,,,,echa_extension,16039-53-5__fish_96h_lc50__Danio rerio,ECHA_PMRA_material_aligned,retained_after_material_identity_audit,,,,,,,,,,
echa_pmra__16499-88-0__algae_72_96h_ec50__Raphidocelis subcapitata,16499-88-0,3-butoxypropan-1-amine,16499-88-0,,CCCCOCCCN,LPUBRQWGZPPVBS-UHFFFAOYSA-N,algae_72_96h_ec50,EC50,POP,ABND,Raphidocelis subcapitata,Green Algae,Chlorophyta,Chlorophyceae,Sphaeropleales,Selenastraceae,Raphidocelis,Algae;Standard Test Species,72.0,FW,24.0,7.5,,,echa_extension_main,dsstox_casrn,unclassified,0.0001066918662693,M,0.0001066918662693,-3.971868688063598,131.219,1.1519,False,False,1,1,7e1f7f2e-f8d6-4cbc-b015-47a6a80821d6,5b7d1d38-99d3-4b27-941a-377fcffa8181_088336e5-68e9-4764-a907-2531567285fc,https://chem.echa.europa.eu/html-pages-prod/7e1f7f2e-f8d6-4cbc-b015-47a6a80821d6/documents/5b7d1d38-99d3-4b27-941a-377fcffa8181_088336e5-68e9-4764-a907-2531567285fc.html,0.0,Raphidocelis subcapitata,"Raphidocelis subcapitata (previous names: Pseudokirchneriella subcapitata, Selenastrum capricornutum)",aquatic algae and cyanobacteria,static,nominal,test mat.,growth rate,False,True,,,,,,,,,,,,,,,,,,,,,,,,,,,,,,,,,,,,echa_extension,16499-88-0__algae_72_96h_ec50__Raphidocelis subcapitata,ECHA_PMRA_material_aligned,retained_after_material_identity_audit,,,,,,,,,,
echa_pmra__165101-57-5__algae_72_96h_ec50__Desmodesmus subspicatus,165101-57-5,"N-Butyl-2-(1-ethylpentyl)-1,3-oxazolidine",165101-57-5,,CCCCC(CC)C1OCCN1CCCC,CYMHAQCMKNVHPA-UHFFFAOYNA-N,algae_72_96h_ec50,EC50,POP,ABND,Desmodesmus subspicatus,Green Algae,Chlorophyta,Chlorophyceae,Chlorococcales,Scenedesmaceae,Desmodesmus,Algae;Standard Test Species,72.0,FW,24.0,7.3,,,echa_extension_main,dsstox_casrn,unclassified,3.6050347473823554e-05,M,3.6050347473823554e-05,-4.443090544946302,227.392,3.661200000000002,False,False,2,1,32c0e129-31df-45b1-952a-50262f3da5a3,5ad871f7-704f-4b3f-b84a-0a8082b6d01d_52fc39e1-0beb-4474-b764-c1f8890e221c,https://chem.echa.europa.eu/html-pages-prod/32c0e129-31df-45b1-952a-50262f3da5a3/documents/5ad871f7-704f-4b3f-b84a-0a8082b6d01d_52fc39e1-0beb-4474-b764-c1f8890e221c.html,0.3309932190414244,Desmodesmus subspicatus,Desmodesmus subspicatus (previous name: Scenedesmus subspicatus),aquatic algae and cyanobacteria,static,nominal,test mat.,biomass,False,True,,,,,,,,,,,,,,,,,,,,,,,,,,,,,,,,,,,,echa_extension,165101-57-5__algae_72_96h_ec50__Desmodesmus subspicatus,ECHA_PMRA_material_aligned,retained_after_material_identity_audit,,,,,,,,,,
echa_pmra__165101-57-5__daphnia_48h_ec50__Daphnia magna,165101-57-5,"N-Butyl-2-(1-ethylpentyl)-1,3-oxazolidine",165101-57-5,,CCCCC(CC)C1OCCN1CCCC,CYMHAQCMKNVHPA-UHFFFAOYNA-N,daphnia_48h_ec50,EC50,ITX,IMBL,Daphnia magna,Water Flea,Arthropoda,Branchiopoda,Diplostraca,Daphniidae,Daphnia,Crustaceans;Standard Test Species,48.0,FW,20.0,7.6,165.7,,echa_extension_main,dsstox_casrn,unclassified,4.177807486631016e-05,M,4.177807486631016e-05,-4.379051576184367,227.392,3.661200000000002,False,False,1,1,32c0e129-31df-45b1-952a-50262f3da5a3,2ce0cbec-3e44-4554-a4f3-ff622b4ceede_52fc39e1-0beb-4474-b764-c1f8890e221c,https://chem.echa.europa.eu/html-pages-prod/32c0e129-31df-45b1-952a-50262f3da5a3/documents/2ce0cbec-3e44-4554-a4f3-ff622b4ceede_52fc39e1-0beb-4474-b764-c1f8890e221c.html,0.0,Daphnia magna,Daphnia magna,freshwater aquatic invertebrates,static,nominal,test mat.,mobility,True,True,,,,,,,,,,,,,,,,,,,,,,,,,,,,,,,,,,,,echa_extension,165101-57-5__daphnia_48h_ec50__Daphnia magna,ECHA_PMRA_material_aligned,retained_after_material_identity_audit,,,,,,,,,,
echa_pmra__165101-57-5__fish_96h_lc50__Oncorhynchus mykiss,165101-57-5,"N-Butyl-2-(1-ethylpentyl)-1,3-oxazolidine",165101-57-5,,CCCCC(CC)C1OCCN1CCCC,CYMHAQCMKNVHPA-UHFFFAOYNA-N,fish_96h_lc50,LC50,MOR,MORT,Oncorhynchus mykiss,Rainbow Trout,Chordata,Actinopterygii,Salmoniformes,Salmonidae,Oncorhynchus,Fish;Standard Test Species;U.S. Threatened and Endangered Species,96.0,FW,13.4,7.55,66.0,,echa_extension_main,dsstox_casrn,unclassified,8.79538418238109e-05,M,8.79538418238109e-05,-4.055745185809234,227.392,3.661200000000002,False,False,1,1,32c0e129-31df-45b1-952a-50262f3da5a3,db66e93c-4461-48f3-9a2d-a2548a5867a3_52fc39e1-0beb-4474-b764-c1f8890e221c,https://chem.echa.europa.eu/html-pages-prod/32c0e129-31df-45b1-952a-50262f3da5a3/documents/db66e93c-4461-48f3-9a2d-a2548a5867a3_52fc39e1-0beb-4474-b764-c1f8890e221c.html,0.0,Oncorhynchus mykiss,Oncorhynchus mykiss (previous name: Salmo gairdneri),freshwater fish,semi-static,nominal,test mat.,mortality (fish),True,True,,,,,,,,,,,,,,,,,,,,,,,,,,,,,,,,,,,,echa_extension,165101-57-5__fish_96h_lc50__Oncorhynchus mykiss,ECHA_PMRA_material_aligned,retained_after_material_identity_audit,,,,,,,,,,
echa_pmra__178452-71-6__daphnia_48h_ec50__Daphnia magna,178452-71-6,"Chromate(5-), bis[6-[[[4-[2-(1-butyl-5-cyano-1,6-dihydro-2-hydroxy-4-methyl-6-oxo-3-pyridinyl)diazenyl]phenyl]sulfonyl]amino]-4-(hydroxy-κO)-3-[2-[2-(hydroxy-κO)-5-nitro-3-sulfophenyl]diazenyl]-2-naphthalenesulfonato(4-)]-, sodium (1:5)",178452-71-6,,[Na+].[Na+].[Na+].[Na+].[Na+].[Cr+3].CCCCN1C(O)=C(N=NC2=CC=C(C=C2)S(=O)(=O)NC2=CC3=C([O-])C(N=NC4=C([O-])C(=CC(=C4)[N+]([O-])=O)S([O-])(=O)=O)=C(C=C3C=C2)S([O-])(=O)=O)C(C)=C(C#N)C1=O.CCCCN1C(O)=C(N=NC2=CC=C(C=C2)S(=O)(=O)NC2=CC3=C([O-])C(N=NC4=C([O-])C(=CC(=C4)[N+]([O-])=O)S([O-])(=O)=O)=C(C=C3C=C2)S([O-])(=O)=O)C(C)=C(C#N)C1=O,AJWDFARYSIOWKO-UHFFFAOYSA-F,daphnia_48h_ec50,EC50,ITX,IMBL,Daphnia magna,Water Flea,Arthropoda,Branchiopoda,Diplostraca,Daphniidae,Daphnia,Crustaceans;Standard Test Species,48.0,FW,20.0,7.6,165.7,,echa_extension_main,dsstox_casrn,unclassified,3.311081441922566e-05,M,3.311081441922566e-05,-4.48003013687325,1872.5,-6.617500000000046,False,False,1,1,157e177a-3bf0-4836-a90b-c8b85a42edf2,1c34f069-d318-4173-af36-1d870ab4cc50_a5d202de-4cd5-4418-9abd-4197e8da9be1,https://chem.echa.europa.eu/html-pages-prod/157e177a-3bf0-4836-a90b-c8b85a42edf2/documents/1c34f069-d318-4173-af36-1d870ab4cc50_a5d202de-4cd5-4418-9abd-4197e8da9be1.html,0.0,Daphnia magna,Daphnia magna,freshwater aquatic invertebrates,static,nominal,test mat.,mobility,True,True,,,,,,,,,,,,,,,,,,,,,,,,,,,,,,,,,,,,echa_extension,178452-71-6__daphnia_48h_ec50__Daphnia magna,ECHA_PMRA_material_aligned,retained_after_material_identity_audit,,,,,,,,,,
echa_pmra__178452-71-6__fish_96h_lc50__Oncorhynchus mykiss,178452-71-6,"Chromate(5-), bis[6-[[[4-[2-(1-butyl-5-cyano-1,6-dihydro-2-hydroxy-4-methyl-6-oxo-3-pyridinyl)diazenyl]phenyl]sulfonyl]amino]-4-(hydroxy-κO)-3-[2-[2-(hydroxy-κO)-5-nitro-3-sulfophenyl]diazenyl]-2-naphthalenesulfonato(4-)]-, sodium (1:5)",178452-71-6,,[Na+].[Na+].[Na+].[Na+].[Na+].[Cr+3].CCCCN1C(O)=C(N=NC2=CC=C(C=C2)S(=O)(=O)NC2=CC3=C([O-])C(N=NC4=C([O-])C(=CC(=C4)[N+]([O-])=O)S([O-])(=O)=O)=C(C=C3C=C2)S([O-])(=O)=O)C(C)=C(C#N)C1=O.CCCCN1C(O)=C(N=NC2=CC=C(C=C2)S(=O)(=O)NC2=CC3=C([O-])C(N=NC4=C([O-])C(=CC(=C4)[N+]([O-])=O)S([O-])(=O)=O)=C(C=C3C=C2)S([O-])(=O)=O)C(C)=C(C#N)C1=O,AJWDFARYSIOWKO-UHFFFAOYSA-F,fish_96h_lc50,LC50,MOR,MORT,Oncorhynchus mykiss,Rainbow Trout,Chordata,Actinopterygii,Salmoniformes,Salmonidae,Oncorhynchus,Fish;Standard Test Species;U.S. Threatened and Endangered Species,96.0,FW,13.4,7.55,66.0,,echa_extension_main,dsstox_casrn,unclassified,2.8838451268357782e-05,M,2.8838451268357782e-05,-4.540028066548536,1872.5,-6.617500000000046,False,False,1,1,157e177a-3bf0-4836-a90b-c8b85a42edf2,5f692c75-0323-4378-9b2d-a87388b3b5c4_a5d202de-4cd5-4418-9abd-4197e8da9be1,https://chem.echa.europa.eu/html-pages-prod/157e177a-3bf0-4836-a90b-c8b85a42edf2/documents/5f692c75-0323-4378-9b2d-a87388b3b5c4_a5d202de-4cd5-4418-9abd-4197e8da9be1.html,0.0,Oncorhynchus mykiss,Oncorhynchus mykiss (previous name: Salmo gairdneri),freshwater fish,flow-through,nominal,test mat.,mortality (fish),True,True,,,,,,,,,,,,,,,,,,,,,,,,,,,,,,,,,,,,echa_extension,178452-71-6__fish_96h_lc50__Oncorhynchus mykiss,ECHA_PMRA_material_aligned,retained_after_material_identity_audit,,,,,,,,,,
echa_pmra__18085-02-4__fish_96h_lc50__Pimephales promelas,18085-02-4,"1,2-diacetoxybut-3-ene",18085-02-4,,CC(=O)OCC(OC(C)=O)C=C,MWWXARALRVYLAE-UHFFFAOYNA-N,fish_96h_lc50,LC50,MOR,MORT,Pimephales promelas,Fathead Minnow,Chordata,Actinopterygii,Cypriniformes,Cyprinidae,Pimephales,Fish;Standard Test Species,96.0,FW/,24.7,7.6,45.1,,echa_extension_main,dsstox_casrn,unclassified,0.0001945638285515,M,0.0001945638285515,-3.710937896444994,172.18,0.6672,False,False,1,1,34616939-26e5-4482-9aef-f673e080f19f,56f7e5b0-b5f9-4484-923b-adcfef9e79ad_7f918958-201c-48ee-87da-bd10ce794661,https://chem.echa.europa.eu/html-pages-prod/34616939-26e5-4482-9aef-f673e080f19f/documents/56f7e5b0-b5f9-4484-923b-adcfef9e79ad_7f918958-201c-48ee-87da-bd10ce794661.html,0.0,Pimephales promelas,Pimephales promelas,freshwater fish,static,not specified,not specified,mortality (fish),True,True,,,,,,,,,,,,,,,,,,,,,,,,,,,,,,,,,,,,echa_extension,18085-02-4__fish_96h_lc50__Pimephales promelas,ECHA_PMRA_material_aligned,retained_after_material_identity_audit,,,,,,,,,,
echa_pmra__213265-83-9__algae_72_96h_ec50__Desmodesmus subspicatus,213265-83-9,"4,6-Dichloro-5-fluoropyrimidine",213265-83-9,,FC1=C(Cl)N=CN=C1Cl,DGMIGAHDDPJOPN-UHFFFAOYSA-N,algae_72_96h_ec50,EC50,POP,ABND,Desmodesmus subspicatus,Green Algae,Chlorophyta,Chlorophyceae,Chlorococcales,Scenedesmaceae,Desmodesmus,Algae;Standard Test Species,72.0,FW,24.0,7.3,,,echa_extension_main,dsstox_casrn,unclassified,2.050722736204957e-06,M,2.050722736204957e-06,-5.688093053564362,166.96,1.9225,False,False,2,1,0e993d78-592e-48fb-a2c0-f770b414bdb8,8a15dec8-62c3-4dbf-9339-d74de7b141b2_50d26ddf-914a-4fed-b212-4f862b1f40fa,https://chem.echa.europa.eu/html-pages-prod/0e993d78-592e-48fb-a2c0-f770b414bdb8/documents/8a15dec8-62c3-4dbf-9339-d74de7b141b2_50d26ddf-914a-4fed-b212-4f862b1f40fa.html,0.5115315630804123,Desmodesmus subspicatus,Desmodesmus subspicatus (previous name: Scenedesmus subspicatus),aquatic algae and cyanobacteria,static,nominal,test mat.,biomass,False,True,,,,,,,,,,,,,,,,,,,,,,,,,,,,,,,,,,,,echa_extension,213265-83-9__algae_72_96h_ec50__Desmodesmus subspicatus,ECHA_PMRA_material_aligned,retained_after_material_identity_audit,,,,,,,,,,
echa_pmra__23386-52-9__daphnia_48h_ec50__Daphnia magna,23386-52-9,"sodium 1,4-dicyclohexyloxy-1,4-dioxobutane-2-sulfonate",23386-52-9,,[Na+].[O-]S(=O)(=O)C(CC(=O)OC1CCCCC1)C(=O)OC1CCCCC1,UELAIMNOXLAYRW-UHFFFAOYNA-M,daphnia_48h_ec50,EC50,ITX,IMBL,Daphnia magna,Water Flea,Arthropoda,Branchiopoda,Diplostraca,Daphniidae,Daphnia,Crustaceans;Standard Test Species,48.0,FW,20.0,7.6,165.7,,echa_extension_main,dsstox_casrn,unclassified,0.0011651568313078,M,0.0011651568313078,-2.9336156142195184,384.42,-0.9538999999999948,False,False,2,1,c98b2597-5fef-405a-85a5-db6ee1e76bcf,2939fd98-9b5b-4cd3-be63-6b5775915ec5_cfa19479-29cf-4985-a817-49bddd093bd2,https://chem.echa.europa.eu/html-pages-prod/c98b2597-5fef-405a-85a5-db6ee1e76bcf/documents/2939fd98-9b5b-4cd3-be63-6b5775915ec5_cfa19479-29cf-4985-a817-49bddd093bd2.html,0.0174516798277286,Daphnia magna,Daphnia magna,freshwater aquatic invertebrates,static,nominal,act. ingr.,other: immobilization,True,True,0.0136986301369863,3.0,1000.0,3.0,1000.0,1.0,73.0,14.0,,,,,,,,,,,,,,,,,,,,,0.0,0.0,0.0,0.0,0.0,0.0,0.0,echa_extension,23386-52-9__daphnia_48h_ec50__Daphnia magna,ECHA_PMRA_material_aligned,retained_after_material_identity_audit,,,,,,,,,,
echa_pmra__23386-52-9__fish_96h_lc50__Lepomis macrochirus,23386-52-9,"sodium 1,4-dicyclohexyloxy-1,4-dioxobutane-2-sulfonate",23386-52-9,,[Na+].[O-]S(=O)(=O)C(CC(=O)OC1CCCCC1)C(=O)OC1CCCCC1,UELAIMNOXLAYRW-UHFFFAOYNA-M,fish_96h_lc50,LC50,MOR,MORT,Lepomis macrochirus,Bluegill,Chordata,Actinopterygii,Perciformes,Centrarchidae,Lepomis,Fish;Standard Test Species,96.0,FW,23.0,7.83,21.0,,echa_extension_main,dsstox_casrn,unclassified,0.00119791912919,M,0.00119791912919,-2.9215724999200026,384.42,-0.9538999999999948,False,False,2,1,c98b2597-5fef-405a-85a5-db6ee1e76bcf,0b54c4f0-5551-4bbb-a681-2ef8ad655915_cfa19479-29cf-4985-a817-49bddd093bd2,https://chem.echa.europa.eu/html-pages-prod/c98b2597-5fef-405a-85a5-db6ee1e76bcf/documents/0b54c4f0-5551-4bbb-a681-2ef8ad655915_cfa19479-29cf-4985-a817-49bddd093bd2.html,0.017728766960432,Lepomis macrochirus,Lepomis macrochirus,freshwater fish,static,nominal,act. ingr.,mortality (fish),True,True,0.0136986301369863,3.0,1000.0,3.0,1000.0,1.0,73.0,14.0,,,,,,,,,,,,,,,,,,,,,0.0,0.0,0.0,0.0,0.0,0.0,0.0,echa_extension,23386-52-9__fish_96h_lc50__Lepomis macrochirus,ECHA_PMRA_material_aligned,retained_after_material_identity_audit,,,,,,,,,,
echa_pmra__2373-38-8__fish_96h_lc50__Oncorhynchus mykiss,2373-38-8,"sodium 1,4-bis(1,3-dimethylbutoxy)-1,4-dioxobutane-2-sulfonate",2373-38-8,,[Na+].CC(C)CC(C)OC(=O)CC(C(=O)OC(C)CC(C)C)S([O-])(=O)=O,BTJYKXPSPBJJDQ-UHFFFAOYNA-M,fish_96h_lc50,LC50,MOR,MORT,Oncorhynchus mykiss,Rainbow Trout,Chordata,Actinopterygii,Salmoniformes,Salmonidae,Oncorhynchus,Fish;Standard Test Species;U.S. Threatened and Endangered Species,96.0,FW,13.4,7.55,66.0,,echa_extension_main,dsstox_casrn,unclassified,0.002763065077101,M,0.002763065077101,-2.5586088862405463,388.45,-0.7500999999999969,False,False,2,1,c1f251f5-a06b-493a-9b36-a1cd918ca38f,2b1fb279-3e82-453e-859f-7297a1a907b6_110e2504-09c8-45ca-9e06-b9a787993e2e,https://chem.echa.europa.eu/html-pages-prod/c1f251f5-a06b-493a-9b36-a1cd918ca38f/documents/2b1fb279-3e82-453e-859f-7297a1a907b6_110e2504-09c8-45ca-9e06-b9a787993e2e.html,0.0969100130080562,Oncorhynchus mykiss,Oncorhynchus mykiss (previous name: Salmo gairdneri),freshwater fish,static,nominal,act. ingr.,mortality (fish),True,True,,,,,,,,,,,,,,,,,,,,,,,,,,,,,,,,,,,,echa_extension,2373-38-8__fish_96h_lc50__Oncorhynchus mykiss,ECHA_PMRA_material_aligned,retained_after_material_identity_audit,,,,,,,,,,
echa_pmra__23787-90-8__algae_72_96h_ec50__Raphidocelis subcapitata,23787-90-8,"1,1,5,5-tetramethylhexahydro-2H-2,4a-methanonaphthalen-8(5H)-one",23787-90-8,,CC1(C)C2CCC3(C2)C1C(=O)CCC3(C)C,VCOCESNMLNDPLX-UHFFFAOYNA-N,algae_72_96h_ec50,EC50,POP,ABND,Raphidocelis subcapitata,Green Algae,Chlorophyta,Chlorophyceae,Sphaeropleales,Selenastraceae,Raphidocelis,Algae;Standard Test Species,72.0,FW,24.0,7.5,,,echa_extension_main,dsstox_casrn,unclassified,4.813393652906308e-05,M,4.813393652906308e-05,-4.317548619042784,220.356,3.818000000000003,False,False,2,1,cdc757cd-0789-4cdb-be4c-6f0210d95e7b,IUC5-550992a1-5165-4c38-950b-5c6c5d1c20fc_b6beb064-bd11-424f-86a7-e234a1976c2c,https://chem.echa.europa.eu/html-pages-prod/cdc757cd-0789-4cdb-be4c-6f0210d95e7b/documents/IUC5-550992a1-5165-4c38-950b-5c6c5d1c20fc_b6beb064-bd11-424f-86a7-e234a1976c2c.html,0.3010299956639812,Raphidocelis subcapitata,"Raphidocelis subcapitata (previous names: Pseudokirchneriella subcapitata, Selenastrum capricornutum)",aquatic algae and cyanobacteria,static,meas. (initial),test mat.,growth rate,False,True,,,,,,,,,,,,,,,,,,,,,,,,,,,,,,,,,,,,echa_extension,23787-90-8__algae_72_96h_ec50__Raphidocelis subcapitata,ECHA_PMRA_material_aligned,retained_after_material_identity_audit,,,,,,,,,,
echa_pmra__23787-90-8__daphnia_48h_ec50__Daphnia magna,23787-90-8,"1,1,5,5-tetramethylhexahydro-2H-2,4a-methanonaphthalen-8(5H)-one",23787-90-8,,CC1(C)C2CCC3(C2)C1C(=O)CCC3(C)C,VCOCESNMLNDPLX-UHFFFAOYNA-N,daphnia_48h_ec50,EC50,ITX,IMBL,Daphnia magna,Water Flea,Arthropoda,Branchiopoda,Diplostraca,Daphniidae,Daphnia,Crustaceans;Standard Test Species,48.0,FW,20.0,7.6,165.7,,echa_extension_main,dsstox_casrn,unclassified,2.405198860026505e-05,M,2.405198860026505e-05,-4.618849010665685,220.356,3.818000000000003,False,False,1,1,cdc757cd-0789-4cdb-be4c-6f0210d95e7b,IUC5-c44d9449-6f74-4477-bf53-c1ce055f1014_b6beb064-bd11-424f-86a7-e234a1976c2c,https://chem.echa.europa.eu/html-pages-prod/cdc757cd-0789-4cdb-be4c-6f0210d95e7b/documents/IUC5-c44d9449-6f74-4477-bf53-c1ce055f1014_b6beb064-bd11-424f-86a7-e234a1976c2c.html,0.0,Daphnia magna,Daphnia magna,freshwater aquatic invertebrates,static,meas. (initial),test mat.,mobility,True,True,,,,,,,,,,,,,,,,,,,,,,,,,,,,,,,,,,,,echa_extension,23787-90-8__daphnia_48h_ec50__Daphnia magna,ECHA_PMRA_material_aligned,retained_after_material_identity_audit,,,,,,,,,,
echa_pmra__2416-94-6__algae_72_96h_ec50__Desmodesmus subspicatus,2416-94-6,"2,3,6-trimethylphenol",2416-94-6,,CC1=CC=C(C)C(O)=C1C,QQOMQLYQAXGHSU-UHFFFAOYSA-N,algae_72_96h_ec50,EC50,POP,ABND,Desmodesmus subspicatus,Green Algae,Chlorophyta,Chlorophyceae,Chlorococcales,Scenedesmaceae,Desmodesmus,Algae;Standard Test Species,72.0,FW,24.0,7.3,,,echa_extension_main,dsstox_casrn,unclassified,0.0001395068798919,M,0.0001395068798919,-3.855404374287015,136.194,2.3174600000000005,False,False,1,1,a2830815-4601-4faf-8a24-8af1c9e45a8b,IUC5-acefd5d5-d509-426f-beca-4062389fa65f_0601786a-9b87-4206-b77d-3c971003220f,https://chem.echa.europa.eu/html-pages-prod/a2830815-4601-4faf-8a24-8af1c9e45a8b/documents/IUC5-acefd5d5-d509-426f-beca-4062389fa65f_0601786a-9b87-4206-b77d-3c971003220f.html,0.0,Desmodesmus subspicatus,Desmodesmus subspicatus (previous name: Scenedesmus subspicatus),aquatic algae and cyanobacteria,static,nominal,test mat.,biomass,False,True,0.0114942528735632,3.0,1000.0,3.0,1000.0,1.0,87.0,14.0,,,,,,,,,,,,,,,,,,,,,0.0,0.0,0.0,0.0,0.0,0.0,0.0,echa_extension,2416-94-6__algae_72_96h_ec50__Desmodesmus subspicatus,ECHA_PMRA_material_aligned,retained_after_material_identity_audit,,,,,,,,,,
echa_pmra__2416-94-6__algae_72_96h_ec50__Raphidocelis subcapitata,2416-94-6,"2,3,6-trimethylphenol",2416-94-6,,CC1=CC=C(C)C(O)=C1C,QQOMQLYQAXGHSU-UHFFFAOYSA-N,algae_72_96h_ec50,EC50,POP,ABND,Raphidocelis subcapitata,Green Algae,Chlorophyta,Chlorophyceae,Sphaeropleales,Selenastraceae,Raphidocelis,Algae;Standard Test Species,72.0,FW,24.0,7.5,,,echa_extension_main,dsstox_casrn,unclassified,0.0001042630365508,M,0.0001042630365508,-3.9818696308567874,136.194,2.3174600000000005,False,False,1,1,a2830815-4601-4faf-8a24-8af1c9e45a8b,1ce0d176-6b55-4b76-b3b9-9c7afdf524f0_0601786a-9b87-4206-b77d-3c971003220f,https://chem.echa.europa.eu/html-pages-prod/a2830815-4601-4faf-8a24-8af1c9e45a8b/documents/1ce0d176-6b55-4b76-b3b9-9c7afdf524f0_0601786a-9b87-4206-b77d-3c971003220f.html,0.0,Raphidocelis subcapitata,"Raphidocelis subcapitata (previous names: Pseudokirchneriella subcapitata, Selenastrum capricornutum)",aquatic algae and cyanobacteria,static,nominal,test mat.,biomass,False,True,0.0114942528735632,3.0,1000.0,3.0,1000.0,1.0,87.0,14.0,,,,,,,,,,,,,,,,,,,,,0.0,0.0,0.0,0.0,0.0,0.0,0.0,echa_extension,2416-94-6__algae_72_96h_ec50__Raphidocelis subcapitata,ECHA_PMRA_material_aligned,retained_after_material_identity_audit,,,,,,,,,,
echa_pmra__2416-94-6__daphnia_48h_ec50__Daphnia magna,2416-94-6,"2,3,6-trimethylphenol",2416-94-6,,CC1=CC=C(C)C(O)=C1C,QQOMQLYQAXGHSU-UHFFFAOYSA-N,daphnia_48h_ec50,EC50,ITX,IMBL,Daphnia magna,Water Flea,Arthropoda,Branchiopoda,Diplostraca,Daphniidae,Daphnia,Crustaceans;Standard Test Species,48.0,FW,20.0,7.6,165.7,,echa_extension_main,dsstox_casrn,unclassified,6.71835763690031e-05,M,6.71835763690031e-05,-4.172736881173395,136.194,2.3174600000000005,False,False,1,1,a2830815-4601-4faf-8a24-8af1c9e45a8b,IUC5-399f6b6c-9d30-44c6-aea0-aaabab03f2d4_0601786a-9b87-4206-b77d-3c971003220f,https://chem.echa.europa.eu/html-pages-prod/a2830815-4601-4faf-8a24-8af1c9e45a8b/documents/IUC5-399f6b6c-9d30-44c6-aea0-aaabab03f2d4_0601786a-9b87-4206-b77d-3c971003220f.html,0.0,Daphnia magna,Daphnia magna,freshwater aquatic invertebrates,static,nominal,test mat.,mobility,True,True,0.0114942528735632,3.0,1000.0,3.0,1000.0,1.0,87.0,14.0,,,,,,,,,,,,,,,,,,,,,0.0,0.0,0.0,0.0,0.0,0.0,0.0,echa_extension,2416-94-6__daphnia_48h_ec50__Daphnia magna,ECHA_PMRA_material_aligned,retained_after_material_identity_audit,,,,,,,,,,
echa_pmra__2416-94-6__fish_96h_lc50__Leuciscus idus,2416-94-6,"2,3,6-trimethylphenol",2416-94-6,,CC1=CC=C(C)C(O)=C1C,QQOMQLYQAXGHSU-UHFFFAOYSA-N,fish_96h_lc50,LC50,MOR,MORT,Leuciscus idus,"Ide, Silver Or Golden Orfe",Chordata,Actinopterygii,Cypriniformes,Cyprinidae,Leuciscus,Fish,96.0,FW/,14.0,,,,echa_extension_main,dsstox_casrn,unclassified,0.0001076405715376,M,0.0001076405715376,-3.968024004934735,136.194,2.3174600000000005,False,False,1,1,a2830815-4601-4faf-8a24-8af1c9e45a8b,IUC5-ad44f368-433e-4377-b916-0dde74fb24cc_0601786a-9b87-4206-b77d-3c971003220f,https://chem.echa.europa.eu/html-pages-prod/a2830815-4601-4faf-8a24-8af1c9e45a8b/documents/IUC5-ad44f368-433e-4377-b916-0dde74fb24cc_0601786a-9b87-4206-b77d-3c971003220f.html,0.0,Leuciscus idus,Leuciscus idus,freshwater fish,static,nominal,test mat.,mortality (fish),True,False,0.0114942528735632,3.0,1000.0,3.0,1000.0,1.0,87.0,14.0,,,,,,,,,,,,,,,,,,,,,0.0,0.0,0.0,0.0,0.0,0.0,0.0,echa_extension,2416-94-6__fish_96h_lc50__Leuciscus idus,ECHA_PMRA_material_aligned,retained_after_material_identity_audit,,,,,,,,,,
echa_pmra__2416-94-6__fish_96h_lc50__Pimephales promelas,2416-94-6,"2,3,6-trimethylphenol",2416-94-6,,CC1=CC=C(C)C(O)=C1C,QQOMQLYQAXGHSU-UHFFFAOYSA-N,fish_96h_lc50,LC50,MOR,MORT,Pimephales promelas,Fathead Minnow,Chordata,Actinopterygii,Cypriniformes,Cyprinidae,Pimephales,Fish;Standard Test Species,96.0,FW/,24.7,7.6,45.1,,echa_extension_main,dsstox_casrn,unclassified,6.020823237440712e-05,M,6.020823237440712e-05,-4.220344122856127,136.194,2.3174600000000005,False,False,1,1,a2830815-4601-4faf-8a24-8af1c9e45a8b,IUC5-c847a544-6265-421b-8771-91b027a9c22a_0601786a-9b87-4206-b77d-3c971003220f,https://chem.echa.europa.eu/html-pages-prod/a2830815-4601-4faf-8a24-8af1c9e45a8b/documents/IUC5-c847a544-6265-421b-8771-91b027a9c22a_0601786a-9b87-4206-b77d-3c971003220f.html,0.0,Pimephales promelas,Pimephales promelas,freshwater fish,flow-through,nominal,test mat.,mortality (fish),True,True,0.0114942528735632,3.0,1000.0,3.0,1000.0,1.0,87.0,14.0,,,,,,,,,,,,,,,,,,,,,0.0,0.0,0.0,0.0,0.0,0.0,0.0,echa_extension,2416-94-6__fish_96h_lc50__Pimephales promelas,ECHA_PMRA_material_aligned,retained_after_material_identity_audit,,,,,,,,,,
echa_pmra__244761-29-3__algae_72_96h_ec50__Raphidocelis subcapitata,244761-29-3,Lithium bis(oxalato)borate,244761-29-3,,[Li+].O=C1O[B-]2(OC1=O)OC(=O)C(=O)O2,NVQAYVUCVASGDK-UHFFFAOYSA-N,algae_72_96h_ec50,EC50,POP,ABND,Raphidocelis subcapitata,Green Algae,Chlorophyta,Chlorophyceae,Sphaeropleales,Selenastraceae,Raphidocelis,Algae;Standard Test Species,72.0,FW,24.0,7.5,,,echa_extension_main,dsstox_casrn,unclassified,0.0001811754992517,M,0.0001811754992517,-3.741900533255226,193.79,-5.373999999999998,False,False,3,1,911cdc1b-3009-4e09-b94e-4fa7083a485a,IUC5-e82c2b7c-74c7-4965-96b2-1626e65affce_7a8f0245-d080-4749-b8da-b3147490c02f,https://chem.echa.europa.eu/html-pages-prod/911cdc1b-3009-4e09-b94e-4fa7083a485a/documents/IUC5-e82c2b7c-74c7-4965-96b2-1626e65affce_7a8f0245-d080-4749-b8da-b3147490c02f.html,0.0749539338481697,Raphidocelis subcapitata,"Raphidocelis subcapitata (previous names: Pseudokirchneriella subcapitata, Selenastrum capricornutum)",aquatic algae and cyanobacteria,static,nominal,test mat.,biomass,False,True,,,,,,,,,,,,,,,,,,,,,,,,,,,,,,,,,,,,echa_extension,244761-29-3__algae_72_96h_ec50__Raphidocelis subcapitata,ECHA_PMRA_material_aligned,retained_after_material_identity_audit,,,,,,,,,,
echa_pmra__294-90-6__algae_72_96h_ec50__Desmodesmus subspicatus,294-90-6,"1,4,7,10-Tetraazacyclododecane",294-90-6,,C1CNCCNCCNCCN1,QBPPRVHXOZRESW-UHFFFAOYSA-N,algae_72_96h_ec50,EC50,POP,ABND,Desmodesmus subspicatus,Green Algae,Chlorophyta,Chlorophyceae,Chlorococcales,Scenedesmaceae,Desmodesmus,Algae;Standard Test Species,72.0,FW,24.0,7.3,,,echa_extension_main,dsstox_casrn,unclassified,0.0002517500805939,M,0.0002517500805939,-3.599030381741569,172.276,-1.6415999999999973,False,False,2,1,928ebafb-1c20-4b7c-9800-7f10f70a1351,SNIF-c25c2c84-a65f-3ac4-8a3e-77cf3a3d0efb_719cf812-aaa9-4ec8-b475-1108d67ca5b6,https://chem.echa.europa.eu/html-pages-prod/928ebafb-1c20-4b7c-9800-7f10f70a1351/documents/SNIF-c25c2c84-a65f-3ac4-8a3e-77cf3a3d0efb_719cf812-aaa9-4ec8-b475-1108d67ca5b6.html,0.7168815936447204,Desmodesmus subspicatus,Desmodesmus subspicatus (previous name: Scenedesmus subspicatus),aquatic algae and cyanobacteria,static,nominal,test mat.,biomass,False,True,,,,,,,,,,,,,,,,,,,,,,,,,,,,,,,,,,,,echa_extension,294-90-6__algae_72_96h_ec50__Desmodesmus subspicatus,ECHA_PMRA_material_aligned,retained_after_material_identity_audit,,,,,,,,,,
echa_pmra__294-90-6__daphnia_48h_ec50__Daphnia magna,294-90-6,"1,4,7,10-Tetraazacyclododecane",294-90-6,,C1CNCCNCCNCCN1,QBPPRVHXOZRESW-UHFFFAOYSA-N,daphnia_48h_ec50,EC50,ITX,IMBL,Daphnia magna,Water Flea,Arthropoda,Branchiopoda,Diplostraca,Daphniidae,Daphnia,Crustaceans;Standard Test Species,48.0,FW,20.0,7.6,165.7,,echa_extension_main,dsstox_casrn,unclassified,0.0001456964405953,M,0.0001456964405953,-3.836551058035721,172.276,-1.6415999999999973,False,False,1,1,928ebafb-1c20-4b7c-9800-7f10f70a1351,SNIF-ad62b91c-0fc0-367d-882d-f241becdc72d_719cf812-aaa9-4ec8-b475-1108d67ca5b6,https://chem.echa.europa.eu/html-pages-prod/928ebafb-1c20-4b7c-9800-7f10f70a1351/documents/SNIF-ad62b91c-0fc0-367d-882d-f241becdc72d_719cf812-aaa9-4ec8-b475-1108d67ca5b6.html,0.0,Daphnia magna,Daphnia magna,freshwater aquatic invertebrates,static,nominal,test mat.,mobility,True,True,,,,,,,,,,,,,,,,,,,,,,,,,,,,,,,,,,,,echa_extension,294-90-6__daphnia_48h_ec50__Daphnia magna,ECHA_PMRA_material_aligned,retained_after_material_identity_audit,,,,,,,,,,
echa_pmra__37443-42-8__fish_96h_lc50__Oncorhynchus mykiss,37443-42-8,Methyl tetrahydro-2-furancarboxylate,37443-42-8,,COC(=O)C1CCCO1,IXHZGHPQQTXOKV-UHFFFAOYNA-N,fish_96h_lc50,LC50,MOR,MORT,Oncorhynchus mykiss,Rainbow Trout,Chordata,Actinopterygii,Salmoniformes,Salmonidae,Oncorhynchus,Fish;Standard Test Species;U.S. Threatened and Endangered Species,96.0,FW,13.4,7.55,66.0,,echa_extension_main,dsstox_casrn,unclassified,0.0002458833744419,M,0.0002458833744419,-3.609270835361386,130.143,0.3383999999999998,False,False,1,1,4d1e197d-96f8-4908-9af3-5643f165cea0,IUC5-414072c4-cb7a-4a0e-884d-cc60851ab160_cf0bc213-8042-4e0d-9d7a-b637776d8b78,https://chem.echa.europa.eu/html-pages-prod/4d1e197d-96f8-4908-9af3-5643f165cea0/documents/IUC5-414072c4-cb7a-4a0e-884d-cc60851ab160_cf0bc213-8042-4e0d-9d7a-b637776d8b78.html,0.0,Oncorhynchus mykiss,Oncorhynchus mykiss (previous name: Salmo gairdneri),freshwater fish,static,meas. (geom. mean),test mat.,mortality (fish),True,True,,,,,,,,,,,,,,,,,,,,,,,,,,,,,,,,,,,,echa_extension,37443-42-8__fish_96h_lc50__Oncorhynchus mykiss,ECHA_PMRA_material_aligned,retained_after_material_identity_audit,,,,,,,,,,
echa_pmra__52411-34-4__algae_72_96h_ec50__Desmodesmus subspicatus,52411-34-4,"1,2-Bis(2-aminophenoxy)ethane",52411-34-4,,NC1=CC=CC=C1OCCOC1=CC=CC=C1N,PSDFQEVOCCOOET-UHFFFAOYSA-N,algae_72_96h_ec50,EC50,POP,ABND,Desmodesmus subspicatus,Green Algae,Chlorophyta,Chlorophyceae,Chlorococcales,Scenedesmaceae,Desmodesmus,Algae;Standard Test Species,72.0,FW,24.0,7.3,,,echa_extension_main,dsstox_casrn,unclassified,2.208509900548819e-05,M,2.208509900548819e-05,-4.655900649498602,244.294,2.3088,False,False,2,1,736a8ade-49ad-4751-a75d-d34c2d9b99c2,SNIF-e86edf71-d4e8-387f-92b0-d545e06cbab5_6648d509-b594-4492-b676-54b538968954,https://chem.echa.europa.eu/html-pages-prod/736a8ade-49ad-4751-a75d-d34c2d9b99c2/documents/SNIF-e86edf71-d4e8-387f-92b0-d545e06cbab5_6648d509-b594-4492-b676-54b538968954.html,0.15374743254843,Desmodesmus subspicatus,other: Desmodesmus subspicatus (CHODAT),aquatic algae and cyanobacteria,,[Empty],[Empty],biomass,False,True,,,,,,,,,,,,,,,,,,,,,,,,,,,,,,,,,,,,echa_extension,52411-34-4__algae_72_96h_ec50__Desmodesmus subspicatus,ECHA_PMRA_material_aligned,retained_after_material_identity_audit,,,,,,,,,,
echa_pmra__57374-49-9__algae_72_96h_ec50__Desmodesmus subspicatus,57374-49-9,methyl [3-(acetyloxy)-2-pentylcyclopent-2-en-1-yl]acetate,57374-49-9,,CC(O)=O.CCCCCC1=C(O)CCC1CC(=O)OC,SHOOPCSHVDJLNC-UHFFFAOYNA-N,algae_72_96h_ec50,EC50,POP,ABND,Desmodesmus subspicatus,Green Algae,Chlorophyta,Chlorophyceae,Chlorococcales,Scenedesmaceae,Desmodesmus,Algae;Standard Test Species,72.0,FW,24.0,7.3,,,echa_extension_main,dsstox_casrn,unclassified,7.890707027226394e-05,M,7.890707027226394e-05,-4.102884081167515,286.368,3.442800000000002,False,False,2,1,c3f454c9-b530-4eb3-a379-2e36b21f8fe6,IUC5-04a9d1ee-c904-4fe1-8a5d-fb034e350177_80ac6222-1412-472c-8a23-1979bf13c6c1,https://chem.echa.europa.eu/html-pages-prod/c3f454c9-b530-4eb3-a379-2e36b21f8fe6/documents/IUC5-04a9d1ee-c904-4fe1-8a5d-fb034e350177_80ac6222-1412-472c-8a23-1979bf13c6c1.html,0.1737373536622035,Desmodesmus subspicatus,Desmodesmus subspicatus (previous name: Scenedesmus subspicatus),aquatic algae and cyanobacteria,static,[Empty],[Empty],biomass,False,True,,,,,,,,,,,,,,,,,,,,,,,,,,,,,,,,,,,,echa_extension,57374-49-9__algae_72_96h_ec50__Desmodesmus subspicatus,ECHA_PMRA_material_aligned,retained_after_material_identity_audit,,,,,,,,,,
echa_pmra__57374-49-9__fish_96h_lc50__Oncorhynchus mykiss,57374-49-9,methyl [3-(acetyloxy)-2-pentylcyclopent-2-en-1-yl]acetate,57374-49-9,,CC(O)=O.CCCCCC1=C(O)CCC1CC(=O)OC,SHOOPCSHVDJLNC-UHFFFAOYNA-N,fish_96h_lc50,LC50,MOR,MORT,Oncorhynchus mykiss,Rainbow Trout,Chordata,Actinopterygii,Salmoniformes,Salmonidae,Oncorhynchus,Fish;Standard Test Species;U.S. Threatened and Endangered Species,96.0,FW,13.4,7.55,66.0,,echa_extension_main,dsstox_casrn,unclassified,1.1837914850821316e-05,M,1.1837914850821316e-05,-4.926724788198549,286.368,3.442800000000002,False,False,1,1,c3f454c9-b530-4eb3-a379-2e36b21f8fe6,IUC5-aff3fe72-08ec-4ab4-a28f-e1f6c64ca23e_80ac6222-1412-472c-8a23-1979bf13c6c1,https://chem.echa.europa.eu/html-pages-prod/c3f454c9-b530-4eb3-a379-2e36b21f8fe6/documents/IUC5-aff3fe72-08ec-4ab4-a28f-e1f6c64ca23e_80ac6222-1412-472c-8a23-1979bf13c6c1.html,0.0,Oncorhynchus mykiss,Oncorhynchus mykiss (previous name: Salmo gairdneri),freshwater fish,static,[Empty],[Empty],mortality (fish),True,True,,,,,,,,,,,,,,,,,,,,,,,,,,,,,,,,,,,,echa_extension,57374-49-9__fish_96h_lc50__Oncorhynchus mykiss,ECHA_PMRA_material_aligned,retained_after_material_identity_audit,,,,,,,,,,
echa_pmra__63675-73-0__algae_72_96h_ec50__Raphidocelis subcapitata,63675-73-0,1-(4-methoxyphenyl)-2-[(3-methoxyphenyl)thio] ethanone,63675-73-0,,COC1=CC=C(C=C1)C(=O)CSC1=CC=CC(OC)=C1,CXSKVBXJDSVPKS-UHFFFAOYSA-N,algae_72_96h_ec50,EC50,POP,ABND,Raphidocelis subcapitata,Green Algae,Chlorophyta,Chlorophyceae,Sphaeropleales,Selenastraceae,Raphidocelis,Algae;Standard Test Species,72.0,FW,24.0,7.5,,,echa_extension_main,dsstox_casrn,unclassified,2.991542838031269e-06,M,2.991542838031269e-06,-5.524104773805592,288.36,3.6788000000000025,False,False,2,1,1689655f-ca16-4e7d-8e75-0376ee914b46,546ef67a-c8da-49df-8147-f772cf937cdc_8b1350a0-f5f6-4d7e-9e4e-a59d67168ad7,https://chem.echa.europa.eu/html-pages-prod/1689655f-ca16-4e7d-8e75-0376ee914b46/documents/546ef67a-c8da-49df-8147-f772cf937cdc_8b1350a0-f5f6-4d7e-9e4e-a59d67168ad7.html,0.2939102545410339,Raphidocelis subcapitata,"Raphidocelis subcapitata (previous names: Pseudokirchneriella subcapitata, Selenastrum capricornutum)",aquatic algae and cyanobacteria,semi-static,[Empty],[Empty],biomass,False,True,,,,,,,,,,,,,,,,,,,,,,,,,,,,,,,,,,,,echa_extension,63675-73-0__algae_72_96h_ec50__Raphidocelis subcapitata,ECHA_PMRA_material_aligned,retained_after_material_identity_audit,,,,,,,,,,
echa_pmra__69227-51-6__daphnia_48h_ec50__Daphnia magna,69227-51-6,N-ethyl-N-methylpyrrolidinium bromide,69227-51-6,,[Br-].CC[N+]1(C)CCCC1,KHJQQUGSPDBDRM-UHFFFAOYSA-M,daphnia_48h_ec50,EC50,ITX,IMBL,Daphnia magna,Water Flea,Arthropoda,Branchiopoda,Diplostraca,Daphniidae,Daphnia,Crustaceans;Standard Test Species,48.0,FW,20.0,7.6,165.7,,echa_extension_main,dsstox_casrn,unclassified,0.0034000288487296,M,0.0034000288487296,-2.468517398019235,194.116,-1.749299999999998,False,False,1,1,fc2c0493-644e-4c2f-b277-f270fa27f2ee,a458f6ff-8aab-4dad-890f-4375e49512a5_704aabc6-6d29-42ec-889d-95f68b10192e,https://chem.echa.europa.eu/html-pages-prod/fc2c0493-644e-4c2f-b277-f270fa27f2ee/documents/a458f6ff-8aab-4dad-890f-4375e49512a5_704aabc6-6d29-42ec-889d-95f68b10192e.html,0.0,Daphnia magna,Daphnia magna,freshwater aquatic invertebrates,static,nominal,test mat.,mobility,True,True,0.0,3.0,1000.0,3.0,1000.0,0.0,70.0,12.0,,,,,,,,,,,,,,,,,,0.0,0.0,0.0,0.0,,0.25,,,,,echa_extension,69227-51-6__daphnia_48h_ec50__Daphnia magna,ECHA_PMRA_material_aligned,retained_after_material_identity_audit,,,,,,,,,,
echa_pmra__69227-51-6__fish_96h_lc50__Oncorhynchus mykiss,69227-51-6,N-ethyl-N-methylpyrrolidinium bromide,69227-51-6,,[Br-].CC[N+]1(C)CCCC1,KHJQQUGSPDBDRM-UHFFFAOYSA-M,fish_96h_lc50,LC50,MOR,MORT,Oncorhynchus mykiss,Rainbow Trout,Chordata,Actinopterygii,Salmoniformes,Salmonidae,Oncorhynchus,Fish;Standard Test Species;U.S. Threatened and Endangered Species,96.0,FW,13.4,7.55,66.0,,echa_extension_main,dsstox_casrn,unclassified,0.0288487296255847,M,0.0288487296255847,-1.5398733065549033,194.116,-1.749299999999998,False,False,1,1,fc2c0493-644e-4c2f-b277-f270fa27f2ee,IUC5-9cd12c78-54fd-4d63-86c9-a245fe2edc2d_704aabc6-6d29-42ec-889d-95f68b10192e,https://chem.echa.europa.eu/html-pages-prod/fc2c0493-644e-4c2f-b277-f270fa27f2ee/documents/IUC5-9cd12c78-54fd-4d63-86c9-a245fe2edc2d_704aabc6-6d29-42ec-889d-95f68b10192e.html,0.0,Oncorhynchus mykiss,Oncorhynchus mykiss (previous name: Salmo gairdneri),freshwater fish,static,meas. (initial),test mat.,mortality (fish),True,True,0.0,3.0,1000.0,3.0,1000.0,0.0,70.0,12.0,,,,,,,,,,,,,,,,,,0.0,0.0,0.0,0.0,,0.25,,,,,echa_extension,69227-51-6__fish_96h_lc50__Oncorhynchus mykiss,ECHA_PMRA_material_aligned,retained_after_material_identity_audit,,,,,,,,,,
echa_pmra__70528-90-4__daphnia_48h_ec50__Daphnia magna,70528-90-4,"5-[(4-chloro-2-nitrophenyl)diazenyl]-1-ethyl-6-hydroxy-4-methyl-2-oxo-1,2-dihydropyridine-3-carbonitrile",70528-90-4,,CCN1C(O)=C(N=NC2=C(C=C(Cl)C=C2)[N+]([O-])=O)C(C)=C(C#N)C1=O,BBVOMHRLNCRXRH-UHFFFAOYSA-N,daphnia_48h_ec50,EC50,ITX,IMBL,Daphnia magna,Water Flea,Arthropoda,Branchiopoda,Diplostraca,Daphniidae,Daphnia,Crustaceans;Standard Test Species,48.0,FW,20.0,7.6,165.7,,echa_extension_main,dsstox_casrn,unclassified,1.2439873942610722e-06,M,1.2439873942610722e-06,-5.905184020473652,361.74,3.7309000000000014,False,False,1,1,9ce10f9f-e362-4b58-a820-2251c1aec763,IUC5-99a8f323-f6e9-448b-ab86-213b88726c17_021d04ae-ffb2-42c8-a9c4-7fab31802cd6,https://chem.echa.europa.eu/html-pages-prod/9ce10f9f-e362-4b58-a820-2251c1aec763/documents/IUC5-99a8f323-f6e9-448b-ab86-213b88726c17_021d04ae-ffb2-42c8-a9c4-7fab31802cd6.html,0.0,Daphnia magna,Daphnia magna,freshwater aquatic invertebrates,static,nominal,test mat.,mobility,True,True,,,,,,,,,,,,,,,,,,,,,,,,,,,,,,,,,,,,echa_extension,70528-90-4__daphnia_48h_ec50__Daphnia magna,ECHA_PMRA_material_aligned,retained_after_material_identity_audit,,,,,,,,,,
echa_pmra__70528-90-4__fish_96h_lc50__Danio rerio,70528-90-4,"5-[(4-chloro-2-nitrophenyl)diazenyl]-1-ethyl-6-hydroxy-4-methyl-2-oxo-1,2-dihydropyridine-3-carbonitrile",70528-90-4,,CCN1C(O)=C(N=NC2=C(C=C(Cl)C=C2)[N+]([O-])=O)C(C)=C(C#N)C1=O,BBVOMHRLNCRXRH-UHFFFAOYSA-N,fish_96h_lc50,LC50,MOR,MORT,Danio rerio,Zebra Danio,Chordata,Actinopterygii,Cypriniformes,Cyprinidae,Danio,Fish;Standard Test Species,96.0,FW/,26.0,7.4,37.0,,echa_extension_main,dsstox_casrn,unclassified,0.0012782385138497,M,0.0012782385138497,-2.893388101119786,361.74,3.7309000000000014,False,False,1,1,9ce10f9f-e362-4b58-a820-2251c1aec763,IUC5-0542597a-353c-4f1e-9ff6-f993c7d80204_021d04ae-ffb2-42c8-a9c4-7fab31802cd6,https://chem.echa.europa.eu/html-pages-prod/9ce10f9f-e362-4b58-a820-2251c1aec763/documents/IUC5-0542597a-353c-4f1e-9ff6-f993c7d80204_021d04ae-ffb2-42c8-a9c4-7fab31802cd6.html,0.0,Danio rerio,Danio rerio (previous name: Brachydanio rerio),freshwater fish,static,nominal,test mat.,mortality (fish),True,False,,,,,,,,,,,,,,,,,,,,,,,,,,,,,,,,,,,,echa_extension,70528-90-4__fish_96h_lc50__Danio rerio,ECHA_PMRA_material_aligned,retained_after_material_identity_audit,,,,,,,,,,
echa_pmra__79-21-0__algae_72_96h_ec50__Desmodesmus subspicatus,79-21-0,ethaneperoxoic acid,79-21-0,,CC(=O)OO,KFSLWBXXFJQRDL-UHFFFAOYSA-N,algae_72_96h_ec50,EC50,POP,ABND,Desmodesmus subspicatus,Green Algae,Chlorophyta,Chlorophyceae,Chlorococcales,Scenedesmaceae,Desmodesmus,Algae;Standard Test Species,72.0,FW,24.0,7.3,,,echa_extension_main,dsstox_casrn,unclassified,1.4307736133631831e-05,M,1.4307736133631831e-05,-4.844429077802097,76.051,0.0224999999999999,False,False,2,1,7b9371d6-45a6-4d89-bc33-c83e8959d198,IUC5-1e0faf67-040f-47a5-9bf6-4dd7519bae1c_f21a71a0-d46d-4576-b7c4-164b49ca014a,https://chem.echa.europa.eu/html-pages-prod/7b9371d6-45a6-4d89-bc33-c83e8959d198/documents/IUC5-1e0faf67-040f-47a5-9bf6-4dd7519bae1c_f21a71a0-d46d-4576-b7c4-164b49ca014a.html,0.3348882629249496,Desmodesmus subspicatus,Desmodesmus subspicatus (previous name: Scenedesmus subspicatus),aquatic algae and cyanobacteria,static,nominal,act. ingr.,biomass,False,True,0.0,3.0,1000.0,3.0,1000.0,0.0,14.0,13.0,,,,,,,,,,,,,,,,,,0.0,0.0,0.0,0.0,0.0,0.0,,,,,echa_extension,79-21-0__algae_72_96h_ec50__Desmodesmus subspicatus,ECHA_PMRA_material_aligned,retained_after_material_identity_audit,,,,,,,,,,
echa_pmra__79-21-0__algae_72_96h_ec50__Raphidocelis subcapitata,79-21-0,ethaneperoxoic acid,79-21-0,,CC(=O)OO,KFSLWBXXFJQRDL-UHFFFAOYSA-N,algae_72_96h_ec50,EC50,POP,ABND,Raphidocelis subcapitata,Green Algae,Chlorophyta,Chlorophyceae,Sphaeropleales,Selenastraceae,Raphidocelis,Algae;Standard Test Species,72.0,FW,24.0,7.5,,,echa_extension_main,dsstox_casrn,unclassified,4.877578727693628e-06,M,4.877578727693628e-06,-5.311795712045801,76.051,0.0224999999999999,False,False,2,2,7b9371d6-45a6-4d89-bc33-c83e8959d198,IUC5-2c8830f1-4e59-401c-87f3-bec0236aec6b_f21a71a0-d46d-4576-b7c4-164b49ca014a; IUC5-7c522340-0d18-4cac-96d3-48402358922a_f21a71a0-d46d-4576-b7c4-164b49ca014a,https://chem.echa.europa.eu/html-pages-prod/7b9371d6-45a6-4d89-bc33-c83e8959d198/documents/IUC5-2c8830f1-4e59-401c-87f3-bec0236aec6b_f21a71a0-d46d-4576-b7c4-164b49ca014a.html; https://chem.echa.europa.eu/html-pages-prod/7b9371d6-45a6-4d89-bc33-c83e8959d198/documents/IUC5-7c522340-0d18-4cac-96d3-48402358922a_f21a71a0-d46d-4576-b7c4-164b49ca014a.html,0.7303784685876433,Raphidocelis subcapitata,"Raphidocelis subcapitata (previous names: Pseudokirchneriella subcapitata, Selenastrum capricornutum)",aquatic algae and cyanobacteria,static,meas. (initial),"act. ingr. (15% PAA, 23.2% H2O2 in product)",growth rate,False,True,0.0,3.0,1000.0,3.0,1000.0,0.0,14.0,13.0,,,,,,,,,,,,,,,,,,0.0,0.0,0.0,0.0,0.0,0.0,,,,,echa_extension,79-21-0__algae_72_96h_ec50__Raphidocelis subcapitata,ECHA_PMRA_material_aligned,retained_after_material_identity_audit,,,,,,,,,,
echa_pmra__79-21-0__daphnia_48h_ec50__Daphnia magna,79-21-0,ethaneperoxoic acid,79-21-0,,CC(=O)OO,KFSLWBXXFJQRDL-UHFFFAOYSA-N,daphnia_48h_ec50,EC50,ITX,IMBL,Daphnia magna,Water Flea,Arthropoda,Branchiopoda,Diplostraca,Daphniidae,Daphnia,Crustaceans;Standard Test Species,48.0,FW,20.0,7.6,165.7,,echa_extension_main,dsstox_casrn,unclassified,7.944041481107805e-06,M,7.944041481107805e-06,-5.099958496767309,76.051,0.0224999999999999,False,False,4,4,7b9371d6-45a6-4d89-bc33-c83e8959d198,IUC5-34074314-db77-499e-84af-7fbaf1872489_f21a71a0-d46d-4576-b7c4-164b49ca014a; IUC5-38620c6a-f0ac-45f0-92d6-05f27432c2f9_f21a71a0-d46d-4576-b7c4-164b49ca014a; IUC5-710e1ad6-dc56-4536-9507-be1b343fccb4_f21a71a0-d46d-4576-b7c4-164b49ca014a; IUC5-c0f0c46c-aa65-4d67-b68b-b569a3f6809d_f21a71a0-d46d-4576-b7c4-164b49ca014a,https://chem.echa.europa.eu/html-pages-prod/7b9371d6-45a6-4d89-bc33-c83e8959d198/documents/IUC5-34074314-db77-499e-84af-7fbaf1872489_f21a71a0-d46d-4576-b7c4-164b49ca014a.html; https://chem.echa.europa.eu/html-pages-prod/7b9371d6-45a6-4d89-bc33-c83e8959d198/documents/IUC5-38620c6a-f0ac-45f0-92d6-05f27432c2f9_f21a71a0-d46d-4576-b7c4-164b49ca014a.html; https://chem.echa.europa.eu/html-pages-prod/7b9371d6-45a6-4d89-bc33-c83e8959d198/documents/IUC5-710e1ad6-dc56-4536-9507-be1b343fccb4_f21a71a0-d46d-4576-b7c4-164b49ca014a.html; https://chem.echa.europa.eu/html-pages-prod/7b9371d6-45a6-4d89-bc33-c83e8959d198/documents/IUC5-c0f0c46c-aa65-4d67-b68b-b569a3f6809d_f21a71a0-d46d-4576-b7c4-164b49ca014a.html,0.6065604925546388,Daphnia magna,Daphnia magna,freshwater aquatic invertebrates,static,nominal,"act. ingr. (15% PAA, 14% H2O2 in product)",mobility,True,True,0.0,3.0,1000.0,3.0,1000.0,0.0,14.0,13.0,,,,,,,,,,,,,,,,,,0.0,0.0,0.0,0.0,0.0,0.0,,,,,echa_extension,79-21-0__daphnia_48h_ec50__Daphnia magna,ECHA_PMRA_material_aligned,retained_after_material_identity_audit,,,,,,,,,,
echa_pmra__79-21-0__fish_96h_lc50__Danio rerio,79-21-0,ethaneperoxoic acid,79-21-0,,CC(=O)OO,KFSLWBXXFJQRDL-UHFFFAOYSA-N,fish_96h_lc50,LC50,MOR,MORT,Danio rerio,Zebra Danio,Chordata,Actinopterygii,Cypriniformes,Cyprinidae,Danio,Fish;Standard Test Species,96.0,FW/,26.0,7.4,37.0,,echa_extension_main,dsstox_casrn,unclassified,1.3664915445442216e-05,M,1.3664915445442216e-05,-4.8643930512520726,76.051,0.0224999999999999,False,False,2,2,7b9371d6-45a6-4d89-bc33-c83e8959d198,IUC5-119147fc-d07e-4bce-a996-9923fc2cd18d_f21a71a0-d46d-4576-b7c4-164b49ca014a; IUC5-ff12dc18-8f91-4df0-8524-961552bb59c3_f21a71a0-d46d-4576-b7c4-164b49ca014a,https://chem.echa.europa.eu/html-pages-prod/7b9371d6-45a6-4d89-bc33-c83e8959d198/documents/IUC5-119147fc-d07e-4bce-a996-9923fc2cd18d_f21a71a0-d46d-4576-b7c4-164b49ca014a.html; https://chem.echa.europa.eu/html-pages-prod/7b9371d6-45a6-4d89-bc33-c83e8959d198/documents/IUC5-ff12dc18-8f91-4df0-8524-961552bb59c3_f21a71a0-d46d-4576-b7c4-164b49ca014a.html,0.0334237554869494,Danio rerio,Danio rerio (previous name: Brachydanio rerio),freshwater fish,semi-static,meas. (not specified),act. ingr.,[Empty],True,False,0.0,3.0,1000.0,3.0,1000.0,0.0,14.0,13.0,,,,,,,,,,,,,,,,,,0.0,0.0,0.0,0.0,0.0,0.0,,,,,echa_extension,79-21-0__fish_96h_lc50__Danio rerio,ECHA_PMRA_material_aligned,retained_after_material_identity_audit,,,,,,,,,,
echa_pmra__79-21-0__fish_96h_lc50__Lepomis macrochirus,79-21-0,ethaneperoxoic acid,79-21-0,,CC(=O)OO,KFSLWBXXFJQRDL-UHFFFAOYSA-N,fish_96h_lc50,LC50,MOR,MORT,Lepomis macrochirus,Bluegill,Chordata,Actinopterygii,Perciformes,Centrarchidae,Lepomis,Fish;Standard Test Species,96.0,FW,23.0,7.83,21.0,,echa_extension_main,dsstox_casrn,unclassified,1.5107132441488018e-05,M,1.5107132441488018e-05,-4.820817963392623,76.051,0.0224999999999999,False,False,4,2,7b9371d6-45a6-4d89-bc33-c83e8959d198,IUC5-e0995c87-4436-4e81-baa1-43fe639bc4b0_f21a71a0-d46d-4576-b7c4-164b49ca014a; IUC5-ee86819c-b91b-4e49-86ce-8af86aa160a7_f21a71a0-d46d-4576-b7c4-164b49ca014a,https://chem.echa.europa.eu/html-pages-prod/7b9371d6-45a6-4d89-bc33-c83e8959d198/documents/IUC5-e0995c87-4436-4e81-baa1-43fe639bc4b0_f21a71a0-d46d-4576-b7c4-164b49ca014a.html; https://chem.echa.europa.eu/html-pages-prod/7b9371d6-45a6-4d89-bc33-c83e8959d198/documents/IUC5-ee86819c-b91b-4e49-86ce-8af86aa160a7_f21a71a0-d46d-4576-b7c4-164b49ca014a.html,2.522878745280338,Lepomis macrochirus,Lepomis macrochirus,freshwater fish,semi-static,meas. (arithm. mean),act. ingr.,mortality (fish),True,True,0.0,3.0,1000.0,3.0,1000.0,0.0,14.0,13.0,,,,,,,,,,,,,,,,,,0.0,0.0,0.0,0.0,0.0,0.0,,,,,echa_extension,79-21-0__fish_96h_lc50__Lepomis macrochirus,ECHA_PMRA_material_aligned,retained_after_material_identity_audit,,,,,,,,,,
echa_pmra__79-21-0__fish_96h_lc50__Oncorhynchus mykiss,79-21-0,ethaneperoxoic acid,79-21-0,,CC(=O)OO,KFSLWBXXFJQRDL-UHFFFAOYSA-N,fish_96h_lc50,LC50,MOR,MORT,Oncorhynchus mykiss,Rainbow Trout,Chordata,Actinopterygii,Salmoniformes,Salmonidae,Oncorhynchus,Fish;Standard Test Species;U.S. Threatened and Endangered Species,96.0,FW,13.4,7.55,66.0,,echa_extension_main,dsstox_casrn,unclassified,1.3149071018132582e-05,M,1.3149071018132582e-05,-4.881104928995547,76.051,0.0224999999999999,False,False,5,4,7b9371d6-45a6-4d89-bc33-c83e8959d198,IUC5-3afa9460-2516-484a-b8b5-5cb3ed7a6e8a_f21a71a0-d46d-4576-b7c4-164b49ca014a; IUC5-4fbdac24-fcda-493d-abd8-d812e490fe82_f21a71a0-d46d-4576-b7c4-164b49ca014a; IUC5-9111ce3e-62d1-4e3a-b642-94b04a5da54f_f21a71a0-d46d-4576-b7c4-164b49ca014a; IUC5-b1ef7f98-5201-4214-81a4-032894d2664d_f21a71a0-d46d-4576-b7c4-164b49ca014a,https://chem.echa.europa.eu/html-pages-prod/7b9371d6-45a6-4d89-bc33-c83e8959d198/documents/IUC5-3afa9460-2516-484a-b8b5-5cb3ed7a6e8a_f21a71a0-d46d-4576-b7c4-164b49ca014a.html; https://chem.echa.europa.eu/html-pages-prod/7b9371d6-45a6-4d89-bc33-c83e8959d198/documents/IUC5-4fbdac24-fcda-493d-abd8-d812e490fe82_f21a71a0-d46d-4576-b7c4-164b49ca014a.html; https://chem.echa.europa.eu/html-pages-prod/7b9371d6-45a6-4d89-bc33-c83e8959d198/documents/IUC5-9111ce3e-62d1-4e3a-b642-94b04a5da54f_f21a71a0-d46d-4576-b7c4-164b49ca014a.html; https://chem.echa.europa.eu/html-pages-prod/7b9371d6-45a6-4d89-bc33-c83e8959d198/documents/IUC5-b1ef7f98-5201-4214-81a4-032894d2664d_f21a71a0-d46d-4576-b7c4-164b49ca014a.html,2.439332693830263,Oncorhynchus mykiss,Oncorhynchus mykiss (previous name: Salmo gairdneri),freshwater fish,static,nominal,act. ingr.,mortality (fish),True,True,0.0,3.0,1000.0,3.0,1000.0,0.0,14.0,13.0,,,,,,,,,,,,,,,,,,0.0,0.0,0.0,0.0,0.0,0.0,,,,,echa_extension,79-21-0__fish_96h_lc50__Oncorhynchus mykiss,ECHA_PMRA_material_aligned,retained_after_material_identity_audit,,,,,,,,,,
echa_pmra__89392-03-0__fish_96h_lc50__Oncorhynchus mykiss,89392-03-0,"Phenyl N-(4,6-dimethoxypyrimidin-2-yl)carbamate",89392-03-0,,COC1=CC(OC)=NC(NC(=O)OC2=CC=CC=C2)=N1,MESPVSMSORHLAX-UHFFFAOYSA-N,fish_96h_lc50,LC50,MOR,MORT,Oncorhynchus mykiss,Rainbow Trout,Chordata,Actinopterygii,Salmoniformes,Salmonidae,Oncorhynchus,Fish;Standard Test Species;U.S. Threatened and Endangered Species,96.0,FW,13.4,7.55,66.0,,echa_extension_main,dsstox_casrn,unclassified,6.422078270192861e-05,M,6.422078270192861e-05,-4.192324405697932,275.264,2.1047,False,False,2,1,7d32114e-0ecc-4207-9321-ae2eb2035c89,IUC5-66c64b83-abf2-43f0-b34a-7fcf5f3e829f_5ec91fa0-a3a9-40f5-a35d-c9397fc87ce9,https://chem.echa.europa.eu/html-pages-prod/7d32114e-0ecc-4207-9321-ae2eb2035c89/documents/IUC5-66c64b83-abf2-43f0-b34a-7fcf5f3e829f_5ec91fa0-a3a9-40f5-a35d-c9397fc87ce9.html,0.3010299956639812,Oncorhynchus mykiss,Oncorhynchus mykiss (previous name: Salmo gairdneri),freshwater fish,flow-through,meas. (arithm. mean),test mat.,mortality (fish),True,True,,,,,,,,,,,,,,,,,,,,,,,,,,,,,,,,,,,,echa_extension,89392-03-0__fish_96h_lc50__Oncorhynchus mykiss,ECHA_PMRA_material_aligned,retained_after_material_identity_audit,,,,,,,,,,
echa_pmra__93918-10-6__algae_72_96h_ec50__Raphidocelis subcapitata,93918-10-6,"potassium 3,5,5-trimethylhexanoate",93918-10-6,,[K+].CC(CC([O-])=O)CC(C)(C)C,PMTWGKHDSHSGIL-UHFFFAOYNA-M,algae_72_96h_ec50,EC50,POP,ABND,Raphidocelis subcapitata,Green Algae,Chlorophyta,Chlorophyceae,Sphaeropleales,Selenastraceae,Raphidocelis,Algae;Standard Test Species,72.0,FW,24.0,7.5,,,echa_extension_main,dsstox_casrn,unclassified,0.0009670912897097,M,0.0009670912897097,-3.0145325282480377,196.331,-1.7972999999999977,False,False,1,1,b282c44b-88e2-4e8a-b11f-33ce04f99616,37252fb6-f30f-42a3-9373-be1a492cd294_bf9177cb-3a9d-4a57-a754-42c1f0e28113,https://chem.echa.europa.eu/html-pages-prod/b282c44b-88e2-4e8a-b11f-33ce04f99616/documents/37252fb6-f30f-42a3-9373-be1a492cd294_bf9177cb-3a9d-4a57-a754-42c1f0e28113.html,0.0,Raphidocelis subcapitata,"Raphidocelis subcapitata (previous names: Pseudokirchneriella subcapitata, Selenastrum capricornutum)",aquatic algae and cyanobacteria,static,nominal,test mat. (total fraction),biomass,False,True,,,,,,,,,,,,,,,,,,,,,,,,,,,,,,,,,,,,echa_extension,93918-10-6__algae_72_96h_ec50__Raphidocelis subcapitata,ECHA_PMRA_material_aligned,retained_after_material_identity_audit,,,,,,,,,,
echa_pmra__93951-21-4__fish_96h_lc50__Danio rerio,93951-21-4,"tetrasodium 4-amino-5-hydroxy-6-[(2-methoxy-5-{[2-(sulfonatooxy)ethyl]sulfonyl}phenyl)diazenyl]-3-[(4-{[2-(sulfonatooxy)ethyl]sulfonyl}phenyl)diazenyl]naphthalene-2,7-disulfonate",93951-21-4,,[Na+].[Na+].[Na+].[Na+].COC1=CC=C(C=C1N=NC1=C(O)C2=C(N)C(N=NC3=CC=C(C=C3)S(=O)(=O)CCOS([O-])(=O)=O)=C(C=C2C=C1S([O-])(=O)=O)S([O-])(=O)=O)S(=O)(=O)CCOS([O-])(=O)=O,GJPONJURWYSMLN-UHFFFAOYSA-J,fish_96h_lc50,LC50,MOR,MORT,Danio rerio,Zebra Danio,Chordata,Actinopterygii,Cypriniformes,Cyprinidae,Danio,Fish;Standard Test Species,96.0,FW/,26.0,7.4,37.0,,echa_extension_main,dsstox_casrn,unclassified,0.0017396410326672,M,0.0017396410326672,-2.75954035724332,1021.82,-10.707800000000018,False,False,1,1,bd36c939-cb56-4cd8-9f31-cb82131242ef,IUC5-98a965f5-9f87-481c-947a-9b4c2dea63f4_ffdad1a8-9598-41e6-9c48-6d0a64626aa2,https://chem.echa.europa.eu/html-pages-prod/bd36c939-cb56-4cd8-9f31-cb82131242ef/documents/IUC5-98a965f5-9f87-481c-947a-9b4c2dea63f4_ffdad1a8-9598-41e6-9c48-6d0a64626aa2.html,0.0,Danio rerio,Danio rerio (previous name: Brachydanio rerio),freshwater fish,static,nominal,test mat.,mortality (fish),True,False,,,,,,,,,,,,,,,,,,,,,,,,,,,,,,,,,,,,echa_extension,93951-21-4__fish_96h_lc50__Danio rerio,ECHA_PMRA_material_aligned,retained_after_material_identity_audit,,,,,,,,,,
echa_pmra__94317-64-3__algae_72_96h_ec50__Raphidocelis subcapitata,94317-64-3,N-butylphosphorothioic triamide,94317-64-3,,CCCCNP(N)(N)=S,HEPPIYNOUFWEPP-UHFFFAOYSA-N,algae_72_96h_ec50,EC50,POP,ABND,Raphidocelis subcapitata,Green Algae,Chlorophyta,Chlorophyceae,Sphaeropleales,Selenastraceae,Raphidocelis,Algae;Standard Test Species,96.0,FW,24.0,7.5,,,echa_extension_main,dsstox_casrn,unclassified,0.0016745409963518,M,0.0016745409963518,-2.776104215534412,167.21,0.518,False,False,1,1,35f0309d-e0a3-45ac-94e0-8526dc75ca95,IUC5-72fd74c3-bb88-4d09-9f90-473c282bded8_7dc294a2-6806-46db-a56d-47d86494d2fe,https://chem.echa.europa.eu/html-pages-prod/35f0309d-e0a3-45ac-94e0-8526dc75ca95/documents/IUC5-72fd74c3-bb88-4d09-9f90-473c282bded8_7dc294a2-6806-46db-a56d-47d86494d2fe.html,0.0,Raphidocelis subcapitata,"Raphidocelis subcapitata (previous names: Pseudokirchneriella subcapitata, Selenastrum capricornutum)",aquatic algae and cyanobacteria,static,nominal,test mat.,growth rate,False,True,0.0,3.0,1000.0,3.0,1000.0,0.0,71.0,12.0,,,,,,,,,,,,,,,,,,0.0,0.0,0.0,,0.0,0.25,,,,,echa_extension,94317-64-3__algae_72_96h_ec50__Raphidocelis subcapitata,ECHA_PMRA_material_aligned,retained_after_material_identity_audit,,,,,,,,,,
echa_pmra__94317-64-3__daphnia_48h_ec50__Daphnia magna,94317-64-3,N-butylphosphorothioic triamide,94317-64-3,,CCCCNP(N)(N)=S,HEPPIYNOUFWEPP-UHFFFAOYSA-N,daphnia_48h_ec50,EC50,ITX,IMBL,Daphnia magna,Water Flea,Arthropoda,Branchiopoda,Diplostraca,Daphniidae,Daphnia,Crustaceans;Standard Test Species,48.0,FW,20.0,7.6,165.7,,echa_extension_main,dsstox_casrn,unclassified,0.0017343460319358,M,0.0017343460319358,-2.7608642489776747,167.21,0.518,False,False,1,1,35f0309d-e0a3-45ac-94e0-8526dc75ca95,IUC5-d88f6801-804e-42d6-ac8a-ec79d9258866_7dc294a2-6806-46db-a56d-47d86494d2fe,https://chem.echa.europa.eu/html-pages-prod/35f0309d-e0a3-45ac-94e0-8526dc75ca95/documents/IUC5-d88f6801-804e-42d6-ac8a-ec79d9258866_7dc294a2-6806-46db-a56d-47d86494d2fe.html,0.0,Daphnia magna,Daphnia magna,freshwater aquatic invertebrates,static,nominal,test mat.,mobility,True,True,0.0,3.0,1000.0,3.0,1000.0,0.0,71.0,12.0,,,,,,,,,,,,,,,,,,0.0,0.0,0.0,,0.0,0.25,,,,,echa_extension,94317-64-3__daphnia_48h_ec50__Daphnia magna,ECHA_PMRA_material_aligned,retained_after_material_identity_audit,,,,,,,,,,
echa_pmra__94317-64-3__fish_96h_lc50__Lepomis macrochirus,94317-64-3,N-butylphosphorothioic triamide,94317-64-3,,CCCCNP(N)(N)=S,HEPPIYNOUFWEPP-UHFFFAOYSA-N,fish_96h_lc50,LC50,MOR,MORT,Lepomis macrochirus,Bluegill,Chordata,Actinopterygii,Perciformes,Centrarchidae,Lepomis,Fish;Standard Test Species,96.0,FW,23.0,7.83,21.0,,echa_extension_main,dsstox_casrn,unclassified,0.0068177740565755,M,0.0068177740565755,-2.166357395540158,167.21,0.518,False,False,1,1,35f0309d-e0a3-45ac-94e0-8526dc75ca95,IUC5-dd92b526-0335-47a7-8e7e-7b66c89ee6f2_7dc294a2-6806-46db-a56d-47d86494d2fe,https://chem.echa.europa.eu/html-pages-prod/35f0309d-e0a3-45ac-94e0-8526dc75ca95/documents/IUC5-dd92b526-0335-47a7-8e7e-7b66c89ee6f2_7dc294a2-6806-46db-a56d-47d86494d2fe.html,0.0,Lepomis macrochirus,Lepomis macrochirus,freshwater fish,static,nominal,test mat.,mortality (fish),True,True,0.0,3.0,1000.0,3.0,1000.0,0.0,71.0,12.0,,,,,,,,,,,,,,,,,,0.0,0.0,0.0,,0.0,0.25,,,,,echa_extension,94317-64-3__fish_96h_lc50__Lepomis macrochirus,ECHA_PMRA_material_aligned,retained_after_material_identity_audit,,,,,,,,,,
echa_pmra__97398-80-6__fish_96h_lc50__Danio rerio,97398-80-6,"4-trans-Methoxy-4-trans-propyl-[1,1-bicyclohexyl]",97398-80-6,,[H][C@@]1(CC[C@H](CCC)CC1)[C@@]1([H])CC[C@@H](CC1)OC,JMOYCPSDEMHCFG-BIAGXBKMNA-N,fish_96h_lc50,LC50,MOR,MORT,Danio rerio,Zebra Danio,Chordata,Actinopterygii,Cypriniformes,Cyprinidae,Danio,Fish;Standard Test Species,96.0,FW/,26.0,7.4,37.0,,echa_extension_main,dsstox_casrn,unclassified,9.22760732336473e-06,M,9.22760732336473e-06,-5.034910894961996,238.415,4.798100000000004,False,False,1,1,14b0f332-5676-424c-9dda-ff253668c1d0,IUC5-fe17ada0-5783-431d-b262-76aa3af82d15_992e5e15-2439-4674-93a4-5b91fe1b8261,https://chem.echa.europa.eu/html-pages-prod/14b0f332-5676-424c-9dda-ff253668c1d0/documents/IUC5-fe17ada0-5783-431d-b262-76aa3af82d15_992e5e15-2439-4674-93a4-5b91fe1b8261.html,0.0,Danio rerio,Danio rerio (previous name: Brachydanio rerio),freshwater fish,static,meas. (initial),test mat.,mortality (fish),True,False,,,,,,,,,,,,,,,,,,,,,,,,,,,,,,,,,,,,echa_extension,97398-80-6__fish_96h_lc50__Danio rerio,ECHA_PMRA_material_aligned,retained_after_material_identity_audit,,,,,,,,,,
japan_moe__japan_moe_100-14-1_algae_72_96h_ec50_p9_r20,100-14-1,alpha-Chloro-4-nitrotoluene,100-14-1,DTXSID4025745,[O-][N+](=O)C1=CC=C(CCl)C=C1,KGCNHWXDPDPSBV-UHFFFAOYSA-N,algae_72_96h_ec50,EC50,GRO,GGRO,Pseudokirchneriella subcapitata,Green Alga,Chlorophyta,Chlorophyceae,Sphaeropleales,Selenastraceae,Pseudokirchneriella,Algae;Standard Test Species,72.0,FW,,,,2000.0,japan_moe_official_summary,dsstox_casrn,unclassified,0.038,mg/L,2.2146716166519997e-07,-6.654690660252958,171.583,,True,False,1,1,,,,0.0,,,,official_summary_table,not specified in summary,test material,growth rate,True,True,,,,,,,,,,,,,,,,,,,,,,,,,,,,,,,,,,,,,japan_moe_100-14-1_algae_72_96h_ec50_p9_r20,Japan_MOE_official_summary,official_summary_source,MOE:9:20:algae_72_96h_ec50,0.038,False,,,official_summary_source,official_summary_not_individual_report_reviewed,https://www.env.go.jp/content/000316616.pdf,9.0,20.0
japan_moe__japan_moe_100-14-1_daphnia_48h_ec50_p9_r20,100-14-1,alpha-Chloro-4-nitrotoluene,100-14-1,DTXSID4025745,[O-][N+](=O)C1=CC=C(CCl)C=C1,KGCNHWXDPDPSBV-UHFFFAOYSA-N,daphnia_48h_ec50,EC50,ITX,IMBL,Daphnia magna,Water Flea,Arthropoda,Branchiopoda,Diplostraca,Daphniidae,Daphnia,Crustaceans;Standard Test Species,48.0,FW,,,,2000.0,japan_moe_official_summary,dsstox_casrn,unclassified,1.5,mg/L,8.742124802573682e-06,-5.058382997814086,171.583,,True,False,1,1,,,,0.0,,,,official_summary_table,not specified in summary,test material,immobilisation (Japanese table header: acute swimming inhibition),True,True,,,,,,,,,,,,,,,,,,,,,,,,,,,,,,,,,,,,,japan_moe_100-14-1_daphnia_48h_ec50_p9_r20,Japan_MOE_official_summary,official_summary_source,MOE:9:20:daphnia_48h_ec50,1.5,False,,,official_summary_source,official_summary_not_individual_report_reviewed,https://www.env.go.jp/content/000316616.pdf,9.0,20.0
japan_moe__japan_moe_100-14-1_fish_96h_lc50_p9_r20,100-14-1,alpha-Chloro-4-nitrotoluene,100-14-1,DTXSID4025745,[O-][N+](=O)C1=CC=C(CCl)C=C1,KGCNHWXDPDPSBV-UHFFFAOYSA-N,fish_96h_lc50,LC50,MOR,MORT,Oryzias latipes,Japanese Medaka,Chordata,Actinopterygii,Beloniformes,Adrianichthyidae,Oryzias,Fish;Standard Test Species,96.0,FW,,,,2000.0,japan_moe_official_summary,dsstox_casrn,unclassified,0.61,mg/L,3.5551307530466306e-06,-5.449144421859001,171.583,,True,False,1,1,,,,0.0,,,,official_summary_table,not specified in summary,test material,mortality,True,True,,,,,,,,,,,,,,,,,,,,,,,,,,,,,,,,,,,,,japan_moe_100-14-1_fish_96h_lc50_p9_r20,Japan_MOE_official_summary,official_summary_source,MOE:9:20:fish_96h_lc50,0.61,False,,,official_summary_source,official_summary_not_individual_report_reviewed,https://www.env.go.jp/content/000316616.pdf,9.0,20.0
japan_moe__japan_moe_100-40-3_daphnia_48h_ec50_p10_r1,100-40-3,4-Vinylcyclohexene,100-40-3,DTXSID3021437,C=CC1CCC=CC1,BBDKZWKEPDTENS-UHFFFAOYSA-N,daphnia_48h_ec50,EC50,ITX,IMBL,Daphnia magna,Water Flea,Arthropoda,Branchiopoda,Diplostraca,Daphniidae,Daphnia,Crustaceans;Standard Test Species,48.0,FW,,,,2000.0,japan_moe_official_summary,dsstox_casrn,unclassified,1.9,mg/L,1.7562671004954524e-05,-4.75540943407346,108.18399999999998,,True,False,1,1,,,,0.0,,,,official_summary_table,not specified in summary,test material,immobilisation (Japanese table header: acute swimming inhibition),True,True,,,,,,,,,,,,,,,,,,,,,,,,,,,,,,,,,,,,,japan_moe_100-40-3_daphnia_48h_ec50_p10_r1,Japan_MOE_official_summary,official_summary_source,MOE:10:1:daphnia_48h_ec50,1.9,False,,,official_summary_source,official_summary_not_individual_report_reviewed,https://www.env.go.jp/content/000316616.pdf,10.0,1.0
japan_moe__japan_moe_100-40-3_fish_96h_lc50_p10_r1,100-40-3,4-Vinylcyclohexene,100-40-3,DTXSID3021437,C=CC1CCC=CC1,BBDKZWKEPDTENS-UHFFFAOYSA-N,fish_96h_lc50,LC50,MOR,MORT,Oryzias latipes,Japanese Medaka,Chordata,Actinopterygii,Beloniformes,Adrianichthyidae,Oryzias,Fish;Standard Test Species,96.0,FW,,,,2000.0,japan_moe_official_summary,dsstox_casrn,unclassified,4.6,mg/L,4.252015085410043e-05,-4.371405203344716,108.18399999999998,,True,False,1,1,,,,0.0,,,,official_summary_table,not specified in summary,test material,mortality,True,True,,,,,,,,,,,,,,,,,,,,,,,,,,,,,,,,,,,,,japan_moe_100-40-3_fish_96h_lc50_p10_r1,Japan_MOE_official_summary,official_summary_source,MOE:10:1:fish_96h_lc50,4.6,False,,,official_summary_source,official_summary_not_individual_report_reviewed,https://www.env.go.jp/content/000316616.pdf,10.0,1.0
japan_moe__japan_moe_100-43-6_algae_72_96h_ec50_p10_r2,100-43-6,4-Vinylpyridine,100-43-6,DTXSID0051499,C=CC1=CC=NC=C1,KFDVPJUYSDEJTH-UHFFFAOYSA-N,algae_72_96h_ec50,EC50,GRO,GGRO,Pseudokirchneriella subcapitata,Green Alga,Chlorophyta,Chlorophyceae,Sphaeropleales,Selenastraceae,Pseudokirchneriella,Algae;Standard Test Species,72.0,FW,,,,2007.0,japan_moe_official_summary,dsstox_casrn,unclassified,4.6,mg/L,4.375118889100247e-05,-4.359010141000832,105.14,,True,False,1,1,,,,0.0,,,,official_summary_table,not specified in summary,test material,growth rate,True,True,,,,,,,,,,,,,,,,,,,,,,,,,,,,,,,,,,,,,japan_moe_100-43-6_algae_72_96h_ec50_p10_r2,Japan_MOE_official_summary,official_summary_source,MOE:10:2:algae_72_96h_ec50,4.6,False,,,official_summary_source,official_summary_not_individual_report_reviewed,https://www.env.go.jp/content/000316616.pdf,10.0,2.0
japan_moe__japan_moe_100-43-6_daphnia_48h_ec50_p10_r2,100-43-6,4-Vinylpyridine,100-43-6,DTXSID0051499,C=CC1=CC=NC=C1,KFDVPJUYSDEJTH-UHFFFAOYSA-N,daphnia_48h_ec50,EC50,ITX,IMBL,Daphnia magna,Water Flea,Arthropoda,Branchiopoda,Diplostraca,Daphniidae,Daphnia,Crustaceans;Standard Test Species,48.0,FW,,,,2007.0,japan_moe_official_summary,dsstox_casrn,unclassified,1.2,mg/L,1.1413353623739776e-05,-4.942586726634782,105.14,,True,False,1,1,,,,0.0,,,,official_summary_table,not specified in summary,test material,immobilisation (Japanese table header: acute swimming inhibition),True,True,,,,,,,,,,,,,,,,,,,,,,,,,,,,,,,,,,,,,japan_moe_100-43-6_daphnia_48h_ec50_p10_r2,Japan_MOE_official_summary,official_summary_source,MOE:10:2:daphnia_48h_ec50,1.2,False,,,official_summary_source,official_summary_not_individual_report_reviewed,https://www.env.go.jp/content/000316616.pdf,10.0,2.0
japan_moe__japan_moe_100-43-6_fish_96h_lc50_p10_r2,100-43-6,4-Vinylpyridine,100-43-6,DTXSID0051499,C=CC1=CC=NC=C1,KFDVPJUYSDEJTH-UHFFFAOYSA-N,fish_96h_lc50,LC50,MOR,MORT,Oryzias latipes,Japanese Medaka,Chordata,Actinopterygii,Beloniformes,Adrianichthyidae,Oryzias,Fish;Standard Test Species,96.0,FW,,,,2007.0,japan_moe_official_summary,dsstox_casrn,unclassified,1.0,mg/L,9.511128019783148e-06,-5.021767972682406,105.14,,True,False,1,1,,,,0.0,,,,official_summary_table,not specified in summary,test material,mortality,True,True,,,,,,,,,,,,,,,,,,,,,,,,,,,,,,,,,,,,,japan_moe_100-43-6_fish_96h_lc50_p10_r2,Japan_MOE_official_summary,official_summary_source,MOE:10:2:fish_96h_lc50,1.0,False,,,official_summary_source,official_summary_not_individual_report_reviewed,https://www.env.go.jp/content/000316616.pdf,10.0,2.0
japan_moe__japan_moe_100-46-9_algae_72_96h_ec50_p10_r3,100-46-9,Benzylamine,100-46-9,DTXSID5021839,NCC1=CC=CC=C1,WGQKYBSKWIADBV-UHFFFAOYSA-N,algae_72_96h_ec50,EC50,GRO,GGRO,Pseudokirchneriella subcapitata,Green Alga,Chlorophyta,Chlorophyceae,Sphaeropleales,Selenastraceae,Pseudokirchneriella,Algae;Standard Test Species,72.0,FW,,,,2022.0,japan_moe_official_summary,dsstox_casrn,unclassified,91.0,mg/L,0.0008492291612228,-3.070975101245625,107.15599999999996,,True,False,1,1,,,,0.0,,,,official_summary_table,not specified in summary,test material,growth rate,True,True,,,,,,,,,,,,,,,,,,,,,,,,,,,,,,,,,,,,,japan_moe_100-46-9_algae_72_96h_ec50_p10_r3,Japan_MOE_official_summary,official_summary_source,MOE:10:3:algae_72_96h_ec50,91.0,False,,,official_summary_source,official_summary_not_individual_report_reviewed,https://www.env.go.jp/content/000316616.pdf,10.0,3.0
japan_moe__japan_moe_100-46-9_daphnia_48h_ec50_p10_r3,100-46-9,Benzylamine,100-46-9,DTXSID5021839,NCC1=CC=CC=C1,WGQKYBSKWIADBV-UHFFFAOYSA-N,daphnia_48h_ec50,EC50,ITX,IMBL,Daphnia magna,Water Flea,Arthropoda,Branchiopoda,Diplostraca,Daphniidae,Daphnia,Crustaceans;Standard Test Species,48.0,FW,,,,2022.0,japan_moe_official_summary,dsstox_casrn,unclassified,51.0,mg/L,0.0004759416178282,-3.322446317468782,107.15599999999996,,True,False,1,1,,,,0.0,,,,official_summary_table,not specified in summary,test material,immobilisation (Japanese table header: acute swimming inhibition),True,True,,,,,,,,,,,,,,,,,,,,,,,,,,,,,,,,,,,,,japan_moe_100-46-9_daphnia_48h_ec50_p10_r3,Japan_MOE_official_summary,official_summary_source,MOE:10:3:daphnia_48h_ec50,51.0,False,,,official_summary_source,official_summary_not_individual_report_reviewed,https://www.env.go.jp/content/000316616.pdf,10.0,3.0
japan_moe__japan_moe_100-46-9_fish_96h_lc50_p10_r3,100-46-9,Benzylamine,100-46-9,DTXSID5021839,NCC1=CC=CC=C1,WGQKYBSKWIADBV-UHFFFAOYSA-N,fish_96h_lc50,LC50,MOR,MORT,Oryzias latipes,Japanese Medaka,Chordata,Actinopterygii,Beloniformes,Adrianichthyidae,Oryzias,Fish;Standard Test Species,96.0,FW,,,,2022.0,japan_moe_official_summary,dsstox_casrn,unclassified,210.0,mg/L,0.001959759602822,-2.707797198832799,107.15599999999996,,True,False,1,1,,,,0.0,,,,official_summary_table,not specified in summary,test material,mortality,True,True,,,,,,,,,,,,,,,,,,,,,,,,,,,,,,,,,,,,,japan_moe_100-46-9_fish_96h_lc50_p10_r3,Japan_MOE_official_summary,official_summary_source,MOE:10:3:fish_96h_lc50,210.0,False,,,official_summary_source,official_summary_not_individual_report_reviewed,https://www.env.go.jp/content/000316616.pdf,10.0,3.0
japan_moe__japan_moe_100-54-9_daphnia_48h_ec50_p10_r6,100-54-9,3-Cyanopyridine,100-54-9,DTXSID1026665,N#CC1=CN=CC=C1,GZPHSAQLYPIAIN-UHFFFAOYSA-N,daphnia_48h_ec50,EC50,ITX,IMBL,Daphnia magna,Water Flea,Arthropoda,Branchiopoda,Diplostraca,Daphniidae,Daphnia,Crustaceans;Standard Test Species,48.0,FW,,,,2005.0,japan_moe_official_summary,dsstox_casrn,unclassified,41.0,mg/L,0.0003938066697402,-3.404716932670045,104.11199999999997,,True,False,1,1,,,,0.0,,,,official_summary_table,not specified in summary,test material,immobilisation (Japanese table header: acute swimming inhibition),True,True,,,,,,,,,,,,,,,,,,,,,,,,,,,,,,,,,,,,,japan_moe_100-54-9_daphnia_48h_ec50_p10_r6,Japan_MOE_official_summary,official_summary_source,MOE:10:6:daphnia_48h_ec50,41.0,False,,,official_summary_source,official_summary_not_individual_report_reviewed,https://www.env.go.jp/content/000316616.pdf,10.0,6.0
japan_moe__japan_moe_100-55-0_daphnia_48h_ec50_p10_r8,100-55-0,3-Hydroxymethylpyridine,100-55-0,DTXSID6023367,OCC1=CC=CN=C1,MVQVNTPHUGQQHK-UHFFFAOYSA-N,daphnia_48h_ec50,EC50,ITX,IMBL,Daphnia magna,Water Flea,Arthropoda,Branchiopoda,Diplostraca,Daphniidae,Daphnia,Crustaceans;Standard Test Species,48.0,FW,,,,2006.0,japan_moe_official_summary,dsstox_casrn,unclassified,680.0,mg/L,0.0062312147203284,-2.205427283210478,109.128,,True,False,1,1,,,,0.0,,,,official_summary_table,not specified in summary,test material,immobilisation (Japanese table header: acute swimming inhibition),True,True,,,,,,,,,,,,,,,,,,,,,,,,,,,,,,,,,,,,,japan_moe_100-55-0_daphnia_48h_ec50_p10_r8,Japan_MOE_official_summary,official_summary_source,MOE:10:8:daphnia_48h_ec50,680.0,False,,,official_summary_source,official_summary_not_individual_report_reviewed,https://www.env.go.jp/content/000316616.pdf,10.0,8.0
japan_moe__japan_moe_100-55-0_fish_96h_lc50_p10_r8,100-55-0,3-Hydroxymethylpyridine,100-55-0,DTXSID6023367,OCC1=CC=CN=C1,MVQVNTPHUGQQHK-UHFFFAOYSA-N,fish_96h_lc50,LC50,MOR,MORT,Oryzias latipes,Japanese Medaka,Chordata,Actinopterygii,Beloniformes,Adrianichthyidae,Oryzias,Fish;Standard Test Species,96.0,FW,,,,2006.0,japan_moe_official_summary,dsstox_casrn,unclassified,930.0,mg/L,0.008522102485155,-2.069453247362779,109.128,,True,False,1,1,,,,0.0,,,,official_summary_table,not specified in summary,test material,mortality,True,True,,,,,,,,,,,,,,,,,,,,,,,,,,,,,,,,,,,,,japan_moe_100-55-0_fish_96h_lc50_p10_r8,Japan_MOE_official_summary,official_summary_source,MOE:10:8:fish_96h_lc50,930.0,False,,,official_summary_source,official_summary_not_individual_report_reviewed,https://www.env.go.jp/content/000316616.pdf,10.0,8.0
japan_moe__japan_moe_100-61-8_daphnia_48h_ec50_p10_r9,100-61-8,N-Methylaniline,100-61-8,DTXSID9021841,CNC1=CC=CC=C1,AFBPFSWMIHJQDM-UHFFFAOYSA-N,daphnia_48h_ec50,EC50,ITX,IMBL,Daphnia magna,Water Flea,Arthropoda,Branchiopoda,Diplostraca,Daphniidae,Daphnia,Crustaceans;Standard Test Species,48.0,FW,,,,1996.0,japan_moe_official_summary,dsstox_casrn,unclassified,5.6,mg/L,5.226025607525478e-05,-4.281828466560518,107.15599999999998,,True,False,1,1,,,,0.0,,,,official_summary_table,not specified in summary,test material,immobilisation (Japanese table header: acute swimming inhibition),True,True,,,,,,,,,,,,,,,,,,,,,,,,,,,,,,,,,,,,,japan_moe_100-61-8_daphnia_48h_ec50_p10_r9,Japan_MOE_official_summary,official_summary_source,MOE:10:9:daphnia_48h_ec50,5.6,False,,,official_summary_source,official_summary_not_individual_report_reviewed,https://www.env.go.jp/content/000316616.pdf,10.0,9.0
japan_moe__japan_moe_100-61-8_fish_96h_lc50_p10_r9,100-61-8,N-Methylaniline,100-61-8,DTXSID9021841,CNC1=CC=CC=C1,AFBPFSWMIHJQDM-UHFFFAOYSA-N,fish_96h_lc50,LC50,MOR,MORT,Oryzias latipes,Japanese Medaka,Chordata,Actinopterygii,Beloniformes,Adrianichthyidae,Oryzias,Fish;Standard Test Species,96.0,FW,,,,1996.0,japan_moe_official_summary,dsstox_casrn,unclassified,58.0,mg/L,0.0005412669379222,-3.266588500003781,107.15599999999998,,True,False,1,1,,,,0.0,,,,official_summary_table,not specified in summary,test material,mortality,True,True,,,,,,,,,,,,,,,,,,,,,,,,,,,,,,,,,,,,,japan_moe_100-61-8_fish_96h_lc50_p10_r9,Japan_MOE_official_summary,official_summary_source,MOE:10:9:fish_96h_lc50,58.0,False,,,official_summary_source,official_summary_not_individual_report_reviewed,https://www.env.go.jp/content/000316616.pdf,10.0,9.0
japan_moe__japan_moe_100-63-0_daphnia_48h_ec50_p10_r10,100-63-0,"Hydrazine, phenyl-",100-63-0,DTXSID8021147,NNC1=CC=CC=C1,HKOOXMFOFWEVGF-UHFFFAOYSA-N,daphnia_48h_ec50,EC50,ITX,IMBL,Daphnia magna,Water Flea,Arthropoda,Branchiopoda,Diplostraca,Daphniidae,Daphnia,Crustaceans;Standard Test Species,48.0,FW,,,,2006.0,japan_moe_official_summary,dsstox_casrn,unclassified,0.016,mg/L,1.4795088030773788e-07,-6.829882446443493,108.14399999999998,,True,False,1,1,,,,0.0,,,,official_summary_table,not specified in summary,test material,immobilisation (Japanese table header: acute swimming inhibition),True,True,,,,,,,,,,,,,,,,,,,,,,,,,,,,,,,,,,,,,japan_moe_100-63-0_daphnia_48h_ec50_p10_r10,Japan_MOE_official_summary,official_summary_source,MOE:10:10:daphnia_48h_ec50,0.016,False,,,official_summary_source,official_summary_not_individual_report_reviewed,https://www.env.go.jp/content/000316616.pdf,10.0,10.0
japan_moe__japan_moe_100-63-0_fish_96h_lc50_p10_r10,100-63-0,"Hydrazine, phenyl-",100-63-0,DTXSID8021147,NNC1=CC=CC=C1,HKOOXMFOFWEVGF-UHFFFAOYSA-N,fish_96h_lc50,LC50,MOR,MORT,Oryzias latipes,Japanese Medaka,Chordata,Actinopterygii,Beloniformes,Adrianichthyidae,Oryzias,Fish;Standard Test Species,96.0,FW,,,,2006.0,japan_moe_official_summary,dsstox_casrn,unclassified,0.016,mg/L,1.4795088030773788e-07,-6.829882446443493,108.14399999999998,,True,False,1,1,,,,0.0,,,,official_summary_table,not specified in summary,test material,mortality,True,True,,,,,,,,,,,,,,,,,,,,,,,,,,,,,,,,,,,,,japan_moe_100-63-0_fish_96h_lc50_p10_r10,Japan_MOE_official_summary,official_summary_source,MOE:10:10:fish_96h_lc50,0.016,False,,,official_summary_source,official_summary_not_individual_report_reviewed,https://www.env.go.jp/content/000316616.pdf,10.0,10.0
japan_moe__japan_moe_100-64-1_algae_72_96h_ec50_p10_r11,100-64-1,Cyclohexanone oxime,100-64-1,DTXSID4021842,ON=C1CCCCC1,VEZUQRBDRNJBJY-UHFFFAOYSA-N,algae_72_96h_ec50,EC50,GRO,GGRO,Pseudokirchneriella subcapitata,Green Alga,Chlorophyta,Chlorophyceae,Sphaeropleales,Selenastraceae,Pseudokirchneriella,Algae;Standard Test Species,72.0,FW,,,,1998.0,japan_moe_official_summary,dsstox_casrn,unclassified,9.8,mg/L,8.660303994344293e-05,-4.0624668630924585,113.16,,True,False,1,1,,,,0.0,,,,official_summary_table,not specified in summary,test material,growth rate,True,True,,,,,,,,,,,,,,,,,,,,,,,,,,,,,,,,,,,,,japan_moe_100-64-1_algae_72_96h_ec50_p10_r11,Japan_MOE_official_summary,official_summary_source,MOE:10:11:algae_72_96h_ec50,9.8,False,,,official_summary_source,official_summary_not_individual_report_reviewed,https://www.env.go.jp/content/000316616.pdf,10.0,11.0
japan_moe__japan_moe_100-64-1_daphnia_48h_ec50_p10_r11,100-64-1,Cyclohexanone oxime,100-64-1,DTXSID4021842,ON=C1CCCCC1,VEZUQRBDRNJBJY-UHFFFAOYSA-N,daphnia_48h_ec50,EC50,ITX,IMBL,Daphnia magna,Water Flea,Arthropoda,Branchiopoda,Diplostraca,Daphniidae,Daphnia,Crustaceans;Standard Test Species,48.0,FW,,,,1998.0,japan_moe_official_summary,dsstox_casrn,unclassified,72.0,mg/L,0.0006362672322375,-3.1963604423536847,113.16,,True,False,1,1,,,,0.0,,,,official_summary_table,not specified in summary,test material,immobilisation (Japanese table header: acute swimming inhibition),True,True,,,,,,,,,,,,,,,,,,,,,,,,,,,,,,,,,,,,,japan_moe_100-64-1_daphnia_48h_ec50_p10_r11,Japan_MOE_official_summary,official_summary_source,MOE:10:11:daphnia_48h_ec50,72.0,False,,,official_summary_source,official_summary_not_individual_report_reviewed,https://www.env.go.jp/content/000316616.pdf,10.0,11.0
japan_moe__japan_moe_100-69-6_algae_72_96h_ec50_p10_r12,100-69-6,2-Vinylpyridine,100-69-6,DTXSID1026667,C=CC1=NC=CC=C1,KGIGUEBEKRSTEW-UHFFFAOYSA-N,algae_72_96h_ec50,EC50,GRO,GGRO,Pseudokirchneriella subcapitata,Green Alga,Chlorophyta,Chlorophyceae,Sphaeropleales,Selenastraceae,Pseudokirchneriella,Algae;Standard Test Species,72.0,FW,,,,2001.0,japan_moe_official_summary,dsstox_casrn,unclassified,64.4,mg/L,0.000612516644474,-3.212882105322594,105.13999999999996,,True,False,1,1,,,,0.0,,,,official_summary_table,nominal concentration,test material,growth rate; source report 24-72 h ErC50,True,True,,,,,,,,,,,,,,,,,,,,,,,,,,,,,,,,,,,,,japan_moe_100-69-6_algae_72_96h_ec50_p10_r12,Japan_MOE_official_summary,primary_source_aligned,MOE:10:12:algae_72_96h_ec50,62.0,True,100-69-6_algae_39233.pdf,"5,9,15",primary_source_aligned,24-72 h ErC50 = 64.4 mg/L; report uses nominal concentration.,https://www.env.go.jp/content/000316616.pdf,10.0,12.0
japan_moe__japan_moe_100-69-6_daphnia_48h_ec50_p10_r12,100-69-6,2-Vinylpyridine,100-69-6,DTXSID1026667,C=CC1=NC=CC=C1,KGIGUEBEKRSTEW-UHFFFAOYSA-N,daphnia_48h_ec50,EC50,ITX,IMBL,Daphnia magna,Water Flea,Arthropoda,Branchiopoda,Diplostraca,Daphniidae,Daphnia,Crustaceans;Standard Test Species,48.0,FW,,,,2001.0,japan_moe_official_summary,dsstox_casrn,unclassified,9.48,mg/L,9.016549362754426e-05,-4.04495963534434,105.13999999999996,,True,False,1,1,,,,0.0,,,,official_summary_table,time-weighted measured concentration,test material,immobilisation; source report 48 h EC50,True,True,,,,,,,,,,,,,,,,,,,,,,,,,,,,,,,,,,,,,japan_moe_100-69-6_daphnia_48h_ec50_p10_r12,Japan_MOE_official_summary,primary_source_aligned,MOE:10:12:daphnia_48h_ec50,9.5,True,100-69-6_daphnia_39231.pdf,"5,13",primary_source_aligned,48 h EC50 = 9.48 mg/L; report uses the time-weighted measured concentration.,https://www.env.go.jp/content/000316616.pdf,10.0,12.0
japan_moe__japan_moe_100-69-6_fish_96h_lc50_p10_r12,100-69-6,2-Vinylpyridine,100-69-6,DTXSID1026667,C=CC1=NC=CC=C1,KGIGUEBEKRSTEW-UHFFFAOYSA-N,fish_96h_lc50,LC50,MOR,MORT,Oryzias latipes,Japanese Medaka,Chordata,Actinopterygii,Beloniformes,Adrianichthyidae,Oryzias,Fish;Standard Test Species,96.0,FW,,,,2001.0,japan_moe_official_summary,dsstox_casrn,unclassified,6.48,mg/L,6.163210956819482e-05,-4.210192966811813,105.13999999999996,,True,False,1,1,,,,0.0,,,,official_summary_table,nominal concentration,test material,mortality; source report 96 h LC50,True,True,,,,,,,,,,,,,,,,,,,,,,,,,,,,,,,,,,,,,japan_moe_100-69-6_fish_96h_lc50_p10_r12,Japan_MOE_official_summary,primary_source_aligned,MOE:10:12:fish_96h_lc50,6.5,True,100-69-6_fish_39230.pdf,"5,13",primary_source_aligned,96 h LC50 = 6.48 mg/L; report uses nominal concentration because measured values were within 20% of nominal.,https://www.env.go.jp/content/000316616.pdf,10.0,12.0
japan_moe__japan_moe_101-02-0_daphnia_48h_ec50_p10_r15,101-02-0,Triphenyl phosphite,101-02-0,DTXSID0026252,O(P(OC1=CC=CC=C1)OC1=CC=CC=C1)C1=CC=CC=C1,HVLLSGMXQDNUAL-UHFFFAOYSA-N,daphnia_48h_ec50,EC50,ITX,IMBL,Daphnia magna,Water Flea,Arthropoda,Branchiopoda,Diplostraca,Daphniidae,Daphnia,Crustaceans;Standard Test Species,48.0,FW,,,,2006.0,japan_moe_official_summary,dsstox_casrn,unclassified,0.45,mg/L,1.4502608858193492e-06,-5.838553865985495,310.289,,True,False,1,1,,,,0.0,,,,official_summary_table,not specified in summary,test material,immobilisation (Japanese table header: acute swimming inhibition),True,True,,,,,,,,,,,,,,,,,,,,,,,,,,,,,,,,,,,,,japan_moe_101-02-0_daphnia_48h_ec50_p10_r15,Japan_MOE_official_summary,official_summary_source,MOE:10:15:daphnia_48h_ec50,0.45,False,,,official_summary_source,official_summary_not_individual_report_reviewed,https://www.env.go.jp/content/000316616.pdf,10.0,15.0
japan_moe__japan_moe_101-14-4_daphnia_48h_ec50_p10_r16,101-14-4,"4,4'-Methylenebis(2-chloroaniline)",101-14-4,DTXSID5020865,NC1=C(Cl)C=C(CC2=CC(Cl)=C(N)C=C2)C=C1,IBOFVQJTBBUKMU-UHFFFAOYSA-N,daphnia_48h_ec50,EC50,ITX,IMBL,Daphnia magna,Water Flea,Arthropoda,Branchiopoda,Diplostraca,Daphniidae,Daphnia,Crustaceans;Standard Test Species,48.0,FW,,,,2001.0,japan_moe_official_summary,dsstox_casrn,unclassified,0.92,mg/L,3.4436421756332373e-06,-5.462981981847146,267.159,,True,False,1,1,,,,0.0,,,,official_summary_table,not specified in summary,test material,immobilisation (Japanese table header: acute swimming inhibition),True,True,,,,,,,,,,,,,,,,,,,,,,,,,,,,,,,,,,,,,japan_moe_101-14-4_daphnia_48h_ec50_p10_r16,Japan_MOE_official_summary,official_summary_source,MOE:10:16:daphnia_48h_ec50,0.92,False,,,official_summary_source,official_summary_not_individual_report_reviewed,https://www.env.go.jp/content/000316616.pdf,10.0,16.0
japan_moe__japan_moe_101-14-4_fish_96h_lc50_p10_r16,101-14-4,"4,4'-Methylenebis(2-chloroaniline)",101-14-4,DTXSID5020865,NC1=C(Cl)C=C(CC2=CC(Cl)=C(N)C=C2)C=C1,IBOFVQJTBBUKMU-UHFFFAOYSA-N,fish_96h_lc50,LC50,MOR,MORT,Oryzias latipes,Japanese Medaka,Chordata,Actinopterygii,Beloniformes,Adrianichthyidae,Oryzias,Fish;Standard Test Species,96.0,FW,,,,2001.0,japan_moe_official_summary,dsstox_casrn,unclassified,0.61,mg/L,2.28328448601769e-06,-5.641439974181934,267.159,,True,False,1,1,,,,0.0,,,,official_summary_table,not specified in summary,test material,mortality,True,True,,,,,,,,,,,,,,,,,,,,,,,,,,,,,,,,,,,,,japan_moe_101-14-4_fish_96h_lc50_p10_r16,Japan_MOE_official_summary,official_summary_source,MOE:10:16:fish_96h_lc50,0.61,False,,,official_summary_source,official_summary_not_individual_report_reviewed,https://www.env.go.jp/content/000316616.pdf,10.0,16.0
japan_moe__japan_moe_101-77-9_algae_72_96h_ec50_p10_r18,101-77-9,"4,4'-Methylenedianiline",101-77-9,DTXSID6022422,NC1=CC=C(CC2=CC=C(N)C=C2)C=C1,YBRVSVVVWCFQMG-UHFFFAOYSA-N,algae_72_96h_ec50,EC50,GRO,GGRO,Pseudokirchneriella subcapitata,Green Alga,Chlorophyta,Chlorophyceae,Sphaeropleales,Selenastraceae,Pseudokirchneriella,Algae;Standard Test Species,72.0,FW,,,,2001.0,japan_moe_official_summary,dsstox_casrn,unclassified,12.0,mg/L,6.052383378137783e-05,-4.218073570117405,198.269,,True,False,1,1,,,,0.0,,,,official_summary_table,not specified in summary,test material,growth rate,True,True,,,,,,,,,,,,,,,,,,,,,,,,,,,,,,,,,,,,,japan_moe_101-77-9_algae_72_96h_ec50_p10_r18,Japan_MOE_official_summary,official_summary_source,MOE:10:18:algae_72_96h_ec50,12.0,False,,,official_summary_source,official_summary_not_individual_report_reviewed,https://www.env.go.jp/content/000316616.pdf,10.0,18.0
japan_moe__japan_moe_101-77-9_daphnia_48h_ec50_p10_r18,101-77-9,"4,4'-Methylenedianiline",101-77-9,DTXSID6022422,NC1=CC=C(CC2=CC=C(N)C=C2)C=C1,YBRVSVVVWCFQMG-UHFFFAOYSA-N,daphnia_48h_ec50,EC50,ITX,IMBL,Daphnia magna,Water Flea,Arthropoda,Branchiopoda,Diplostraca,Daphniidae,Daphnia,Crustaceans;Standard Test Species,48.0,FW,,,,2001.0,japan_moe_official_summary,dsstox_casrn,unclassified,2.5,mg/L,1.2609132037787046e-05,-4.899314807492993,198.269,,True,False,1,1,,,,0.0,,,,official_summary_table,not specified in summary,test material,immobilisation (Japanese table header: acute swimming inhibition),True,True,,,,,,,,,,,,,,,,,,,,,,,,,,,,,,,,,,,,,japan_moe_101-77-9_daphnia_48h_ec50_p10_r18,Japan_MOE_official_summary,official_summary_source,MOE:10:18:daphnia_48h_ec50,2.5,False,,,official_summary_source,official_summary_not_individual_report_reviewed,https://www.env.go.jp/content/000316616.pdf,10.0,18.0
japan_moe__japan_moe_101-77-9_fish_96h_lc50_p10_r18,101-77-9,"4,4'-Methylenedianiline",101-77-9,DTXSID6022422,NC1=CC=C(CC2=CC=C(N)C=C2)C=C1,YBRVSVVVWCFQMG-UHFFFAOYSA-N,fish_96h_lc50,LC50,MOR,MORT,Oryzias latipes,Japanese Medaka,Chordata,Actinopterygii,Beloniformes,Adrianichthyidae,Oryzias,Fish;Standard Test Species,96.0,FW,,,,2001.0,japan_moe_official_summary,dsstox_casrn,unclassified,21.0,mg/L,0.0001059167091174,-3.975035521431111,198.269,,True,False,1,1,,,,0.0,,,,official_summary_table,not specified in summary,test material,mortality,True,True,,,,,,,,,,,,,,,,,,,,,,,,,,,,,,,,,,,,,japan_moe_101-77-9_fish_96h_lc50_p10_r18,Japan_MOE_official_summary,official_summary_source,MOE:10:18:fish_96h_lc50,21.0,False,,,official_summary_source,official_summary_not_individual_report_reviewed,https://www.env.go.jp/content/000316616.pdf,10.0,18.0
japan_moe__japan_moe_101-80-4_algae_72_96h_ec50_p10_r19,101-80-4,"4,4'-Diaminodiphenyl ether",101-80-4,DTXSID0021094,NC1=CC=C(OC2=CC=C(N)C=C2)C=C1,HLBLWEWZXPIGSM-UHFFFAOYSA-N,algae_72_96h_ec50,EC50,GRO,GGRO,Pseudokirchneriella subcapitata,Green Alga,Chlorophyta,Chlorophyceae,Sphaeropleales,Selenastraceae,Pseudokirchneriella,Algae;Standard Test Species,72.0,FW,,,,2006.0,japan_moe_official_summary,dsstox_casrn,unclassified,28.0,mg/L,0.0001398315030388,-3.8543949741222976,200.241,,True,False,1,1,,,,0.0,,,,official_summary_table,not specified in summary,test material,growth rate,True,True,,,,,,,,,,,,,,,,,,,,,,,,,,,,,,,,,,,,,japan_moe_101-80-4_algae_72_96h_ec50_p10_r19,Japan_MOE_official_summary,official_summary_source,MOE:10:19:algae_72_96h_ec50,28.0,False,,,official_summary_source,official_summary_not_individual_report_reviewed,https://www.env.go.jp/content/000316616.pdf,10.0,19.0
japan_moe__japan_moe_101-80-4_daphnia_48h_ec50_p10_r19,101-80-4,"4,4'-Diaminodiphenyl ether",101-80-4,DTXSID0021094,NC1=CC=C(OC2=CC=C(N)C=C2)C=C1,HLBLWEWZXPIGSM-UHFFFAOYSA-N,daphnia_48h_ec50,EC50,ITX,IMBL,Daphnia magna,Water Flea,Arthropoda,Branchiopoda,Diplostraca,Daphniidae,Daphnia,Crustaceans;Standard Test Species,48.0,FW,,,,2006.0,japan_moe_official_summary,dsstox_casrn,unclassified,0.99,mg/L,4.944042428873208e-06,-5.305917810866967,200.241,,True,False,1,1,,,,0.0,,,,official_summary_table,not specified in summary,test material,immobilisation (Japanese table header: acute swimming inhibition),True,True,,,,,,,,,,,,,,,,,,,,,,,,,,,,,,,,,,,,,japan_moe_101-80-4_daphnia_48h_ec50_p10_r19,Japan_MOE_official_summary,official_summary_source,MOE:10:19:daphnia_48h_ec50,0.99,False,,,official_summary_source,official_summary_not_individual_report_reviewed,https://www.env.go.jp/content/000316616.pdf,10.0,19.0
japan_moe__japan_moe_101-83-7_daphnia_48h_ec50_p10_r20,101-83-7,Dicyclohexylamine,101-83-7,DTXSID6025018,C1CCC(CC1)NC1CCCCC1,XBPCUCUWBYBCDP-UHFFFAOYSA-N,daphnia_48h_ec50,EC50,ITX,IMBL,Daphnia magna,Water Flea,Arthropoda,Branchiopoda,Diplostraca,Daphniidae,Daphnia,Crustaceans;Standard Test Species,48.0,FW,,,,1998.0,japan_moe_official_summary,dsstox_casrn,unclassified,8.0,mg/L,4.412016125918942e-05,-4.355362908882615,181.32299999999995,,True,False,1,1,,,,0.0,,,,official_summary_table,not specified in summary,test material,immobilisation (Japanese table header: acute swimming inhibition),True,True,,,,,,,,,,,,,,,,,,,,,,,,,,,,,,,,,,,,,japan_moe_101-83-7_daphnia_48h_ec50_p10_r20,Japan_MOE_official_summary,official_summary_source,MOE:10:20:daphnia_48h_ec50,8.0,False,,,official_summary_source,official_summary_not_individual_report_reviewed,https://www.env.go.jp/content/000316616.pdf,10.0,20.0
japan_moe__japan_moe_101-83-7_fish_96h_lc50_p10_r20,101-83-7,Dicyclohexylamine,101-83-7,DTXSID6025018,C1CCC(CC1)NC1CCCCC1,XBPCUCUWBYBCDP-UHFFFAOYSA-N,fish_96h_lc50,LC50,MOR,MORT,Oryzias latipes,Japanese Medaka,Chordata,Actinopterygii,Beloniformes,Adrianichthyidae,Oryzias,Fish;Standard Test Species,96.0,FW,,,,1998.0,japan_moe_official_summary,dsstox_casrn,unclassified,12.0,mg/L,6.618024188878413e-05,-4.1792716498269336,181.32299999999995,,True,False,1,1,,,,0.0,,,,official_summary_table,not specified in summary,test material,mortality,True,True,,,,,,,,,,,,,,,,,,,,,,,,,,,,,,,,,,,,,japan_moe_101-83-7_fish_96h_lc50_p10_r20,Japan_MOE_official_summary,official_summary_source,MOE:10:20:fish_96h_lc50,12.0,False,,,official_summary_source,official_summary_not_individual_report_reviewed,https://www.env.go.jp/content/000316616.pdf,10.0,20.0
japan_moe__japan_moe_101-84-8_algae_72_96h_ec50_p10_r21,101-84-8,Diphenyl ether,101-84-8,DTXSID9021847,O(C1=CC=CC=C1)C1=CC=CC=C1,USIUVYZYUHIAEV-UHFFFAOYSA-N,algae_72_96h_ec50,EC50,GRO,GGRO,Pseudokirchneriella subcapitata,Green Alga,Chlorophyta,Chlorophyceae,Sphaeropleales,Selenastraceae,Pseudokirchneriella,Algae;Standard Test Species,72.0,FW,,,,2004.0,japan_moe_official_summary,dsstox_casrn,unclassified,0.58,mg/L,3.407535353179289e-06,-5.467559629664665,170.211,,True,False,1,1,,,,0.0,,,,official_summary_table,not specified in summary,test material,growth rate,True,True,,,,,,,,,,,,,,,,,,,,,,,,,,,,,,,,,,,,,japan_moe_101-84-8_algae_72_96h_ec50_p10_r21,Japan_MOE_official_summary,official_summary_source,MOE:10:21:algae_72_96h_ec50,0.58,False,,,official_summary_source,official_summary_not_individual_report_reviewed,https://www.env.go.jp/content/000316616.pdf,10.0,21.0
japan_moe__japan_moe_101-84-8_daphnia_48h_ec50_p10_r21,101-84-8,Diphenyl ether,101-84-8,DTXSID9021847,O(C1=CC=CC=C1)C1=CC=CC=C1,USIUVYZYUHIAEV-UHFFFAOYSA-N,daphnia_48h_ec50,EC50,ITX,IMBL,Daphnia magna,Water Flea,Arthropoda,Branchiopoda,Diplostraca,Daphniidae,Daphnia,Crustaceans;Standard Test Species,48.0,FW,,,,2004.0,japan_moe_official_summary,dsstox_casrn,unclassified,2.0,mg/L,1.175012190751479e-05,-4.929957627563621,170.211,,True,False,1,1,,,,0.0,,,,official_summary_table,not specified in summary,test material,immobilisation (Japanese table header: acute swimming inhibition),True,True,,,,,,,,,,,,,,,,,,,,,,,,,,,,,,,,,,,,,japan_moe_101-84-8_daphnia_48h_ec50_p10_r21,Japan_MOE_official_summary,official_summary_source,MOE:10:21:daphnia_48h_ec50,2.0,False,,,official_summary_source,official_summary_not_individual_report_reviewed,https://www.env.go.jp/content/000316616.pdf,10.0,21.0
japan_moe__japan_moe_101-84-8_fish_96h_lc50_p10_r21,101-84-8,Diphenyl ether,101-84-8,DTXSID9021847,O(C1=CC=CC=C1)C1=CC=CC=C1,USIUVYZYUHIAEV-UHFFFAOYSA-N,fish_96h_lc50,LC50,MOR,MORT,Oryzias latipes,Japanese Medaka,Chordata,Actinopterygii,Beloniformes,Adrianichthyidae,Oryzias,Fish;Standard Test Species,96.0,FW,,,,2004.0,japan_moe_official_summary,dsstox_casrn,unclassified,1.8,mg/L,1.057510971676331e-05,-4.975715118124296,170.211,,True,False,1,1,,,,0.0,,,,official_summary_table,not specified in summary,test material,mortality,True,True,,,,,,,,,,,,,,,,,,,,,,,,,,,,,,,,,,,,,japan_moe_101-84-8_fish_96h_lc50_p10_r21,Japan_MOE_official_summary,official_summary_source,MOE:10:21:fish_96h_lc50,1.8,False,,,official_summary_source,official_summary_not_individual_report_reviewed,https://www.env.go.jp/content/000316616.pdf,10.0,21.0
japan_moe__japan_moe_101-96-2_algae_72_96h_ec50_p10_r22,101-96-2,"1,4-Benzenediamine, N,N'-bis(1- methylpropyl)-",101-96-2,DTXSID7024956,CCC(C)NC1=CC=C(NC(C)CC)C=C1,FSWDLYNGJBGFJH-UHFFFAOYSA-N,algae_72_96h_ec50,EC50,GRO,GGRO,Pseudokirchneriella subcapitata,Green Alga,Chlorophyta,Chlorophyceae,Sphaeropleales,Selenastraceae,Pseudokirchneriella,Algae;Standard Test Species,72.0,FW,,,,2008.0,japan_moe_official_summary,dsstox_casrn,unclassified,0.94,mg/L,4.265746959520784e-06,-5.370004910101585,220.36,,True,False,1,1,,,,0.0,,,,official_summary_table,not specified in summary,test material,growth rate,True,True,,,,,,,,,,,,,,,,,,,,,,,,,,,,,,,,,,,,,japan_moe_101-96-2_algae_72_96h_ec50_p10_r22,Japan_MOE_official_summary,official_summary_source,MOE:10:22:algae_72_96h_ec50,0.94,False,,,official_summary_source,official_summary_not_individual_report_reviewed,https://www.env.go.jp/content/000316616.pdf,10.0,22.0
japan_moe__japan_moe_101-96-2_daphnia_48h_ec50_p10_r22,101-96-2,"1,4-Benzenediamine, N,N'-bis(1- methylpropyl)-",101-96-2,DTXSID7024956,CCC(C)NC1=CC=C(NC(C)CC)C=C1,FSWDLYNGJBGFJH-UHFFFAOYSA-N,daphnia_48h_ec50,EC50,ITX,IMBL,Daphnia magna,Water Flea,Arthropoda,Branchiopoda,Diplostraca,Daphniidae,Daphnia,Crustaceans;Standard Test Species,48.0,FW,,,,2008.0,japan_moe_official_summary,dsstox_casrn,unclassified,0.54,mg/L,2.45053548738428e-06,-5.610739003878315,220.36,,True,False,1,1,,,,0.0,,,,official_summary_table,not specified in summary,test material,immobilisation (Japanese table header: acute swimming inhibition),True,True,,,,,,,,,,,,,,,,,,,,,,,,,,,,,,,,,,,,,japan_moe_101-96-2_daphnia_48h_ec50_p10_r22,Japan_MOE_official_summary,official_summary_source,MOE:10:22:daphnia_48h_ec50,0.54,False,,,official_summary_source,official_summary_not_individual_report_reviewed,https://www.env.go.jp/content/000316616.pdf,10.0,22.0
japan_moe__japan_moe_101-96-2_fish_96h_lc50_p10_r22,101-96-2,"1,4-Benzenediamine, N,N'-bis(1- methylpropyl)-",101-96-2,DTXSID7024956,CCC(C)NC1=CC=C(NC(C)CC)C=C1,FSWDLYNGJBGFJH-UHFFFAOYSA-N,fish_96h_lc50,LC50,MOR,MORT,Oryzias latipes,Japanese Medaka,Chordata,Actinopterygii,Beloniformes,Adrianichthyidae,Oryzias,Fish;Standard Test Species,96.0,FW,,,,2008.0,japan_moe_official_summary,dsstox_casrn,unclassified,0.37,mg/L,1.679070611726266e-06,-5.774931039634289,220.36,,True,False,1,1,,,,0.0,,,,official_summary_table,not specified in summary,test material,mortality,True,True,,,,,,,,,,,,,,,,,,,,,,,,,,,,,,,,,,,,,japan_moe_101-96-2_fish_96h_lc50_p10_r22,Japan_MOE_official_summary,official_summary_source,MOE:10:22:fish_96h_lc50,0.37,False,,,official_summary_source,official_summary_not_individual_report_reviewed,https://www.env.go.jp/content/000316616.pdf,10.0,22.0
japan_moe__japan_moe_102-06-7_algae_72_96h_ec50_p11_r1,102-06-7,"1,3-Diphenylguanidine",102-06-7,DTXSID3025178,N=C(NC1=CC=CC=C1)NC1=CC=CC=C1,OWRCNXZUPFZXOS-UHFFFAOYSA-N,algae_72_96h_ec50,EC50,GRO,GGRO,Pseudokirchneriella subcapitata,Green Alga,Chlorophyta,Chlorophyceae,Sphaeropleales,Selenastraceae,Pseudokirchneriella,Algae;Standard Test Species,72.0,FW,,,,1998.0,japan_moe_official_summary,dsstox_casrn,unclassified,7.6,mg/L,3.597326618323646e-05,-4.4440201287380905,211.268,,True,False,1,1,,,,0.0,,,,official_summary_table,not specified in summary,test material,growth rate,True,True,,,,,,,,,,,,,,,,,,,,,,,,,,,,,,,,,,,,,japan_moe_102-06-7_algae_72_96h_ec50_p11_r1,Japan_MOE_official_summary,official_summary_source,MOE:11:1:algae_72_96h_ec50,7.6,False,,,official_summary_source,official_summary_not_individual_report_reviewed,https://www.env.go.jp/content/000316616.pdf,11.0,1.0
japan_moe__japan_moe_102-06-7_daphnia_48h_ec50_p11_r1,102-06-7,"1,3-Diphenylguanidine",102-06-7,DTXSID3025178,N=C(NC1=CC=CC=C1)NC1=CC=CC=C1,OWRCNXZUPFZXOS-UHFFFAOYSA-N,daphnia_48h_ec50,EC50,ITX,IMBL,Daphnia magna,Water Flea,Arthropoda,Branchiopoda,Diplostraca,Daphniidae,Daphnia,Crustaceans;Standard Test Species,48.0,FW,,,,1998.0,japan_moe_official_summary,dsstox_casrn,unclassified,8.1,mg/L,3.833992843213359e-05,-4.416348702140232,211.268,,True,False,1,1,,,,0.0,,,,official_summary_table,not specified in summary,test material,immobilisation (Japanese table header: acute swimming inhibition),True,True,,,,,,,,,,,,,,,,,,,,,,,,,,,,,,,,,,,,,japan_moe_102-06-7_daphnia_48h_ec50_p11_r1,Japan_MOE_official_summary,official_summary_source,MOE:11:1:daphnia_48h_ec50,8.1,False,,,official_summary_source,official_summary_not_individual_report_reviewed,https://www.env.go.jp/content/000316616.pdf,11.0,1.0
japan_moe__japan_moe_102-06-7_fish_96h_lc50_p11_r1,102-06-7,"1,3-Diphenylguanidine",102-06-7,DTXSID3025178,N=C(NC1=CC=CC=C1)NC1=CC=CC=C1,OWRCNXZUPFZXOS-UHFFFAOYSA-N,fish_96h_lc50,LC50,MOR,MORT,Oryzias latipes,Japanese Medaka,Chordata,Actinopterygii,Beloniformes,Adrianichthyidae,Oryzias,Fish;Standard Test Species,96.0,FW,,,,1998.0,japan_moe_official_summary,dsstox_casrn,unclassified,17.0,mg/L,8.04665164625026e-05,-4.094384799640609,211.268,,True,False,1,1,,,,0.0,,,,official_summary_table,not specified in summary,test material,mortality,True,True,,,,,,,,,,,,,,,,,,,,,,,,,,,,,,,,,,,,,japan_moe_102-06-7_fish_96h_lc50_p11_r1,Japan_MOE_official_summary,official_summary_source,MOE:11:1:fish_96h_lc50,17.0,False,,,official_summary_source,official_summary_not_individual_report_reviewed,https://www.env.go.jp/content/000316616.pdf,11.0,1.0
japan_moe__japan_moe_102-76-1_daphnia_48h_ec50_p11_r2,102-76-1,Triacetin <triacetyl glycerine>,102-76-1,DTXSID3026691,CC(=O)OCC(COC(C)=O)OC(C)=O,URAYPUMNDPQOKB-UHFFFAOYSA-N,daphnia_48h_ec50,EC50,ITX,IMBL,Daphnia magna,Water Flea,Arthropoda,Branchiopoda,Diplostraca,Daphniidae,Daphnia,Crustaceans;Standard Test Species,48.0,FW,,,,1997.0,japan_moe_official_summary,dsstox_casrn,unclassified,770.0,mg/L,0.003528791732545,-2.4523739727183864,218.205,,True,False,1,1,,,,0.0,,,,official_summary_table,not specified in summary,test material,immobilisation (Japanese table header: acute swimming inhibition),True,True,,,,,,,,,,,,,,,,,,,,,,,,,,,,,,,,,,,,,japan_moe_102-76-1_daphnia_48h_ec50_p11_r2,Japan_MOE_official_summary,official_summary_source,MOE:11:2:daphnia_48h_ec50,770.0,False,,,official_summary_source,official_summary_not_individual_report_reviewed,https://www.env.go.jp/content/000316616.pdf,11.0,2.0
japan_moe__japan_moe_102-81-8_algae_72_96h_ec50_p11_r3,102-81-8,2-(Dibutylamino)ethanol,102-81-8,DTXSID2024953,CCCCN(CCO)CCCC,IWSZDQRGNFLMJS-UHFFFAOYSA-N,algae_72_96h_ec50,EC50,GRO,GGRO,Pseudokirchneriella subcapitata,Green Alga,Chlorophyta,Chlorophyceae,Sphaeropleales,Selenastraceae,Pseudokirchneriella,Algae;Standard Test Species,72.0,FW,,,,2003.0,japan_moe_official_summary,dsstox_casrn,unclassified,21.0,mg/L,0.0001211771494518,-3.916579267979998,173.29999999999995,,True,False,1,1,,,,0.0,,,,official_summary_table,not specified in summary,test material,growth rate,True,True,,,,,,,,,,,,,,,,,,,,,,,,,,,,,,,,,,,,,japan_moe_102-81-8_algae_72_96h_ec50_p11_r3,Japan_MOE_official_summary,official_summary_source,MOE:11:3:algae_72_96h_ec50,21.0,False,,,official_summary_source,official_summary_not_individual_report_reviewed,https://www.env.go.jp/content/000316616.pdf,11.0,3.0
japan_moe__japan_moe_102-81-8_fish_96h_lc50_p11_r3,102-81-8,2-(Dibutylamino)ethanol,102-81-8,DTXSID2024953,CCCCN(CCO)CCCC,IWSZDQRGNFLMJS-UHFFFAOYSA-N,fish_96h_lc50,LC50,MOR,MORT,Oryzias latipes,Japanese Medaka,Chordata,Actinopterygii,Beloniformes,Adrianichthyidae,Oryzias,Fish;Standard Test Species,96.0,FW,,,,2003.0,japan_moe_official_summary,dsstox_casrn,unclassified,29.0,mg/L,0.0001673398730525,-3.776400564814961,173.29999999999995,,True,False,1,1,,,,0.0,,,,official_summary_table,not specified in summary,test material,mortality,True,True,,,,,,,,,,,,,,,,,,,,,,,,,,,,,,,,,,,,,japan_moe_102-81-8_fish_96h_lc50_p11_r3,Japan_MOE_official_summary,official_summary_source,MOE:11:3:fish_96h_lc50,29.0,False,,,official_summary_source,official_summary_not_individual_report_reviewed,https://www.env.go.jp/content/000316616.pdf,11.0,3.0
japan_moe__japan_moe_103-50-4_algae_72_96h_ec50_p11_r7,103-50-4,Dibenzyl ether,103-50-4,DTXSID5025819,C(OCC1=CC=CC=C1)C1=CC=CC=C1,MHDVGSVTJDSBDK-UHFFFAOYSA-N,algae_72_96h_ec50,EC50,GRO,GGRO,Pseudokirchneriella subcapitata,Green Alga,Chlorophyta,Chlorophyceae,Sphaeropleales,Selenastraceae,Pseudokirchneriella,Algae;Standard Test Species,72.0,FW,,,,1995.0,japan_moe_official_summary,dsstox_casrn,unclassified,4.1,mg/L,2.0679393740700576e-05,-4.684462197634566,198.265,,True,False,1,1,,,,0.0,,,,official_summary_table,not specified in summary,test material,growth rate,True,True,,,,,,,,,,,,,,,,,,,,,,,,,,,,,,,,,,,,,japan_moe_103-50-4_algae_72_96h_ec50_p11_r7,Japan_MOE_official_summary,official_summary_source,MOE:11:7:algae_72_96h_ec50,4.1,False,,,official_summary_source,official_summary_not_individual_report_reviewed,https://www.env.go.jp/content/000316616.pdf,11.0,7.0
japan_moe__japan_moe_103-50-4_daphnia_48h_ec50_p11_r7,103-50-4,Dibenzyl ether,103-50-4,DTXSID5025819,C(OCC1=CC=CC=C1)C1=CC=CC=C1,MHDVGSVTJDSBDK-UHFFFAOYSA-N,daphnia_48h_ec50,EC50,ITX,IMBL,Daphnia magna,Water Flea,Arthropoda,Branchiopoda,Diplostraca,Daphniidae,Daphnia,Crustaceans;Standard Test Species,48.0,FW,,,,1995.0,japan_moe_official_summary,dsstox_casrn,unclassified,0.77,mg/L,3.883691019594987e-06,-5.41075532918182,198.265,,True,False,1,1,,,,0.0,,,,official_summary_table,not specified in summary,test material,immobilisation (Japanese table header: acute swimming inhibition),True,True,,,,,,,,,,,,,,,,,,,,,,,,,,,,,,,,,,,,,japan_moe_103-50-4_daphnia_48h_ec50_p11_r7,Japan_MOE_official_summary,official_summary_source,MOE:11:7:daphnia_48h_ec50,0.77,False,,,official_summary_source,official_summary_not_individual_report_reviewed,https://www.env.go.jp/content/000316616.pdf,11.0,7.0
japan_moe__japan_moe_103-50-4_fish_96h_lc50_p11_r7,103-50-4,Dibenzyl ether,103-50-4,DTXSID5025819,C(OCC1=CC=CC=C1)C1=CC=CC=C1,MHDVGSVTJDSBDK-UHFFFAOYSA-N,fish_96h_lc50,LC50,MOR,MORT,Oryzias latipes,Japanese Medaka,Chordata,Actinopterygii,Beloniformes,Adrianichthyidae,Oryzias,Fish;Standard Test Species,96.0,FW,,,,1995.0,japan_moe_official_summary,dsstox_casrn,unclassified,6.8,mg/L,3.4297531082137543e-05,-4.464737141648065,198.265,,True,False,1,1,,,,0.0,,,,official_summary_table,not specified in summary,test material,mortality,True,True,,,,,,,,,,,,,,,,,,,,,,,,,,,,,,,,,,,,,japan_moe_103-50-4_fish_96h_lc50_p11_r7,Japan_MOE_official_summary,official_summary_source,MOE:11:7:fish_96h_lc50,6.8,False,,,official_summary_source,official_summary_not_individual_report_reviewed,https://www.env.go.jp/content/000316616.pdf,11.0,7.0
japan_moe__japan_moe_104-51-8_algae_72_96h_ec50_p11_r12,104-51-8,Butylbenzene,104-51-8,DTXSID6022472,CCCCC1=CC=CC=C1,OCKPCBLVNKHBMX-UHFFFAOYSA-N,algae_72_96h_ec50,EC50,GRO,GGRO,Pseudokirchneriella subcapitata,Green Alga,Chlorophyta,Chlorophyceae,Sphaeropleales,Selenastraceae,Pseudokirchneriella,Algae;Standard Test Species,72.0,FW,,,,1998.0,japan_moe_official_summary,dsstox_casrn,unclassified,1.6,mg/L,1.1920549537333673e-05,-4.923703723158669,134.22199999999998,,True,False,1,1,,,,0.0,,,,official_summary_table,not specified in summary,test material,growth rate,True,True,,,,,,,,,,,,,,,,,,,,,,,,,,,,,,,,,,,,,japan_moe_104-51-8_algae_72_96h_ec50_p11_r12,Japan_MOE_official_summary,official_summary_source,MOE:11:12:algae_72_96h_ec50,1.6,False,,,official_summary_source,official_summary_not_individual_report_reviewed,https://www.env.go.jp/content/000316616.pdf,11.0,12.0
japan_moe__japan_moe_104-51-8_daphnia_48h_ec50_p11_r12,104-51-8,Butylbenzene,104-51-8,DTXSID6022472,CCCCC1=CC=CC=C1,OCKPCBLVNKHBMX-UHFFFAOYSA-N,daphnia_48h_ec50,EC50,ITX,IMBL,Daphnia magna,Water Flea,Arthropoda,Branchiopoda,Diplostraca,Daphniidae,Daphnia,Crustaceans;Standard Test Species,48.0,FW,,,,1998.0,japan_moe_official_summary,dsstox_casrn,unclassified,1.0,mg/L,7.450343460833546e-06,-5.127823705814594,134.22199999999998,,True,False,1,1,,,,0.0,,,,official_summary_table,not specified in summary,test material,immobilisation (Japanese table header: acute swimming inhibition),True,True,,,,,,,,,,,,,,,,,,,,,,,,,,,,,,,,,,,,,japan_moe_104-51-8_daphnia_48h_ec50_p11_r12,Japan_MOE_official_summary,official_summary_source,MOE:11:12:daphnia_48h_ec50,1.0,False,,,official_summary_source,official_summary_not_individual_report_reviewed,https://www.env.go.jp/content/000316616.pdf,11.0,12.0
japan_moe__japan_moe_104-51-8_fish_96h_lc50_p11_r12,104-51-8,Butylbenzene,104-51-8,DTXSID6022472,CCCCC1=CC=CC=C1,OCKPCBLVNKHBMX-UHFFFAOYSA-N,fish_96h_lc50,LC50,MOR,MORT,Oryzias latipes,Japanese Medaka,Chordata,Actinopterygii,Beloniformes,Adrianichthyidae,Oryzias,Fish;Standard Test Species,96.0,FW,,,,1998.0,japan_moe_official_summary,dsstox_casrn,unclassified,3.3,mg/L,2.45861334207507e-05,-4.609309765936707,134.22199999999998,,True,False,1,1,,,,0.0,,,,official_summary_table,not specified in summary,test material,mortality,True,True,,,,,,,,,,,,,,,,,,,,,,,,,,,,,,,,,,,,,japan_moe_104-51-8_fish_96h_lc50_p11_r12,Japan_MOE_official_summary,official_summary_source,MOE:11:12:fish_96h_lc50,3.3,False,,,official_summary_source,official_summary_not_individual_report_reviewed,https://www.env.go.jp/content/000316616.pdf,11.0,12.0
japan_moe__japan_moe_105-16-8_daphnia_48h_ec50_p11_r14,105-16-8,2-(Diethylamino)ethyl methacrylate,105-16-8,DTXSID4026713,CCN(CC)CCOC(=O)C(C)=C,SJIXRGNQPBQWMK-UHFFFAOYSA-N,daphnia_48h_ec50,EC50,ITX,IMBL,Daphnia magna,Water Flea,Arthropoda,Branchiopoda,Diplostraca,Daphniidae,Daphnia,Crustaceans;Standard Test Species,48.0,FW,,,,1997.0,japan_moe_official_summary,dsstox_casrn,unclassified,360.0,mg/L,0.0019431415200764,-2.711495568339958,185.267,,True,False,1,1,,,,0.0,,,,official_summary_table,not specified in summary,test material,immobilisation (Japanese table header: acute swimming inhibition),True,True,,,,,,,,,,,,,,,,,,,,,,,,,,,,,,,,,,,,,japan_moe_105-16-8_daphnia_48h_ec50_p11_r14,Japan_MOE_official_summary,official_summary_source,MOE:11:14:daphnia_48h_ec50,360.0,False,,,official_summary_source,official_summary_not_individual_report_reviewed,https://www.env.go.jp/content/000316616.pdf,11.0,14.0
japan_moe__japan_moe_10500-57-9_algae_72_96h_ec50_p29_r8,10500-57-9,"5,6,7,8-Tetrahydroquinoline",10500-57-9,DTXSID40146911,C1CCC2=C(C1)C=CC=N2,YQDGQEKUTLYWJU-UHFFFAOYSA-N,algae_72_96h_ec50,EC50,GRO,GGRO,Pseudokirchneriella subcapitata,Green Alga,Chlorophyta,Chlorophyceae,Sphaeropleales,Selenastraceae,Pseudokirchneriella,Algae;Standard Test Species,72.0,FW,,,,2000.0,japan_moe_official_summary,dsstox_casrn,unclassified,64.0,mg/L,0.0004805021247203,-3.318304687595277,133.19399999999996,,True,False,1,1,,,,0.0,,,,official_summary_table,not specified in summary,test material,growth rate,True,True,,,,,,,,,,,,,,,,,,,,,,,,,,,,,,,,,,,,,japan_moe_10500-57-9_algae_72_96h_ec50_p29_r8,Japan_MOE_official_summary,official_summary_source,MOE:29:8:algae_72_96h_ec50,64.0,False,,,official_summary_source,official_summary_not_individual_report_reviewed,https://www.env.go.jp/content/000316616.pdf,29.0,8.0
japan_moe__japan_moe_10500-57-9_daphnia_48h_ec50_p29_r8,10500-57-9,"5,6,7,8-Tetrahydroquinoline",10500-57-9,DTXSID40146911,C1CCC2=C(C1)C=CC=N2,YQDGQEKUTLYWJU-UHFFFAOYSA-N,daphnia_48h_ec50,EC50,ITX,IMBL,Daphnia magna,Water Flea,Arthropoda,Branchiopoda,Diplostraca,Daphniidae,Daphnia,Crustaceans;Standard Test Species,48.0,FW,,,,2000.0,japan_moe_official_summary,dsstox_casrn,unclassified,11.0,mg/L,8.258630268630721e-05,-4.08309197642094,133.19399999999996,,True,False,1,1,,,,0.0,,,,official_summary_table,not specified in summary,test material,immobilisation (Japanese table header: acute swimming inhibition),True,True,,,,,,,,,,,,,,,,,,,,,,,,,,,,,,,,,,,,,japan_moe_10500-57-9_daphnia_48h_ec50_p29_r8,Japan_MOE_official_summary,official_summary_source,MOE:29:8:daphnia_48h_ec50,11.0,False,,,official_summary_source,official_summary_not_individual_report_reviewed,https://www.env.go.jp/content/000316616.pdf,29.0,8.0
japan_moe__japan_moe_10500-57-9_fish_96h_lc50_p29_r8,10500-57-9,"5,6,7,8-Tetrahydroquinoline",10500-57-9,DTXSID40146911,C1CCC2=C(C1)C=CC=N2,YQDGQEKUTLYWJU-UHFFFAOYSA-N,fish_96h_lc50,LC50,MOR,MORT,Oryzias latipes,Japanese Medaka,Chordata,Actinopterygii,Beloniformes,Adrianichthyidae,Oryzias,Fish;Standard Test Species,96.0,FW,,,,2000.0,japan_moe_official_summary,dsstox_casrn,unclassified,37.0,mg/L,0.0002777902908539,-3.55628293751217,133.19399999999996,,True,False,1,1,,,,0.0,,,,official_summary_table,not specified in summary,test material,mortality,True,True,,,,,,,,,,,,,,,,,,,,,,,,,,,,,,,,,,,,,japan_moe_10500-57-9_fish_96h_lc50_p29_r8,Japan_MOE_official_summary,official_summary_source,MOE:29:8:fish_96h_lc50,37.0,False,,,official_summary_source,official_summary_not_individual_report_reviewed,https://www.env.go.jp/content/000316616.pdf,29.0,8.0
japan_moe__japan_moe_106-41-2_algae_72_96h_ec50_p11_r19,106-41-2,4-Bromophenol,106-41-2,DTXSID3051543,OC1=CC=C(Br)C=C1,GZFGOTFRPZRKDS-UHFFFAOYSA-N,algae_72_96h_ec50,EC50,GRO,GGRO,Pseudokirchneriella subcapitata,Green Alga,Chlorophyta,Chlorophyceae,Sphaeropleales,Selenastraceae,Pseudokirchneriella,Algae;Standard Test Species,72.0,FW,,,,1997.0,japan_moe_official_summary,dsstox_casrn,unclassified,9.2,mg/L,5.31764243478663e-05,-4.274280868550122,173.009,,True,False,1,1,,,,0.0,,,,official_summary_table,not specified in summary,test material,growth rate,True,True,,,,,,,,,,,,,,,,,,,,,,,,,,,,,,,,,,,,,japan_moe_106-41-2_algae_72_96h_ec50_p11_r19,Japan_MOE_official_summary,official_summary_source,MOE:11:19:algae_72_96h_ec50,9.2,False,,,official_summary_source,official_summary_not_individual_report_reviewed,https://www.env.go.jp/content/000316616.pdf,11.0,19.0
japan_moe__japan_moe_106-41-2_daphnia_48h_ec50_p11_r19,106-41-2,4-Bromophenol,106-41-2,DTXSID3051543,OC1=CC=C(Br)C=C1,GZFGOTFRPZRKDS-UHFFFAOYSA-N,daphnia_48h_ec50,EC50,ITX,IMBL,Daphnia magna,Water Flea,Arthropoda,Branchiopoda,Diplostraca,Daphniidae,Daphnia,Crustaceans;Standard Test Species,48.0,FW,,,,1997.0,japan_moe_official_summary,dsstox_casrn,unclassified,4.2,mg/L,2.427619372402592e-05,-4.6148194054977765,173.009,,True,False,1,1,,,,0.0,,,,official_summary_table,not specified in summary,test material,immobilisation (Japanese table header: acute swimming inhibition),True,True,,,,,,,,,,,,,,,,,,,,,,,,,,,,,,,,,,,,,japan_moe_106-41-2_daphnia_48h_ec50_p11_r19,Japan_MOE_official_summary,official_summary_source,MOE:11:19:daphnia_48h_ec50,4.2,False,,,official_summary_source,official_summary_not_individual_report_reviewed,https://www.env.go.jp/content/000316616.pdf,11.0,19.0
japan_moe__japan_moe_106-41-2_fish_96h_lc50_p11_r19,106-41-2,4-Bromophenol,106-41-2,DTXSID3051543,OC1=CC=C(Br)C=C1,GZFGOTFRPZRKDS-UHFFFAOYSA-N,fish_96h_lc50,LC50,MOR,MORT,Oryzias latipes,Japanese Medaka,Chordata,Actinopterygii,Beloniformes,Adrianichthyidae,Oryzias,Fish;Standard Test Species,96.0,FW,,,,1997.0,japan_moe_official_summary,dsstox_casrn,unclassified,8.7,mg/L,5.028640128548226e-05,-4.298549443277059,173.009,,True,False,1,1,,,,0.0,,,,official_summary_table,not specified in summary,test material,mortality,True,True,,,,,,,,,,,,,,,,,,,,,,,,,,,,,,,,,,,,,japan_moe_106-41-2_fish_96h_lc50_p11_r19,Japan_MOE_official_summary,official_summary_source,MOE:11:19:fish_96h_lc50,8.7,False,,,official_summary_source,official_summary_not_individual_report_reviewed,https://www.env.go.jp/content/000316616.pdf,11.0,19.0
japan_moe__japan_moe_106-50-3_algae_72_96h_ec50_p12_r6,106-50-3,p-Phenylenediamine,106-50-3,DTXSID9021138,NC1=CC=C(N)C=C1,CBCKQZAAMUWICA-UHFFFAOYSA-N,algae_72_96h_ec50,EC50,GRO,GGRO,Pseudokirchneriella subcapitata,Green Alga,Chlorophyta,Chlorophyceae,Sphaeropleales,Selenastraceae,Pseudokirchneriella,Algae;Standard Test Species,72.0,FW,,,,2001.0,japan_moe_official_summary,dsstox_casrn,unclassified,0.18,mg/L,1.6644474034620503e-06,-5.778729923996112,108.144,,True,False,1,1,,,,0.0,,,,official_summary_table,not specified in summary,test material,growth rate,True,True,,,,,,,,,,,,,,,,,,,,,,,,,,,,,,,,,,,,,japan_moe_106-50-3_algae_72_96h_ec50_p12_r6,Japan_MOE_official_summary,official_summary_source,MOE:12:6:algae_72_96h_ec50,0.18,False,,,official_summary_source,official_summary_not_individual_report_reviewed,https://www.env.go.jp/content/000316616.pdf,12.0,6.0
japan_moe__japan_moe_106-50-3_daphnia_48h_ec50_p12_r6,106-50-3,p-Phenylenediamine,106-50-3,DTXSID9021138,NC1=CC=C(N)C=C1,CBCKQZAAMUWICA-UHFFFAOYSA-N,daphnia_48h_ec50,EC50,ITX,IMBL,Daphnia magna,Water Flea,Arthropoda,Branchiopoda,Diplostraca,Daphniidae,Daphnia,Crustaceans;Standard Test Species,48.0,FW,,,,2001.0,japan_moe_official_summary,dsstox_casrn,unclassified,0.33,mg/L,3.051486906347093e-06,-5.51548848922153,108.144,,True,False,1,1,,,,0.0,,,,official_summary_table,not specified in summary,test material,immobilisation (Japanese table header: acute swimming inhibition),True,True,,,,,,,,,,,,,,,,,,,,,,,,,,,,,,,,,,,,,japan_moe_106-50-3_daphnia_48h_ec50_p12_r6,Japan_MOE_official_summary,official_summary_source,MOE:12:6:daphnia_48h_ec50,0.33,False,,,official_summary_source,official_summary_not_individual_report_reviewed,https://www.env.go.jp/content/000316616.pdf,12.0,6.0
japan_moe__japan_moe_106-50-3_fish_96h_lc50_p12_r6,106-50-3,p-Phenylenediamine,106-50-3,DTXSID9021138,NC1=CC=C(N)C=C1,CBCKQZAAMUWICA-UHFFFAOYSA-N,fish_96h_lc50,LC50,MOR,MORT,Oryzias latipes,Japanese Medaka,Chordata,Actinopterygii,Beloniformes,Adrianichthyidae,Oryzias,Fish;Standard Test Species,96.0,FW,,,,2001.0,japan_moe_official_summary,dsstox_casrn,unclassified,0.066,mg/L,6.102973812694186e-07,-6.214458493557549,108.144,,True,False,1,1,,,,0.0,,,,official_summary_table,not specified in summary,test material,mortality,True,True,,,,,,,,,,,,,,,,,,,,,,,,,,,,,,,,,,,,,japan_moe_106-50-3_fish_96h_lc50_p12_r6,Japan_MOE_official_summary,official_summary_source,MOE:12:6:fish_96h_lc50,0.066,False,,,official_summary_source,official_summary_not_individual_report_reviewed,https://www.env.go.jp/content/000316616.pdf,12.0,6.0
japan_moe__japan_moe_106-87-6_daphnia_48h_ec50_p12_r7,106-87-6,7-Oxa-3-oxiranylbicyclo[4.1.0]heptane,106-87-6,DTXSID0020604,C1OC1C1CCC2OC2C1,OECTYKWYRCHAKR-UHFFFAOYSA-N,daphnia_48h_ec50,EC50,ITX,IMBL,Daphnia magna,Water Flea,Arthropoda,Branchiopoda,Diplostraca,Daphniidae,Daphnia,Crustaceans;Standard Test Species,48.0,FW,,,,2005.0,japan_moe_official_summary,dsstox_casrn,unclassified,58.0,mg/L,0.0004137478420909,-3.3832642582806765,140.182,,True,False,1,1,,,,0.0,,,,official_summary_table,not specified in summary,test material,immobilisation (Japanese table header: acute swimming inhibition),True,True,,,,,,,,,,,,,,,,,,,,,,,,,,,,,,,,,,,,,japan_moe_106-87-6_daphnia_48h_ec50_p12_r7,Japan_MOE_official_summary,official_summary_source,MOE:12:7:daphnia_48h_ec50,58.0,False,,,official_summary_source,official_summary_not_individual_report_reviewed,https://www.env.go.jp/content/000316616.pdf,12.0,7.0
japan_moe__japan_moe_106-87-6_fish_96h_lc50_p12_r7,106-87-6,7-Oxa-3-oxiranylbicyclo[4.1.0]heptane,106-87-6,DTXSID0020604,C1OC1C1CCC2OC2C1,OECTYKWYRCHAKR-UHFFFAOYSA-N,fish_96h_lc50,LC50,MOR,MORT,Oryzias latipes,Japanese Medaka,Chordata,Actinopterygii,Beloniformes,Adrianichthyidae,Oryzias,Fish;Standard Test Species,96.0,FW,,,,2005.0,japan_moe_official_summary,dsstox_casrn,unclassified,15.0,mg/L,0.0001070037522649,-3.970600992787933,140.182,,True,False,1,1,,,,0.0,,,,official_summary_table,not specified in summary,test material,mortality,True,True,,,,,,,,,,,,,,,,,,,,,,,,,,,,,,,,,,,,,japan_moe_106-87-6_fish_96h_lc50_p12_r7,Japan_MOE_official_summary,official_summary_source,MOE:12:7:fish_96h_lc50,15.0,False,,,official_summary_source,official_summary_not_individual_report_reviewed,https://www.env.go.jp/content/000316616.pdf,12.0,7.0
japan_moe__japan_moe_106-91-2_algae_72_96h_ec50_p12_r8,106-91-2,Glycidyl methacrylate,106-91-2,DTXSID0025361,CC(=C)C(=O)OCC1CO1,VOZRXNHHFUQHIL-UHFFFAOYSA-N,algae_72_96h_ec50,EC50,GRO,GGRO,Pseudokirchneriella subcapitata,Green Alga,Chlorophyta,Chlorophyceae,Sphaeropleales,Selenastraceae,Pseudokirchneriella,Algae;Standard Test Species,72.0,FW,,,,1996.0,japan_moe_official_summary,dsstox_casrn,unclassified,32.0,mg/L,0.0002251079814848,-3.647609106272764,142.154,,True,False,1,1,,,,0.0,,,,official_summary_table,not specified in summary,test material,growth rate,True,True,,,,,,,,,,,,,,,,,,,,,,,,,,,,,,,,,,,,,japan_moe_106-91-2_algae_72_96h_ec50_p12_r8,Japan_MOE_official_summary,official_summary_source,MOE:12:8:algae_72_96h_ec50,32.0,False,,,official_summary_source,official_summary_not_individual_report_reviewed,https://www.env.go.jp/content/000316616.pdf,12.0,8.0
japan_moe__japan_moe_106-91-2_daphnia_48h_ec50_p12_r8,106-91-2,Glycidyl methacrylate,106-91-2,DTXSID0025361,CC(=C)C(=O)OCC1CO1,VOZRXNHHFUQHIL-UHFFFAOYSA-N,daphnia_48h_ec50,EC50,ITX,IMBL,Daphnia magna,Water Flea,Arthropoda,Branchiopoda,Diplostraca,Daphniidae,Daphnia,Crustaceans;Standard Test Species,48.0,FW,,,,1996.0,japan_moe_official_summary,dsstox_casrn,unclassified,25.0,mg/L,0.000175865610535,-3.754819075920632,142.154,,True,False,1,1,,,,0.0,,,,official_summary_table,not specified in summary,test material,immobilisation (Japanese table header: acute swimming inhibition),True,True,,,,,,,,,,,,,,,,,,,,,,,,,,,,,,,,,,,,,japan_moe_106-91-2_daphnia_48h_ec50_p12_r8,Japan_MOE_official_summary,official_summary_source,MOE:12:8:daphnia_48h_ec50,25.0,False,,,official_summary_source,official_summary_not_individual_report_reviewed,https://www.env.go.jp/content/000316616.pdf,12.0,8.0
japan_moe__japan_moe_106-91-2_fish_96h_lc50_p12_r8,106-91-2,Glycidyl methacrylate,106-91-2,DTXSID0025361,CC(=C)C(=O)OCC1CO1,VOZRXNHHFUQHIL-UHFFFAOYSA-N,fish_96h_lc50,LC50,MOR,MORT,Oryzias latipes,Japanese Medaka,Chordata,Actinopterygii,Beloniformes,Adrianichthyidae,Oryzias,Fish;Standard Test Species,96.0,FW,,,,1996.0,japan_moe_official_summary,dsstox_casrn,unclassified,2.8,mg/L,1.9696948379926e-05,-4.705601053250451,142.154,,True,False,1,1,,,,0.0,,,,official_summary_table,not specified in summary,test material,mortality,True,True,,,,,,,,,,,,,,,,,,,,,,,,,,,,,,,,,,,,,japan_moe_106-91-2_fish_96h_lc50_p12_r8,Japan_MOE_official_summary,official_summary_source,MOE:12:8:fish_96h_lc50,2.8,False,,,official_summary_source,official_summary_not_individual_report_reviewed,https://www.env.go.jp/content/000316616.pdf,12.0,8.0
japan_moe__japan_moe_108-05-4_algae_72_96h_ec50_p12_r14,108-05-4,Vinyl acetate,108-05-4,DTXSID3021431,CC(=O)OC=C,XTXRWKRVRITETP-UHFFFAOYSA-N,algae_72_96h_ec50,EC50,GRO,GGRO,Pseudokirchneriella subcapitata,Green Alga,Chlorophyta,Chlorophyceae,Sphaeropleales,Selenastraceae,Pseudokirchneriella,Algae;Standard Test Species,72.0,FW,,,,2001.0,japan_moe_official_summary,dsstox_casrn,unclassified,8.9,mg/L,0.0001033801835288,-3.985562701172945,86.09,,True,False,1,1,,,,0.0,,,,official_summary_table,not specified in summary,test material,growth rate,True,True,,,,,,,,,,,,,,,,,,,,,,,,,,,,,,,,,,,,,japan_moe_108-05-4_algae_72_96h_ec50_p12_r14,Japan_MOE_official_summary,official_summary_source,MOE:12:14:algae_72_96h_ec50,8.9,False,,,official_summary_source,official_summary_not_individual_report_reviewed,https://www.env.go.jp/content/000316616.pdf,12.0,14.0
japan_moe__japan_moe_108-05-4_daphnia_48h_ec50_p12_r14,108-05-4,Vinyl acetate,108-05-4,DTXSID3021431,CC(=O)OC=C,XTXRWKRVRITETP-UHFFFAOYSA-N,daphnia_48h_ec50,EC50,ITX,IMBL,Daphnia magna,Water Flea,Arthropoda,Branchiopoda,Diplostraca,Daphniidae,Daphnia,Crustaceans;Standard Test Species,48.0,FW,,,,2001.0,japan_moe_official_summary,dsstox_casrn,unclassified,9.2,mg/L,0.0001068649088163,-3.971164880472303,86.09,,True,False,1,1,,,,0.0,,,,official_summary_table,not specified in summary,test material,immobilisation (Japanese table header: acute swimming inhibition),True,True,,,,,,,,,,,,,,,,,,,,,,,,,,,,,,,,,,,,,japan_moe_108-05-4_daphnia_48h_ec50_p12_r14,Japan_MOE_official_summary,official_summary_source,MOE:12:14:daphnia_48h_ec50,9.2,False,,,official_summary_source,official_summary_not_individual_report_reviewed,https://www.env.go.jp/content/000316616.pdf,12.0,14.0
japan_moe__japan_moe_108-05-4_fish_96h_lc50_p12_r14,108-05-4,Vinyl acetate,108-05-4,DTXSID3021431,CC(=O)OC=C,XTXRWKRVRITETP-UHFFFAOYSA-N,fish_96h_lc50,LC50,MOR,MORT,Oryzias latipes,Japanese Medaka,Chordata,Actinopterygii,Beloniformes,Adrianichthyidae,Oryzias,Fish;Standard Test Species,96.0,FW,,,,2001.0,japan_moe_official_summary,dsstox_casrn,unclassified,2.4,mg/L,2.7877802299918688e-05,-4.554741466106252,86.09,,True,False,1,1,,,,0.0,,,,official_summary_table,not specified in summary,test material,mortality,True,True,,,,,,,,,,,,,,,,,,,,,,,,,,,,,,,,,,,,,japan_moe_108-05-4_fish_96h_lc50_p12_r14,Japan_MOE_official_summary,official_summary_source,MOE:12:14:fish_96h_lc50,2.4,False,,,official_summary_source,official_summary_not_individual_report_reviewed,https://www.env.go.jp/content/000316616.pdf,12.0,14.0
japan_moe__japan_moe_108-45-2_algae_72_96h_ec50_p12_r18,108-45-2,m-Phenylenediamine,108-45-2,DTXSID4021137,NC1=CC(N)=CC=C1,WZCQRUWWHSTZEM-UHFFFAOYSA-N,algae_72_96h_ec50,EC50,GRO,GGRO,Pseudokirchneriella subcapitata,Green Alga,Chlorophyta,Chlorophyceae,Sphaeropleales,Selenastraceae,Pseudokirchneriella,Algae;Standard Test Species,72.0,FW,,,,2001.0,japan_moe_official_summary,dsstox_casrn,unclassified,30.0,mg/L,0.000277407900577,-3.556881174379756,108.144,,True,False,1,1,,,,0.0,,,,official_summary_table,not specified in summary,test material,growth rate,True,True,,,,,,,,,,,,,,,,,,,,,,,,,,,,,,,,,,,,,japan_moe_108-45-2_algae_72_96h_ec50_p12_r18,Japan_MOE_official_summary,official_summary_source,MOE:12:18:algae_72_96h_ec50,30.0,False,,,official_summary_source,official_summary_not_individual_report_reviewed,https://www.env.go.jp/content/000316616.pdf,12.0,18.0
japan_moe__japan_moe_108-45-2_daphnia_48h_ec50_p12_r18,108-45-2,m-Phenylenediamine,108-45-2,DTXSID4021137,NC1=CC(N)=CC=C1,WZCQRUWWHSTZEM-UHFFFAOYSA-N,daphnia_48h_ec50,EC50,ITX,IMBL,Daphnia magna,Water Flea,Arthropoda,Branchiopoda,Diplostraca,Daphniidae,Daphnia,Crustaceans;Standard Test Species,48.0,FW,,,,2001.0,japan_moe_official_summary,dsstox_casrn,unclassified,2.0,mg/L,1.849386003846723e-05,-4.732972433435437,108.144,,True,False,1,1,,,,0.0,,,,official_summary_table,not specified in summary,test material,immobilisation (Japanese table header: acute swimming inhibition),True,True,,,,,,,,,,,,,,,,,,,,,,,,,,,,,,,,,,,,,japan_moe_108-45-2_daphnia_48h_ec50_p12_r18,Japan_MOE_official_summary,official_summary_source,MOE:12:18:daphnia_48h_ec50,2.0,False,,,official_summary_source,official_summary_not_individual_report_reviewed,https://www.env.go.jp/content/000316616.pdf,12.0,18.0
japan_moe__japan_moe_108-65-6_daphnia_48h_ec50_p12_r19,108-65-6,2-Methoxy-1-methylethyl acetate,108-65-6,DTXSID1026796,COCC(C)OC(C)=O,LLHKCFNBLRBOGN-UHFFFAOYSA-N,daphnia_48h_ec50,EC50,ITX,IMBL,Daphnia magna,Water Flea,Arthropoda,Branchiopoda,Diplostraca,Daphniidae,Daphnia,Crustaceans;Standard Test Species,48.0,FW,,,,1997.0,japan_moe_official_summary,dsstox_casrn,unclassified,370.0,mg/L,0.0027996579877269,-2.552895019770352,132.159,,True,False,1,1,,,,0.0,,,,official_summary_table,not specified in summary,test material,immobilisation (Japanese table header: acute swimming inhibition),True,True,,,,,,,,,,,,,,,,,,,,,,,,,,,,,,,,,,,,,japan_moe_108-65-6_daphnia_48h_ec50_p12_r19,Japan_MOE_official_summary,official_summary_source,MOE:12:19:daphnia_48h_ec50,370.0,False,,,official_summary_source,official_summary_not_individual_report_reviewed,https://www.env.go.jp/content/000316616.pdf,12.0,19.0
japan_moe__japan_moe_108-69-0_algae_72_96h_ec50_p12_r20,108-69-0,"3,5-Dimethylaniline",108-69-0,DTXSID8026309,CC1=CC(N)=CC(C)=C1,MKARNSWMMBGSHX-UHFFFAOYSA-N,algae_72_96h_ec50,EC50,GRO,GGRO,Pseudokirchneriella subcapitata,Green Alga,Chlorophyta,Chlorophyceae,Sphaeropleales,Selenastraceae,Pseudokirchneriella,Algae;Standard Test Species,72.0,FW,,,,1997.0,japan_moe_official_summary,dsstox_casrn,unclassified,29.0,mg/L,0.0002393074936253,-3.6210437017660815,121.183,,True,False,1,1,,,,0.0,,,,official_summary_table,not specified in summary,test material,growth rate,True,True,,,,,,,,,,,,,,,,,,,,,,,,,,,,,,,,,,,,,japan_moe_108-69-0_algae_72_96h_ec50_p12_r20,Japan_MOE_official_summary,official_summary_source,MOE:12:20:algae_72_96h_ec50,29.0,False,,,official_summary_source,official_summary_not_individual_report_reviewed,https://www.env.go.jp/content/000316616.pdf,12.0,20.0
japan_moe__japan_moe_108-69-0_daphnia_48h_ec50_p12_r20,108-69-0,"3,5-Dimethylaniline",108-69-0,DTXSID8026309,CC1=CC(N)=CC(C)=C1,MKARNSWMMBGSHX-UHFFFAOYSA-N,daphnia_48h_ec50,EC50,ITX,IMBL,Daphnia magna,Water Flea,Arthropoda,Branchiopoda,Diplostraca,Daphniidae,Daphnia,Crustaceans;Standard Test Species,48.0,FW,,,,1997.0,japan_moe_official_summary,dsstox_casrn,unclassified,2.2,mg/L,1.8154361585370887e-05,-4.741019018842831,121.183,,True,False,1,1,,,,0.0,,,,official_summary_table,not specified in summary,test material,immobilisation (Japanese table header: acute swimming inhibition),True,True,,,,,,,,,,,,,,,,,,,,,,,,,,,,,,,,,,,,,japan_moe_108-69-0_daphnia_48h_ec50_p12_r20,Japan_MOE_official_summary,official_summary_source,MOE:12:20:daphnia_48h_ec50,2.2,False,,,official_summary_source,official_summary_not_individual_report_reviewed,https://www.env.go.jp/content/000316616.pdf,12.0,20.0
japan_moe__japan_moe_108-69-0_fish_96h_lc50_p12_r20,108-69-0,"3,5-Dimethylaniline",108-69-0,DTXSID8026309,CC1=CC(N)=CC(C)=C1,MKARNSWMMBGSHX-UHFFFAOYSA-N,fish_96h_lc50,LC50,MOR,MORT,Oryzias latipes,Japanese Medaka,Chordata,Actinopterygii,Beloniformes,Adrianichthyidae,Oryzias,Fish;Standard Test Species,96.0,FW,,,,1997.0,japan_moe_official_summary,dsstox_casrn,unclassified,34.0,mg/L,0.0002805674063193,-3.551962782622782,121.183,,True,False,1,1,,,,0.0,,,,official_summary_table,not specified in summary,test material,mortality,True,True,,,,,,,,,,,,,,,,,,,,,,,,,,,,,,,,,,,,,japan_moe_108-69-0_fish_96h_lc50_p12_r20,Japan_MOE_official_summary,official_summary_source,MOE:12:20:fish_96h_lc50,34.0,False,,,official_summary_source,official_summary_not_individual_report_reviewed,https://www.env.go.jp/content/000316616.pdf,12.0,20.0
japan_moe__japan_moe_108-70-3_daphnia_48h_ec50_p12_r21,108-70-3,"1,3,5-Trichlorobenzene",108-70-3,DTXSID8026195,ClC1=CC(Cl)=CC(Cl)=C1,XKEFYDZQGKAQCN-UHFFFAOYSA-N,daphnia_48h_ec50,EC50,ITX,IMBL,Daphnia magna,Water Flea,Arthropoda,Branchiopoda,Diplostraca,Daphniidae,Daphnia,Crustaceans;Standard Test Species,48.0,FW,,,,1997.0,japan_moe_official_summary,dsstox_casrn,unclassified,2.9,mg/L,1.598245236953634e-05,-4.796356581164604,181.449,,True,False,1,1,,,,0.0,,,,official_summary_table,not specified in summary,test material,immobilisation (Japanese table header: acute swimming inhibition),True,True,,,,,,,,,,,,,,,,,,,,,,,,,,,,,,,,,,,,,japan_moe_108-70-3_daphnia_48h_ec50_p12_r21,Japan_MOE_official_summary,official_summary_source,MOE:12:21:daphnia_48h_ec50,2.9,False,,,official_summary_source,official_summary_not_individual_report_reviewed,https://www.env.go.jp/content/000316616.pdf,12.0,21.0
japan_moe__japan_moe_108-70-3_fish_96h_lc50_p12_r21,108-70-3,"1,3,5-Trichlorobenzene",108-70-3,DTXSID8026195,ClC1=CC(Cl)=CC(Cl)=C1,XKEFYDZQGKAQCN-UHFFFAOYSA-N,fish_96h_lc50,LC50,MOR,MORT,Oryzias latipes,Japanese Medaka,Chordata,Actinopterygii,Beloniformes,Adrianichthyidae,Oryzias,Fish;Standard Test Species,96.0,FW,,,,1997.0,japan_moe_official_summary,dsstox_casrn,unclassified,3.2,mg/L,1.7635809511212518e-05,-4.753604600743654,181.449,,True,False,1,1,,,,0.0,,,,official_summary_table,not specified in summary,test material,mortality,True,True,,,,,,,,,,,,,,,,,,,,,,,,,,,,,,,,,,,,,japan_moe_108-70-3_fish_96h_lc50_p12_r21,Japan_MOE_official_summary,official_summary_source,MOE:12:21:fish_96h_lc50,3.2,False,,,official_summary_source,official_summary_not_individual_report_reviewed,https://www.env.go.jp/content/000316616.pdf,12.0,21.0
japan_moe__japan_moe_108-86-1_algae_72_96h_ec50_p13_r1,108-86-1,Bromobenzene,108-86-1,DTXSID5024637,BrC1=CC=CC=C1,QARVLSVVCXYDNA-UHFFFAOYSA-N,algae_72_96h_ec50,EC50,GRO,GGRO,Pseudokirchneriella subcapitata,Green Alga,Chlorophyta,Chlorophyceae,Sphaeropleales,Selenastraceae,Pseudokirchneriella,Algae;Standard Test Species,72.0,FW,,,,2009.0,japan_moe_official_summary,dsstox_casrn,unclassified,12.0,mg/L,7.642825297751736e-05,-4.1167460675496,157.01,,True,False,1,1,,,,0.0,,,,official_summary_table,not specified in summary,test material,growth rate,True,True,,,,,,,,,,,,,,,,,,,,,,,,,,,,,,,,,,,,,japan_moe_108-86-1_algae_72_96h_ec50_p13_r1,Japan_MOE_official_summary,official_summary_source,MOE:13:1:algae_72_96h_ec50,12.0,False,,,official_summary_source,official_summary_not_individual_report_reviewed,https://www.env.go.jp/content/000316616.pdf,13.0,1.0
japan_moe__japan_moe_108-86-1_fish_96h_lc50_p13_r1,108-86-1,Bromobenzene,108-86-1,DTXSID5024637,BrC1=CC=CC=C1,QARVLSVVCXYDNA-UHFFFAOYSA-N,fish_96h_lc50,LC50,MOR,MORT,Oryzias latipes,Japanese Medaka,Chordata,Actinopterygii,Beloniformes,Adrianichthyidae,Oryzias,Fish;Standard Test Species,96.0,FW,,,,2009.0,japan_moe_official_summary,dsstox_casrn,unclassified,4.3,mg/L,2.738679065027705e-05,-4.562458858017638,157.01,,True,False,1,1,,,,0.0,,,,official_summary_table,not specified in summary,test material,mortality,True,True,,,,,,,,,,,,,,,,,,,,,,,,,,,,,,,,,,,,,japan_moe_108-86-1_fish_96h_lc50_p13_r1,Japan_MOE_official_summary,official_summary_source,MOE:13:1:fish_96h_lc50,4.3,False,,,official_summary_source,official_summary_not_individual_report_reviewed,https://www.env.go.jp/content/000316616.pdf,13.0,1.0
japan_moe__japan_moe_108-87-2_algae_72_96h_ec50_p13_r2,108-87-2,Methylcyclohexane,108-87-2,DTXSID0047749,CC1CCCCC1,UAEPNZWRGJTJPN-UHFFFAOYSA-N,algae_72_96h_ec50,EC50,GRO,GGRO,Pseudokirchneriella subcapitata,Green Alga,Chlorophyta,Chlorophyceae,Sphaeropleales,Selenastraceae,Pseudokirchneriella,Algae;Standard Test Species,72.0,FW,,,,2006.0,japan_moe_official_summary,dsstox_casrn,unclassified,0.34,mg/L,3.46270967216287e-06,-5.460583919961749,98.189,,True,False,1,1,,,,0.0,,,,official_summary_table,not specified in summary,test material,growth rate,True,True,,,,,,,,,,,,,,,,,,,,,,,,,,,,,,,,,,,,,japan_moe_108-87-2_algae_72_96h_ec50_p13_r2,Japan_MOE_official_summary,official_summary_source,MOE:13:2:algae_72_96h_ec50,0.34,False,,,official_summary_source,official_summary_not_individual_report_reviewed,https://www.env.go.jp/content/000316616.pdf,13.0,2.0
japan_moe__japan_moe_108-87-2_daphnia_48h_ec50_p13_r2,108-87-2,Methylcyclohexane,108-87-2,DTXSID0047749,CC1CCCCC1,UAEPNZWRGJTJPN-UHFFFAOYSA-N,daphnia_48h_ec50,EC50,ITX,IMBL,Daphnia magna,Water Flea,Arthropoda,Branchiopoda,Diplostraca,Daphniidae,Daphnia,Crustaceans;Standard Test Species,48.0,FW,,,,2006.0,japan_moe_official_summary,dsstox_casrn,unclassified,0.33,mg/L,3.360865270040433e-06,-5.473548897126117,98.189,,True,False,1,1,,,,0.0,,,,official_summary_table,not specified in summary,test material,immobilisation (Japanese table header: acute swimming inhibition),True,True,,,,,,,,,,,,,,,,,,,,,,,,,,,,,,,,,,,,,japan_moe_108-87-2_daphnia_48h_ec50_p13_r2,Japan_MOE_official_summary,official_summary_source,MOE:13:2:daphnia_48h_ec50,0.33,False,,,official_summary_source,official_summary_not_individual_report_reviewed,https://www.env.go.jp/content/000316616.pdf,13.0,2.0
japan_moe__japan_moe_108-87-2_fish_96h_lc50_p13_r2,108-87-2,Methylcyclohexane,108-87-2,DTXSID0047749,CC1CCCCC1,UAEPNZWRGJTJPN-UHFFFAOYSA-N,fish_96h_lc50,LC50,MOR,MORT,Oryzias latipes,Japanese Medaka,Chordata,Actinopterygii,Beloniformes,Adrianichthyidae,Oryzias,Fish;Standard Test Species,96.0,FW,,,,2006.0,japan_moe_official_summary,dsstox_casrn,unclassified,2.1,mg/L,2.1387324445711847e-05,-4.669843542270085,98.189,,True,False,1,1,,,,0.0,,,,official_summary_table,not specified in summary,test material,mortality,True,True,,,,,,,,,,,,,,,,,,,,,,,,,,,,,,,,,,,,,japan_moe_108-87-2_fish_96h_lc50_p13_r2,Japan_MOE_official_summary,official_summary_source,MOE:13:2:fish_96h_lc50,2.1,False,,,official_summary_source,official_summary_not_individual_report_reviewed,https://www.env.go.jp/content/000316616.pdf,13.0,2.0
japan_moe__japan_moe_108-98-5_algae_72_96h_ec50_p13_r7,108-98-5,Benzenethiol,108-98-5,DTXSID7026811,SC1=CC=CC=C1,RMVRSNDYEFQCLF-UHFFFAOYSA-N,algae_72_96h_ec50,EC50,GRO,GGRO,Pseudokirchneriella subcapitata,Green Alga,Chlorophyta,Chlorophyceae,Sphaeropleales,Selenastraceae,Pseudokirchneriella,Algae;Standard Test Species,72.0,FW,,,,1999.0,japan_moe_official_summary,dsstox_casrn,unclassified,0.16,mg/L,1.4521559978580706e-06,-5.837986727045119,110.18099999999995,,True,False,1,1,,,,0.0,,,,official_summary_table,not specified in summary,test material,growth rate,True,True,,,,,,,,,,,,,,,,,,,,,,,,,,,,,,,,,,,,,japan_moe_108-98-5_algae_72_96h_ec50_p13_r7,Japan_MOE_official_summary,official_summary_source,MOE:13:7:algae_72_96h_ec50,0.16,False,,,official_summary_source,official_summary_not_individual_report_reviewed,https://www.env.go.jp/content/000316616.pdf,13.0,7.0
japan_moe__japan_moe_108-98-5_daphnia_48h_ec50_p13_r7,108-98-5,Benzenethiol,108-98-5,DTXSID7026811,SC1=CC=CC=C1,RMVRSNDYEFQCLF-UHFFFAOYSA-N,daphnia_48h_ec50,EC50,ITX,IMBL,Daphnia magna,Water Flea,Arthropoda,Branchiopoda,Diplostraca,Daphniidae,Daphnia,Crustaceans;Standard Test Species,48.0,FW,,,,1999.0,japan_moe_official_summary,dsstox_casrn,unclassified,0.0044,mg/L,3.9934289941096944e-08,-7.398654033214857,110.18099999999995,,True,False,1,1,,,,0.0,,,,official_summary_table,not specified in summary,test material,immobilisation (Japanese table header: acute swimming inhibition),True,True,,,,,,,,,,,,,,,,,,,,,,,,,,,,,,,,,,,,,japan_moe_108-98-5_daphnia_48h_ec50_p13_r7,Japan_MOE_official_summary,official_summary_source,MOE:13:7:daphnia_48h_ec50,0.0044,False,,,official_summary_source,official_summary_not_individual_report_reviewed,https://www.env.go.jp/content/000316616.pdf,13.0,7.0
japan_moe__japan_moe_108-98-5_fish_96h_lc50_p13_r7,108-98-5,Benzenethiol,108-98-5,DTXSID7026811,SC1=CC=CC=C1,RMVRSNDYEFQCLF-UHFFFAOYSA-N,fish_96h_lc50,LC50,MOR,MORT,Oryzias latipes,Japanese Medaka,Chordata,Actinopterygii,Beloniformes,Adrianichthyidae,Oryzias,Fish;Standard Test Species,96.0,FW,,,,1999.0,japan_moe_official_summary,dsstox_casrn,unclassified,0.009,mg/L,8.168377487951647e-08,-7.08786420026172,110.18099999999995,,True,False,1,1,,,,0.0,,,,official_summary_table,not specified in summary,test material,mortality,True,True,,,,,,,,,,,,,,,,,,,,,,,,,,,,,,,,,,,,,japan_moe_108-98-5_fish_96h_lc50_p13_r7,Japan_MOE_official_summary,official_summary_source,MOE:13:7:fish_96h_lc50,0.009,False,,,official_summary_source,official_summary_not_individual_report_reviewed,https://www.env.go.jp/content/000316616.pdf,13.0,7.0
japan_moe__japan_moe_108-99-6_daphnia_48h_ec50_p13_r8,108-99-6,3-Methylpyridine,108-99-6,DTXSID9021897,CC1=CC=CN=C1,ITQTTZVARXURQS-UHFFFAOYSA-N,daphnia_48h_ec50,EC50,ITX,IMBL,Daphnia magna,Water Flea,Arthropoda,Branchiopoda,Diplostraca,Daphniidae,Daphnia,Crustaceans;Standard Test Species,48.0,FW,,,,1996.0,japan_moe_official_summary,dsstox_casrn,unclassified,34.0,mg/L,0.000365084989638,-3.4376060225731027,93.129,,True,False,1,1,,,,0.0,,,,official_summary_table,not specified in summary,test material,immobilisation (Japanese table header: acute swimming inhibition),True,True,,,,,,,,,,,,,,,,,,,,,,,,,,,,,,,,,,,,,japan_moe_108-99-6_daphnia_48h_ec50_p13_r8,Japan_MOE_official_summary,official_summary_source,MOE:13:8:daphnia_48h_ec50,34.0,False,,,official_summary_source,official_summary_not_individual_report_reviewed,https://www.env.go.jp/content/000316616.pdf,13.0,8.0
japan_moe__japan_moe_110-00-9_daphnia_48h_ec50_p13_r13,110-00-9,Furan,110-00-9,DTXSID6020646,O1C=CC=C1,YLQBMQCUIZJEEH-UHFFFAOYSA-N,daphnia_48h_ec50,EC50,ITX,IMBL,Daphnia magna,Water Flea,Arthropoda,Branchiopoda,Diplostraca,Daphniidae,Daphnia,Crustaceans;Standard Test Species,48.0,FW,,,,2009.0,japan_moe_official_summary,dsstox_casrn,unclassified,110.0,mg/L,0.0016158648549394,-2.791594964853777,68.075,,True,False,1,1,,,,0.0,,,,official_summary_table,not specified in summary,test material,immobilisation (Japanese table header: acute swimming inhibition),True,True,,,,,,,,,,,,,,,,,,,,,,,,,,,,,,,,,,,,,japan_moe_110-00-9_daphnia_48h_ec50_p13_r13,Japan_MOE_official_summary,official_summary_source,MOE:13:13:daphnia_48h_ec50,110.0,False,,,official_summary_source,official_summary_not_individual_report_reviewed,https://www.env.go.jp/content/000316616.pdf,13.0,13.0
japan_moe__japan_moe_110-02-1_algae_72_96h_ec50_p13_r14,110-02-1,Thiophene,110-02-1,DTXSID8026145,S1C=CC=C1,YTPLMLYBLZKORZ-UHFFFAOYSA-N,algae_72_96h_ec50,EC50,GRO,GGRO,Pseudokirchneriella subcapitata,Green Alga,Chlorophyta,Chlorophyceae,Sphaeropleales,Selenastraceae,Pseudokirchneriella,Algae;Standard Test Species,72.0,FW,,,,1996.0,japan_moe_official_summary,dsstox_casrn,unclassified,110.0,mg/L,0.0013072982898161,-2.8836253069560684,84.143,,True,False,1,1,,,,0.0,,,,official_summary_table,not specified in summary,test material,growth rate,True,True,,,,,,,,,,,,,,,,,,,,,,,,,,,,,,,,,,,,,japan_moe_110-02-1_algae_72_96h_ec50_p13_r14,Japan_MOE_official_summary,official_summary_source,MOE:13:14:algae_72_96h_ec50,110.0,False,,,official_summary_source,official_summary_not_individual_report_reviewed,https://www.env.go.jp/content/000316616.pdf,13.0,14.0
japan_moe__japan_moe_110-02-1_daphnia_48h_ec50_p13_r14,110-02-1,Thiophene,110-02-1,DTXSID8026145,S1C=CC=C1,YTPLMLYBLZKORZ-UHFFFAOYSA-N,daphnia_48h_ec50,EC50,ITX,IMBL,Daphnia magna,Water Flea,Arthropoda,Branchiopoda,Diplostraca,Daphniidae,Daphnia,Crustaceans;Standard Test Species,48.0,FW,,,,1996.0,japan_moe_official_summary,dsstox_casrn,unclassified,21.0,mg/L,0.0002495751280558,-3.6027986973803743,84.143,,True,False,1,1,,,,0.0,,,,official_summary_table,not specified in summary,test material,immobilisation (Japanese table header: acute swimming inhibition),True,True,,,,,,,,,,,,,,,,,,,,,,,,,,,,,,,,,,,,,japan_moe_110-02-1_daphnia_48h_ec50_p13_r14,Japan_MOE_official_summary,official_summary_source,MOE:13:14:daphnia_48h_ec50,21.0,False,,,official_summary_source,official_summary_not_individual_report_reviewed,https://www.env.go.jp/content/000316616.pdf,13.0,14.0
japan_moe__japan_moe_110-02-1_fish_96h_lc50_p13_r14,110-02-1,Thiophene,110-02-1,DTXSID8026145,S1C=CC=C1,YTPLMLYBLZKORZ-UHFFFAOYSA-N,fish_96h_lc50,LC50,MOR,MORT,Oryzias latipes,Japanese Medaka,Chordata,Actinopterygii,Beloniformes,Adrianichthyidae,Oryzias,Fish;Standard Test Species,96.0,FW,,,,1996.0,japan_moe_official_summary,dsstox_casrn,unclassified,31.0,mg/L,0.00036842042713,-3.4336562982800207,84.143,,True,False,1,1,,,,0.0,,,,official_summary_table,not specified in summary,test material,mortality,True,True,,,,,,,,,,,,,,,,,,,,,,,,,,,,,,,,,,,,,japan_moe_110-02-1_fish_96h_lc50_p13_r14,Japan_MOE_official_summary,official_summary_source,MOE:13:14:fish_96h_lc50,31.0,False,,,official_summary_source,official_summary_not_individual_report_reviewed,https://www.env.go.jp/content/000316616.pdf,13.0,14.0
japan_moe__japan_moe_110-19-0_algae_72_96h_ec50_p13_r15,110-19-0,Isobutyl acetate,110-19-0,DTXSID5026837,CC(C)COC(C)=O,GJRQTCIYDGXPES-UHFFFAOYSA-N,algae_72_96h_ec50,EC50,GRO,GGRO,Pseudokirchneriella subcapitata,Green Alga,Chlorophyta,Chlorophyceae,Sphaeropleales,Selenastraceae,Pseudokirchneriella,Algae;Standard Test Species,72.0,FW,,,,1999.0,japan_moe_official_summary,dsstox_casrn,unclassified,370.0,mg/L,0.0031852617079889,-2.4968548792890237,116.15999999999998,,True,False,1,1,,,,0.0,,,,official_summary_table,not specified in summary,test material,growth rate,True,True,,,,,,,,,,,,,,,,,,,,,,,,,,,,,,,,,,,,,japan_moe_110-19-0_algae_72_96h_ec50_p13_r15,Japan_MOE_official_summary,official_summary_source,MOE:13:15:algae_72_96h_ec50,370.0,False,,,official_summary_source,official_summary_not_individual_report_reviewed,https://www.env.go.jp/content/000316616.pdf,13.0,15.0
japan_moe__japan_moe_110-19-0_daphnia_48h_ec50_p13_r15,110-19-0,Isobutyl acetate,110-19-0,DTXSID5026837,CC(C)COC(C)=O,GJRQTCIYDGXPES-UHFFFAOYSA-N,daphnia_48h_ec50,EC50,ITX,IMBL,Daphnia magna,Water Flea,Arthropoda,Branchiopoda,Diplostraca,Daphniidae,Daphnia,Crustaceans;Standard Test Species,48.0,FW,,,,1999.0,japan_moe_official_summary,dsstox_casrn,unclassified,25.0,mg/L,0.0002152203856749,-3.6671165946839808,116.15999999999998,,True,False,1,1,,,,0.0,,,,official_summary_table,not specified in summary,test material,immobilisation (Japanese table header: acute swimming inhibition),True,True,,,,,,,,,,,,,,,,,,,,,,,,,,,,,,,,,,,,,japan_moe_110-19-0_daphnia_48h_ec50_p13_r15,Japan_MOE_official_summary,official_summary_source,MOE:13:15:daphnia_48h_ec50,25.0,False,,,official_summary_source,official_summary_not_individual_report_reviewed,https://www.env.go.jp/content/000316616.pdf,13.0,15.0
japan_moe__japan_moe_110-19-0_fish_96h_lc50_p13_r15,110-19-0,Isobutyl acetate,110-19-0,DTXSID5026837,CC(C)COC(C)=O,GJRQTCIYDGXPES-UHFFFAOYSA-N,fish_96h_lc50,LC50,MOR,MORT,Oryzias latipes,Japanese Medaka,Chordata,Actinopterygii,Beloniformes,Adrianichthyidae,Oryzias,Fish;Standard Test Species,96.0,FW,,,,1999.0,japan_moe_official_summary,dsstox_casrn,unclassified,17.0,mg/L,0.0001463498622589,-3.8346076819777446,116.15999999999998,,True,False,1,1,,,,0.0,,,,official_summary_table,not specified in summary,test material,mortality,True,True,,,,,,,,,,,,,,,,,,,,,,,,,,,,,,,,,,,,,japan_moe_110-19-0_fish_96h_lc50_p13_r15,Japan_MOE_official_summary,official_summary_source,MOE:13:15:fish_96h_lc50,17.0,False,,,official_summary_source,official_summary_not_individual_report_reviewed,https://www.env.go.jp/content/000316616.pdf,13.0,15.0
japan_moe__japan_moe_110-26-9_fish_96h_lc50_p13_r16,110-26-9,"N,N'-Methylenediacrylamide",110-26-9,DTXSID8025595,C=CC(=O)NCNC(=O)C=C,ZIUHHBKFKCYYJD-UHFFFAOYSA-N,fish_96h_lc50,LC50,MOR,MORT,Oryzias latipes,Japanese Medaka,Chordata,Actinopterygii,Beloniformes,Adrianichthyidae,Oryzias,Fish;Standard Test Species,96.0,FW,,,,2006.0,japan_moe_official_summary,dsstox_casrn,unclassified,240.0,mg/L,0.0015567331953894,-2.807785813699713,154.16899999999998,,True,False,1,1,,,,0.0,,,,official_summary_table,not specified in summary,test material,mortality,True,True,,,,,,,,,,,,,,,,,,,,,,,,,,,,,,,,,,,,,japan_moe_110-26-9_fish_96h_lc50_p13_r16,Japan_MOE_official_summary,official_summary_source,MOE:13:16:fish_96h_lc50,240.0,False,,,official_summary_source,official_summary_not_individual_report_reviewed,https://www.env.go.jp/content/000316616.pdf,13.0,16.0
japan_moe__japan_moe_110-44-1_algae_72_96h_ec50_p13_r18,110-44-1,Sorbic acid,110-44-1,DTXSID3021277,C\C=C\C=C\C(O)=O,WSWCOQWTEOXDQX-MQQKCMAXSA-N,algae_72_96h_ec50,EC50,GRO,GGRO,Pseudokirchneriella subcapitata,Green Alga,Chlorophyta,Chlorophyceae,Sphaeropleales,Selenastraceae,Pseudokirchneriella,Algae;Standard Test Species,72.0,FW,,,,1998.0,japan_moe_official_summary,dsstox_casrn,unclassified,85.0,mg/L,0.0007580622146118,-3.1202951501016565,112.128,,True,False,1,1,,,,0.0,,,,official_summary_table,not specified in summary,test material,growth rate,True,True,,,,,,,,,,,,,,,,,,,,,,,,,,,,,,,,,,,,,japan_moe_110-44-1_algae_72_96h_ec50_p13_r18,Japan_MOE_official_summary,official_summary_source,MOE:13:18:algae_72_96h_ec50,85.0,False,,,official_summary_source,official_summary_not_individual_report_reviewed,https://www.env.go.jp/content/000316616.pdf,13.0,18.0
japan_moe__japan_moe_110-44-1_daphnia_48h_ec50_p13_r18,110-44-1,Sorbic acid,110-44-1,DTXSID3021277,C\C=C\C=C\C(O)=O,WSWCOQWTEOXDQX-MQQKCMAXSA-N,daphnia_48h_ec50,EC50,ITX,IMBL,Daphnia magna,Water Flea,Arthropoda,Branchiopoda,Diplostraca,Daphniidae,Daphnia,Crustaceans;Standard Test Species,48.0,FW,,,,1998.0,japan_moe_official_summary,dsstox_casrn,unclassified,70.0,mg/L,0.0006242865296803,-3.2046160358016924,112.128,,True,False,1,1,,,,0.0,,,,official_summary_table,not specified in summary,test material,immobilisation (Japanese table header: acute swimming inhibition),True,True,,,,,,,,,,,,,,,,,,,,,,,,,,,,,,,,,,,,,japan_moe_110-44-1_daphnia_48h_ec50_p13_r18,Japan_MOE_official_summary,official_summary_source,MOE:13:18:daphnia_48h_ec50,70.0,False,,,official_summary_source,official_summary_not_individual_report_reviewed,https://www.env.go.jp/content/000316616.pdf,13.0,18.0
japan_moe__japan_moe_110-44-1_fish_96h_lc50_p13_r18,110-44-1,Sorbic acid,110-44-1,DTXSID3021277,C\C=C\C=C\C(O)=O,WSWCOQWTEOXDQX-MQQKCMAXSA-N,fish_96h_lc50,LC50,MOR,MORT,Oryzias latipes,Japanese Medaka,Chordata,Actinopterygii,Beloniformes,Adrianichthyidae,Oryzias,Fish;Standard Test Species,96.0,FW,,,,1998.0,japan_moe_official_summary,dsstox_casrn,unclassified,75.0,mg/L,0.0006688784246575,-3.174652812424249,112.128,,True,False,1,1,,,,0.0,,,,official_summary_table,not specified in summary,test material,mortality,True,True,,,,,,,,,,,,,,,,,,,,,,,,,,,,,,,,,,,,,japan_moe_110-44-1_fish_96h_lc50_p13_r18,Japan_MOE_official_summary,official_summary_source,MOE:13:18:fish_96h_lc50,75.0,False,,,official_summary_source,official_summary_not_individual_report_reviewed,https://www.env.go.jp/content/000316616.pdf,13.0,18.0
japan_moe__japan_moe_110-66-7_algae_72_96h_ec50_p13_r21,110-66-7,Pentane-1-thiol,110-66-7,DTXSID9041605,CCCCCS,ZRKMQKLGEQPLNS-UHFFFAOYSA-N,algae_72_96h_ec50,EC50,GRO,GGRO,Pseudokirchneriella subcapitata,Green Alga,Chlorophyta,Chlorophyceae,Sphaeropleales,Selenastraceae,Pseudokirchneriella,Algae;Standard Test Species,72.0,FW,,,,2010.0,japan_moe_official_summary,dsstox_casrn,unclassified,0.14,mg/L,1.343338003032106e-06,-5.871814698885587,104.218,,True,False,1,1,,,,0.0,,,,official_summary_table,not specified in summary,test material,growth rate,True,True,,,,,,,,,,,,,,,,,,,,,,,,,,,,,,,,,,,,,japan_moe_110-66-7_algae_72_96h_ec50_p13_r21,Japan_MOE_official_summary,official_summary_source,MOE:13:21:algae_72_96h_ec50,0.14,False,,,official_summary_source,official_summary_not_individual_report_reviewed,https://www.env.go.jp/content/000316616.pdf,13.0,21.0
japan_moe__japan_moe_110-66-7_daphnia_48h_ec50_p13_r21,110-66-7,Pentane-1-thiol,110-66-7,DTXSID9041605,CCCCCS,ZRKMQKLGEQPLNS-UHFFFAOYSA-N,daphnia_48h_ec50,EC50,ITX,IMBL,Daphnia magna,Water Flea,Arthropoda,Branchiopoda,Diplostraca,Daphniidae,Daphnia,Crustaceans;Standard Test Species,48.0,FW,,,,2010.0,japan_moe_official_summary,dsstox_casrn,unclassified,0.027,mg/L,2.590723291561918e-07,-6.586578970404838,104.218,,True,False,1,1,,,,0.0,,,,official_summary_table,not specified in summary,test material,immobilisation (Japanese table header: acute swimming inhibition),True,True,,,,,,,,,,,,,,,,,,,,,,,,,,,,,,,,,,,,,japan_moe_110-66-7_daphnia_48h_ec50_p13_r21,Japan_MOE_official_summary,official_summary_source,MOE:13:21:daphnia_48h_ec50,0.027,False,,,official_summary_source,official_summary_not_individual_report_reviewed,https://www.env.go.jp/content/000316616.pdf,13.0,21.0
japan_moe__japan_moe_110-66-7_fish_96h_lc50_p13_r21,110-66-7,Pentane-1-thiol,110-66-7,DTXSID9041605,CCCCCS,ZRKMQKLGEQPLNS-UHFFFAOYSA-N,fish_96h_lc50,LC50,MOR,MORT,Oryzias latipes,Japanese Medaka,Chordata,Actinopterygii,Beloniformes,Adrianichthyidae,Oryzias,Fish;Standard Test Species,96.0,FW,,,,2010.0,japan_moe_official_summary,dsstox_casrn,unclassified,1.3,mg/L,1.2473852885298124e-05,-4.9039993822569885,104.218,,True,False,1,1,,,,0.0,,,,official_summary_table,not specified in summary,test material,mortality,True,True,,,,,,,,,,,,,,,,,,,,,,,,,,,,,,,,,,,,,japan_moe_110-66-7_fish_96h_lc50_p13_r21,Japan_MOE_official_summary,official_summary_source,MOE:13:21:fish_96h_lc50,1.3,False,,,official_summary_source,official_summary_not_individual_report_reviewed,https://www.env.go.jp/content/000316616.pdf,13.0,21.0
japan_moe__japan_moe_110-81-6_daphnia_48h_ec50_p14_r2,110-81-6,Diethyl disulfide,110-81-6,DTXSID3051464,CCSSCC,CETBSQOFQKLHHZ-UHFFFAOYSA-N,daphnia_48h_ec50,EC50,ITX,IMBL,Daphnia magna,Water Flea,Arthropoda,Branchiopoda,Diplostraca,Daphniidae,Daphnia,Crustaceans;Standard Test Species,48.0,FW,,,,2009.0,japan_moe_official_summary,dsstox_casrn,unclassified,0.39,mg/L,3.1899752981399992e-06,-5.496212679928094,122.258,,True,False,1,1,,,,0.0,,,,official_summary_table,not specified in summary,test material,immobilisation (Japanese table header: acute swimming inhibition),True,True,,,,,,,,,,,,,,,,,,,,,,,,,,,,,,,,,,,,,japan_moe_110-81-6_daphnia_48h_ec50_p14_r2,Japan_MOE_official_summary,official_summary_source,MOE:14:2:daphnia_48h_ec50,0.39,False,,,official_summary_source,official_summary_not_individual_report_reviewed,https://www.env.go.jp/content/000316616.pdf,14.0,2.0
japan_moe__japan_moe_110-81-6_fish_96h_lc50_p14_r2,110-81-6,Diethyl disulfide,110-81-6,DTXSID3051464,CCSSCC,CETBSQOFQKLHHZ-UHFFFAOYSA-N,fish_96h_lc50,LC50,MOR,MORT,Oryzias latipes,Japanese Medaka,Chordata,Actinopterygii,Beloniformes,Adrianichthyidae,Oryzias,Fish;Standard Test Species,96.0,FW,,,,2009.0,japan_moe_official_summary,dsstox_casrn,unclassified,12.0,mg/L,9.815308609661536e-05,-4.008096040906969,122.258,,True,False,1,1,,,,0.0,,,,official_summary_table,not specified in summary,test material,mortality,True,True,,,,,,,,,,,,,,,,,,,,,,,,,,,,,,,,,,,,,japan_moe_110-81-6_fish_96h_lc50_p14_r2,Japan_MOE_official_summary,official_summary_source,MOE:14:2:fish_96h_lc50,12.0,False,,,official_summary_source,official_summary_not_individual_report_reviewed,https://www.env.go.jp/content/000316616.pdf,14.0,2.0
japan_moe__japan_moe_110-83-8_daphnia_48h_ec50_p14_r4,110-83-8,Cyclohexene,110-83-8,DTXSID9038717,C1CCC=CC1,HGCIXCUEYOPUTN-UHFFFAOYSA-N,daphnia_48h_ec50,EC50,ITX,IMBL,Daphnia magna,Water Flea,Arthropoda,Branchiopoda,Diplostraca,Daphniidae,Daphnia,Crustaceans;Standard Test Species,48.0,FW,,,,2000.0,japan_moe_official_summary,dsstox_casrn,unclassified,2.1,mg/L,2.556423928127968e-05,-4.5923671261081065,82.146,,True,False,1,1,,,,0.0,,,,official_summary_table,not specified in summary,test material,immobilisation (Japanese table header: acute swimming inhibition),True,True,,,,,,,,,,,,,,,,,,,,,,,,,,,,,,,,,,,,,japan_moe_110-83-8_daphnia_48h_ec50_p14_r4,Japan_MOE_official_summary,official_summary_source,MOE:14:4:daphnia_48h_ec50,2.1,False,,,official_summary_source,official_summary_not_individual_report_reviewed,https://www.env.go.jp/content/000316616.pdf,14.0,4.0
japan_moe__japan_moe_110-83-8_fish_96h_lc50_p14_r4,110-83-8,Cyclohexene,110-83-8,DTXSID9038717,C1CCC=CC1,HGCIXCUEYOPUTN-UHFFFAOYSA-N,fish_96h_lc50,LC50,MOR,MORT,Oryzias latipes,Japanese Medaka,Chordata,Actinopterygii,Beloniformes,Adrianichthyidae,Oryzias,Fish;Standard Test Species,96.0,FW,,,,2000.0,japan_moe_official_summary,dsstox_casrn,unclassified,5.8,mg/L,7.060599420543909e-05,-4.151158427279089,82.146,,True,False,1,1,,,,0.0,,,,official_summary_table,not specified in summary,test material,mortality,True,True,,,,,,,,,,,,,,,,,,,,,,,,,,,,,,,,,,,,,japan_moe_110-83-8_fish_96h_lc50_p14_r4,Japan_MOE_official_summary,official_summary_source,MOE:14:4:fish_96h_lc50,5.8,False,,,official_summary_source,official_summary_not_individual_report_reviewed,https://www.env.go.jp/content/000316616.pdf,14.0,4.0
japan_moe__japan_moe_110-85-0_algae_72_96h_ec50_p14_r5,110-85-0,Piperazine,110-85-0,DTXSID1021164,C1CNCCN1,GLUUGHFHXGJENI-UHFFFAOYSA-N,algae_72_96h_ec50,EC50,GRO,GGRO,Pseudokirchneriella subcapitata,Green Alga,Chlorophyta,Chlorophyceae,Sphaeropleales,Selenastraceae,Pseudokirchneriella,Algae;Standard Test Species,72.0,FW,,,,2001.0,japan_moe_official_summary,dsstox_casrn,unclassified,130.0,mg/L,0.0015092061575611,-2.8212514315459414,86.138,,True,False,1,1,,,,0.0,,,,official_summary_table,not specified in summary,test material,growth rate,True,True,,,,,,,,,,,,,,,,,,,,,,,,,,,,,,,,,,,,,japan_moe_110-85-0_algae_72_96h_ec50_p14_r5,Japan_MOE_official_summary,official_summary_source,MOE:14:5:algae_72_96h_ec50,130.0,False,,,official_summary_source,official_summary_not_individual_report_reviewed,https://www.env.go.jp/content/000316616.pdf,14.0,5.0
japan_moe__japan_moe_110-85-0_daphnia_48h_ec50_p14_r5,110-85-0,Piperazine,110-85-0,DTXSID1021164,C1CNCCN1,GLUUGHFHXGJENI-UHFFFAOYSA-N,daphnia_48h_ec50,EC50,ITX,IMBL,Daphnia magna,Water Flea,Arthropoda,Branchiopoda,Diplostraca,Daphniidae,Daphnia,Crustaceans;Standard Test Species,48.0,FW,,,,2001.0,japan_moe_official_summary,dsstox_casrn,unclassified,110.0,mg/L,0.0012770205948594,-2.893802098694553,86.138,,True,False,1,1,,,,0.0,,,,official_summary_table,not specified in summary,test material,immobilisation (Japanese table header: acute swimming inhibition),True,True,,,,,,,,,,,,,,,,,,,,,,,,,,,,,,,,,,,,,japan_moe_110-85-0_daphnia_48h_ec50_p14_r5,Japan_MOE_official_summary,official_summary_source,MOE:14:5:daphnia_48h_ec50,110.0,False,,,official_summary_source,official_summary_not_individual_report_reviewed,https://www.env.go.jp/content/000316616.pdf,14.0,5.0
japan_moe__japan_moe_111-03-5_daphnia_48h_ec50_p14_r8,111-03-5,"2,3-Dihydroxypropyl oleate",111-03-5,DTXSID3042003,CCCCCCCC\C=C/CCCCCCCC(=O)OCC(O)CO,RZRNAYUHWVFMIP-KTKRTIGZSA-N,daphnia_48h_ec50,EC50,ITX,IMBL,Daphnia magna,Water Flea,Arthropoda,Branchiopoda,Diplostraca,Daphniidae,Daphnia,Crustaceans;Standard Test Species,48.0,FW,,,,1999.0,japan_moe_official_summary,dsstox_casrn,unclassified,49.0,mg/L,0.0001374292870224,-3.861920706600455,356.547,,True,False,1,1,,,,0.0,,,,official_summary_table,not specified in summary,test material,immobilisation (Japanese table header: acute swimming inhibition),True,True,,,,,,,,,,,,,,,,,,,,,,,,,,,,,,,,,,,,,japan_moe_111-03-5_daphnia_48h_ec50_p14_r8,Japan_MOE_official_summary,official_summary_source,MOE:14:8:daphnia_48h_ec50,49.0,False,,,official_summary_source,official_summary_not_individual_report_reviewed,https://www.env.go.jp/content/000316616.pdf,14.0,8.0
japan_moe__japan_moe_111-17-1_algae_72_96h_ec50_p14_r11,111-17-1,"3,3'-Thiodipropionic acid",111-17-1,DTXSID8044200,OC(=O)CCSCCC(O)=O,ODJQKYXPKWQWNK-UHFFFAOYSA-N,algae_72_96h_ec50,EC50,GRO,GGRO,Pseudokirchneriella subcapitata,Green Alga,Chlorophyta,Chlorophyceae,Sphaeropleales,Selenastraceae,Pseudokirchneriella,Algae;Standard Test Species,72.0,FW,,,,2002.0,japan_moe_official_summary,dsstox_casrn,unclassified,50.0,mg/L,0.000280569443743,-3.551959628875708,178.209,,True,False,1,1,,,,0.0,,,,official_summary_table,not specified in summary,test material,growth rate,True,True,,,,,,,,,,,,,,,,,,,,,,,,,,,,,,,,,,,,,japan_moe_111-17-1_algae_72_96h_ec50_p14_r11,Japan_MOE_official_summary,official_summary_source,MOE:14:11:algae_72_96h_ec50,50.0,False,,,official_summary_source,official_summary_not_individual_report_reviewed,https://www.env.go.jp/content/000316616.pdf,14.0,11.0
japan_moe__japan_moe_111-17-1_daphnia_48h_ec50_p14_r11,111-17-1,"3,3'-Thiodipropionic acid",111-17-1,DTXSID8044200,OC(=O)CCSCCC(O)=O,ODJQKYXPKWQWNK-UHFFFAOYSA-N,daphnia_48h_ec50,EC50,ITX,IMBL,Daphnia magna,Water Flea,Arthropoda,Branchiopoda,Diplostraca,Daphniidae,Daphnia,Crustaceans;Standard Test Species,48.0,FW,,,,2002.0,japan_moe_official_summary,dsstox_casrn,unclassified,73.0,mg/L,0.0004096313878648,-3.387606773091271,178.209,,True,False,1,1,,,,0.0,,,,official_summary_table,not specified in summary,test material,immobilisation (Japanese table header: acute swimming inhibition),True,True,,,,,,,,,,,,,,,,,,,,,,,,,,,,,,,,,,,,,japan_moe_111-17-1_daphnia_48h_ec50_p14_r11,Japan_MOE_official_summary,official_summary_source,MOE:14:11:daphnia_48h_ec50,73.0,False,,,official_summary_source,official_summary_not_individual_report_reviewed,https://www.env.go.jp/content/000316616.pdf,14.0,11.0
japan_moe__japan_moe_111-18-2_algae_72_96h_ec50_p14_r12,111-18-2,"N,N,N',N'- Tetramethylhexamethylenediamine",111-18-2,DTXSID5033701,CN(C)CCCCCCN(C)C,TXXWBTOATXBWDR-UHFFFAOYSA-N,algae_72_96h_ec50,EC50,GRO,GGRO,Pseudokirchneriella subcapitata,Green Alga,Chlorophyta,Chlorophyceae,Sphaeropleales,Selenastraceae,Pseudokirchneriella,Algae;Standard Test Species,72.0,FW,,,,2008.0,japan_moe_official_summary,dsstox_casrn,unclassified,71.0,mg/L,0.0004120337055177,-3.385067256001717,172.316,,True,False,1,1,,,,0.0,,,,official_summary_table,not specified in summary,test material,growth rate,True,True,,,,,,,,,,,,,,,,,,,,,,,,,,,,,,,,,,,,,japan_moe_111-18-2_algae_72_96h_ec50_p14_r12,Japan_MOE_official_summary,official_summary_source,MOE:14:12:algae_72_96h_ec50,71.0,False,,,official_summary_source,official_summary_not_individual_report_reviewed,https://www.env.go.jp/content/000316616.pdf,14.0,12.0
japan_moe__japan_moe_111-18-2_daphnia_48h_ec50_p14_r12,111-18-2,"N,N,N',N'- Tetramethylhexamethylenediamine",111-18-2,DTXSID5033701,CN(C)CCCCCCN(C)C,TXXWBTOATXBWDR-UHFFFAOYSA-N,daphnia_48h_ec50,EC50,ITX,IMBL,Daphnia magna,Water Flea,Arthropoda,Branchiopoda,Diplostraca,Daphniidae,Daphnia,Crustaceans;Standard Test Species,48.0,FW,,,,2008.0,japan_moe_official_summary,dsstox_casrn,unclassified,78.0,mg/L,0.0004526567469068,-3.344231002030312,172.316,,True,False,1,1,,,,0.0,,,,official_summary_table,not specified in summary,test material,immobilisation (Japanese table header: acute swimming inhibition),True,True,,,,,,,,,,,,,,,,,,,,,,,,,,,,,,,,,,,,,japan_moe_111-18-2_daphnia_48h_ec50_p14_r12,Japan_MOE_official_summary,official_summary_source,MOE:14:12:daphnia_48h_ec50,78.0,False,,,official_summary_source,official_summary_not_individual_report_reviewed,https://www.env.go.jp/content/000316616.pdf,14.0,12.0
japan_moe__japan_moe_111-65-9_daphnia_48h_ec50_p14_r16,111-65-9,Octane,111-65-9,DTXSID0026882,CCCCCCCC,TVMXDCGIABBOFY-UHFFFAOYSA-N,daphnia_48h_ec50,EC50,ITX,IMBL,Daphnia magna,Water Flea,Arthropoda,Branchiopoda,Diplostraca,Daphniidae,Daphnia,Crustaceans;Standard Test Species,48.0,FW,,,,1998.0,japan_moe_official_summary,dsstox_casrn,unclassified,0.18,mg/L,1.575740598081098e-06,-5.8025152754850255,114.232,,True,False,1,1,,,,0.0,,,,official_summary_table,not specified in summary,test material,immobilisation (Japanese table header: acute swimming inhibition),True,True,,,,,,,,,,,,,,,,,,,,,,,,,,,,,,,,,,,,,japan_moe_111-65-9_daphnia_48h_ec50_p14_r16,Japan_MOE_official_summary,official_summary_source,MOE:14:16:daphnia_48h_ec50,0.18,False,,,official_summary_source,official_summary_not_individual_report_reviewed,https://www.env.go.jp/content/000316616.pdf,14.0,16.0
japan_moe__japan_moe_111-65-9_fish_96h_lc50_p14_r16,111-65-9,Octane,111-65-9,DTXSID0026882,CCCCCCCC,TVMXDCGIABBOFY-UHFFFAOYSA-N,fish_96h_lc50,LC50,MOR,MORT,Oryzias latipes,Japanese Medaka,Chordata,Actinopterygii,Beloniformes,Adrianichthyidae,Oryzias,Fish;Standard Test Species,96.0,FW,,,,1998.0,japan_moe_official_summary,dsstox_casrn,unclassified,0.42,mg/L,3.6767280621892287e-06,-5.434538490190431,114.232,,True,False,1,1,,,,0.0,,,,official_summary_table,not specified in summary,test material,mortality,True,True,,,,,,,,,,,,,,,,,,,,,,,,,,,,,,,,,,,,,japan_moe_111-65-9_fish_96h_lc50_p14_r16,Japan_MOE_official_summary,official_summary_source,MOE:14:16:fish_96h_lc50,0.42,False,,,official_summary_source,official_summary_not_individual_report_reviewed,https://www.env.go.jp/content/000316616.pdf,14.0,16.0
japan_moe__japan_moe_111-78-4_algae_72_96h_ec50_p14_r19,111-78-4,"1,5-Cyclooctadiene",111-78-4,DTXSID0026888,C1CC=CCCC=C1,VYXHVRARDIDEHS-UHFFFAOYSA-N,algae_72_96h_ec50,EC50,GRO,GGRO,Pseudokirchneriella subcapitata,Green Alga,Chlorophyta,Chlorophyceae,Sphaeropleales,Selenastraceae,Pseudokirchneriella,Algae;Standard Test Species,72.0,FW,,,,2008.0,japan_moe_official_summary,dsstox_casrn,unclassified,8.2,mg/L,7.579679065296162e-05,-4.120349182642573,108.184,,True,False,1,1,,,,0.0,,,,official_summary_table,not specified in summary,test material,growth rate,True,True,,,,,,,,,,,,,,,,,,,,,,,,,,,,,,,,,,,,,japan_moe_111-78-4_algae_72_96h_ec50_p14_r19,Japan_MOE_official_summary,official_summary_source,MOE:14:19:algae_72_96h_ec50,8.2,False,,,official_summary_source,official_summary_not_individual_report_reviewed,https://www.env.go.jp/content/000316616.pdf,14.0,19.0
japan_moe__japan_moe_111-78-4_daphnia_48h_ec50_p14_r19,111-78-4,"1,5-Cyclooctadiene",111-78-4,DTXSID0026888,C1CC=CCCC=C1,VYXHVRARDIDEHS-UHFFFAOYSA-N,daphnia_48h_ec50,EC50,ITX,IMBL,Daphnia magna,Water Flea,Arthropoda,Branchiopoda,Diplostraca,Daphniidae,Daphnia,Crustaceans;Standard Test Species,48.0,FW,,,,2008.0,japan_moe_official_summary,dsstox_casrn,unclassified,0.87,mg/L,8.041854618058123e-06,-5.094643782407671,108.184,,True,False,1,1,,,,0.0,,,,official_summary_table,not specified in summary,test material,immobilisation (Japanese table header: acute swimming inhibition),True,True,,,,,,,,,,,,,,,,,,,,,,,,,,,,,,,,,,,,,japan_moe_111-78-4_daphnia_48h_ec50_p14_r19,Japan_MOE_official_summary,official_summary_source,MOE:14:19:daphnia_48h_ec50,0.87,False,,,official_summary_source,official_summary_not_individual_report_reviewed,https://www.env.go.jp/content/000316616.pdf,14.0,19.0
japan_moe__japan_moe_111-78-4_fish_96h_lc50_p14_r19,111-78-4,"1,5-Cyclooctadiene",111-78-4,DTXSID0026888,C1CC=CCCC=C1,VYXHVRARDIDEHS-UHFFFAOYSA-N,fish_96h_lc50,LC50,MOR,MORT,Oryzias latipes,Japanese Medaka,Chordata,Actinopterygii,Beloniformes,Adrianichthyidae,Oryzias,Fish;Standard Test Species,96.0,FW,,,,2008.0,japan_moe_official_summary,dsstox_casrn,unclassified,13.0,mg/L,0.0001201656437181,-3.920219682719453,108.184,,True,False,1,1,,,,0.0,,,,official_summary_table,not specified in summary,test material,mortality,True,True,,,,,,,,,,,,,,,,,,,,,,,,,,,,,,,,,,,,,japan_moe_111-78-4_fish_96h_lc50_p14_r19,Japan_MOE_official_summary,official_summary_source,MOE:14:19:fish_96h_lc50,13.0,False,,,official_summary_source,official_summary_not_individual_report_reviewed,https://www.env.go.jp/content/000316616.pdf,14.0,19.0
japan_moe__japan_moe_111-82-0_algae_72_96h_ec50_p14_r20,111-82-0,Methyl dodecanoate,111-82-0,DTXSID5026889,CCCCCCCCCCCC(=O)OC,UQDUPQYQJKYHQI-UHFFFAOYSA-N,algae_72_96h_ec50,EC50,GRO,GGRO,Pseudokirchneriella subcapitata,Green Alga,Chlorophyta,Chlorophyceae,Sphaeropleales,Selenastraceae,Pseudokirchneriella,Algae;Standard Test Species,72.0,FW,,,,2004.0,japan_moe_official_summary,dsstox_casrn,unclassified,0.32,mg/L,1.4928924324349544e-06,-5.825971483422267,214.349,,True,False,1,1,,,,0.0,,,,official_summary_table,not specified in summary,test material,growth rate,True,True,,,,,,,,,,,,,,,,,,,,,,,,,,,,,,,,,,,,,japan_moe_111-82-0_algae_72_96h_ec50_p14_r20,Japan_MOE_official_summary,official_summary_source,MOE:14:20:algae_72_96h_ec50,0.32,False,,,official_summary_source,official_summary_not_individual_report_reviewed,https://www.env.go.jp/content/000316616.pdf,14.0,20.0
japan_moe__japan_moe_111-82-0_daphnia_48h_ec50_p14_r20,111-82-0,Methyl dodecanoate,111-82-0,DTXSID5026889,CCCCCCCCCCCC(=O)OC,UQDUPQYQJKYHQI-UHFFFAOYSA-N,daphnia_48h_ec50,EC50,ITX,IMBL,Daphnia magna,Water Flea,Arthropoda,Branchiopoda,Diplostraca,Daphniidae,Daphnia,Crustaceans;Standard Test Species,48.0,FW,,,,2004.0,japan_moe_official_summary,dsstox_casrn,unclassified,0.23,mg/L,1.0730164358126234e-06,-5.96939362572458,214.349,,True,False,1,1,,,,0.0,,,,official_summary_table,not specified in summary,test material,immobilisation (Japanese table header: acute swimming inhibition),True,True,,,,,,,,,,,,,,,,,,,,,,,,,,,,,,,,,,,,,japan_moe_111-82-0_daphnia_48h_ec50_p14_r20,Japan_MOE_official_summary,official_summary_source,MOE:14:20:daphnia_48h_ec50,0.23,False,,,official_summary_source,official_summary_not_individual_report_reviewed,https://www.env.go.jp/content/000316616.pdf,14.0,20.0
japan_moe__japan_moe_111-85-3_daphnia_48h_ec50_p14_r21,111-85-3,1-Chlorooctane,111-85-3,DTXSID0021543,CCCCCCCCCl,CNDHHGUSRIZDSL-UHFFFAOYSA-N,daphnia_48h_ec50,EC50,ITX,IMBL,Daphnia magna,Water Flea,Arthropoda,Branchiopoda,Diplostraca,Daphniidae,Daphnia,Crustaceans;Standard Test Species,48.0,FW,,,,1998.0,japan_moe_official_summary,dsstox_casrn,unclassified,0.21,mg/L,1.412457878488266e-06,-5.850024494597286,148.67700000000002,,True,False,1,1,,,,0.0,,,,official_summary_table,not specified in summary,test material,immobilisation (Japanese table header: acute swimming inhibition),True,True,,,,,,,,,,,,,,,,,,,,,,,,,,,,,,,,,,,,,japan_moe_111-85-3_daphnia_48h_ec50_p14_r21,Japan_MOE_official_summary,official_summary_source,MOE:14:21:daphnia_48h_ec50,0.21,False,,,official_summary_source,official_summary_not_individual_report_reviewed,https://www.env.go.jp/content/000316616.pdf,14.0,21.0
japan_moe__japan_moe_111-85-3_fish_96h_lc50_p14_r21,111-85-3,1-Chlorooctane,111-85-3,DTXSID0021543,CCCCCCCCCl,CNDHHGUSRIZDSL-UHFFFAOYSA-N,fish_96h_lc50,LC50,MOR,MORT,Oryzias latipes,Japanese Medaka,Chordata,Actinopterygii,Beloniformes,Adrianichthyidae,Oryzias,Fish;Standard Test Species,96.0,FW,,,,1998.0,japan_moe_official_summary,dsstox_casrn,unclassified,0.62,mg/L,4.170113736489167e-06,-5.379852099832951,148.67700000000002,,True,False,1,1,,,,0.0,,,,official_summary_table,not specified in summary,test material,mortality,True,True,,,,,,,,,,,,,,,,,,,,,,,,,,,,,,,,,,,,,japan_moe_111-85-3_fish_96h_lc50_p14_r21,Japan_MOE_official_summary,official_summary_source,MOE:14:21:fish_96h_lc50,0.62,False,,,official_summary_source,official_summary_not_individual_report_reviewed,https://www.env.go.jp/content/000316616.pdf,14.0,21.0
japan_moe__japan_moe_111-88-6_algae_72_96h_ec50_p14_r22,111-88-6,1-Mercaptooctane <n-Octylmercaptan>,111-88-6,DTXSID4026894,CCCCCCCCS,KZCOBXFFBQJQHH-UHFFFAOYSA-N,algae_72_96h_ec50,EC50,GRO,GGRO,Pseudokirchneriella subcapitata,Green Alga,Chlorophyta,Chlorophyceae,Sphaeropleales,Selenastraceae,Pseudokirchneriella,Algae;Standard Test Species,72.0,FW,,,,2002.0,japan_moe_official_summary,dsstox_casrn,unclassified,0.014,mg/L,9.569443400159947e-08,-7.019113321916887,146.299,,True,False,1,1,,,,0.0,,,,official_summary_table,not specified in summary,test material,growth rate,True,True,,,,,,,,,,,,,,,,,,,,,,,,,,,,,,,,,,,,,japan_moe_111-88-6_algae_72_96h_ec50_p14_r22,Japan_MOE_official_summary,official_summary_source,MOE:14:22:algae_72_96h_ec50,0.014,False,,,official_summary_source,official_summary_not_individual_report_reviewed,https://www.env.go.jp/content/000316616.pdf,14.0,22.0
japan_moe__japan_moe_111-88-6_daphnia_48h_ec50_p14_r22,111-88-6,1-Mercaptooctane <n-Octylmercaptan>,111-88-6,DTXSID4026894,CCCCCCCCS,KZCOBXFFBQJQHH-UHFFFAOYSA-N,daphnia_48h_ec50,EC50,ITX,IMBL,Daphnia magna,Water Flea,Arthropoda,Branchiopoda,Diplostraca,Daphniidae,Daphnia,Crustaceans;Standard Test Species,48.0,FW,,,,2002.0,japan_moe_official_summary,dsstox_casrn,unclassified,0.024,mg/L,1.6404760114559908e-07,-6.785030115883519,146.299,,True,False,1,1,,,,0.0,,,,official_summary_table,not specified in summary,test material,immobilisation (Japanese table header: acute swimming inhibition),True,True,,,,,,,,,,,,,,,,,,,,,,,,,,,,,,,,,,,,,japan_moe_111-88-6_daphnia_48h_ec50_p14_r22,Japan_MOE_official_summary,official_summary_source,MOE:14:22:daphnia_48h_ec50,0.024,False,,,official_summary_source,official_summary_not_individual_report_reviewed,https://www.env.go.jp/content/000316616.pdf,14.0,22.0
japan_moe__japan_moe_111-88-6_fish_96h_lc50_p14_r22,111-88-6,1-Mercaptooctane <n-Octylmercaptan>,111-88-6,DTXSID4026894,CCCCCCCCS,KZCOBXFFBQJQHH-UHFFFAOYSA-N,fish_96h_lc50,LC50,MOR,MORT,Oryzias latipes,Japanese Medaka,Chordata,Actinopterygii,Beloniformes,Adrianichthyidae,Oryzias,Fish;Standard Test Species,96.0,FW,,,,2002.0,japan_moe_official_summary,dsstox_casrn,unclassified,0.33,mg/L,2.255654515751987e-06,-5.646727417717238,146.299,,True,False,1,1,,,,0.0,,,,official_summary_table,not specified in summary,test material,mortality,True,True,,,,,,,,,,,,,,,,,,,,,,,,,,,,,,,,,,,,,japan_moe_111-88-6_fish_96h_lc50_p14_r22,Japan_MOE_official_summary,official_summary_source,MOE:14:22:fish_96h_lc50,0.33,False,,,official_summary_source,official_summary_not_individual_report_reviewed,https://www.env.go.jp/content/000316616.pdf,14.0,22.0
japan_moe__japan_moe_1116-76-3_algae_72_96h_ec50_p24_r7,1116-76-3,Tri-n-octylamine,1116-76-3,DTXSID3047635,CCCCCCCCN(CCCCCCCC)CCCCCCCC,XTAZYLNFDRKIHJ-UHFFFAOYSA-N,algae_72_96h_ec50,EC50,GRO,GGRO,Pseudokirchneriella subcapitata,Green Alga,Chlorophyta,Chlorophyceae,Sphaeropleales,Selenastraceae,Pseudokirchneriella,Algae;Standard Test Species,72.0,FW,,,,2008.0,japan_moe_official_summary,dsstox_casrn,unclassified,0.0022,mg/L,6.220329734024352e-09,-8.206186593143311,353.6790000000002,,True,False,1,1,,,,0.0,,,,official_summary_table,not specified in summary,test material,growth rate,True,True,,,,,,,,,,,,,,,,,,,,,,,,,,,,,,,,,,,,,japan_moe_1116-76-3_algae_72_96h_ec50_p24_r7,Japan_MOE_official_summary,official_summary_source,MOE:24:7:algae_72_96h_ec50,0.0022,False,,,official_summary_source,official_summary_not_individual_report_reviewed,https://www.env.go.jp/content/000316616.pdf,24.0,7.0
japan_moe__japan_moe_1116-76-3_daphnia_48h_ec50_p24_r7,1116-76-3,Tri-n-octylamine,1116-76-3,DTXSID3047635,CCCCCCCCN(CCCCCCCC)CCCCCCCC,XTAZYLNFDRKIHJ-UHFFFAOYSA-N,daphnia_48h_ec50,EC50,ITX,IMBL,Daphnia magna,Water Flea,Arthropoda,Branchiopoda,Diplostraca,Daphniidae,Daphnia,Crustaceans;Standard Test Species,48.0,FW,,,,2008.0,japan_moe_official_summary,dsstox_casrn,unclassified,0.026,mg/L,7.351298776574233e-08,-7.1336359259947,353.6790000000002,,True,False,1,1,,,,0.0,,,,official_summary_table,not specified in summary,test material,immobilisation (Japanese table header: acute swimming inhibition),True,True,,,,,,,,,,,,,,,,,,,,,,,,,,,,,,,,,,,,,japan_moe_1116-76-3_daphnia_48h_ec50_p24_r7,Japan_MOE_official_summary,official_summary_source,MOE:24:7:daphnia_48h_ec50,0.026,False,,,official_summary_source,official_summary_not_individual_report_reviewed,https://www.env.go.jp/content/000316616.pdf,24.0,7.0
japan_moe__japan_moe_1118-61-2_algae_72_96h_ec50_p24_r8,1118-61-2,"2-Butenenitrile, 3-amino-",1118-61-2,DTXSID3061508,CC(N)=CC#N,DELJOESCKJGFML-UHFFFAOYSA-N,algae_72_96h_ec50,EC50,GRO,GGRO,Pseudokirchneriella subcapitata,Green Alga,Chlorophyta,Chlorophyceae,Sphaeropleales,Selenastraceae,Pseudokirchneriella,Algae;Standard Test Species,72.0,FW,,,,2010.0,japan_moe_official_summary,dsstox_casrn,unclassified,3.3,mg/L,4.019194699534747e-05,-4.395860955020837,82.10600000000001,,True,False,1,1,,,,0.0,,,,official_summary_table,not specified in summary,test material,growth rate,True,True,,,,,,,,,,,,,,,,,,,,,,,,,,,,,,,,,,,,,japan_moe_1118-61-2_algae_72_96h_ec50_p24_r8,Japan_MOE_official_summary,official_summary_source,MOE:24:8:algae_72_96h_ec50,3.3,False,,,official_summary_source,official_summary_not_individual_report_reviewed,https://www.env.go.jp/content/000316616.pdf,24.0,8.0
japan_moe__japan_moe_1118-61-2_daphnia_48h_ec50_p24_r8,1118-61-2,"2-Butenenitrile, 3-amino-",1118-61-2,DTXSID3061508,CC(N)=CC#N,DELJOESCKJGFML-UHFFFAOYSA-N,daphnia_48h_ec50,EC50,ITX,IMBL,Daphnia magna,Water Flea,Arthropoda,Branchiopoda,Diplostraca,Daphniidae,Daphnia,Crustaceans;Standard Test Species,48.0,FW,,,,2010.0,japan_moe_official_summary,dsstox_casrn,unclassified,34.0,mg/L,0.0004140988478308,-3.38289597785647,82.10600000000001,,True,False,1,1,,,,0.0,,,,official_summary_table,not specified in summary,test material,immobilisation (Japanese table header: acute swimming inhibition),True,True,,,,,,,,,,,,,,,,,,,,,,,,,,,,,,,,,,,,,japan_moe_1118-61-2_daphnia_48h_ec50_p24_r8,Japan_MOE_official_summary,official_summary_source,MOE:24:8:daphnia_48h_ec50,34.0,False,,,official_summary_source,official_summary_not_individual_report_reviewed,https://www.env.go.jp/content/000316616.pdf,24.0,8.0
japan_moe__japan_moe_1118-61-2_fish_96h_lc50_p24_r8,1118-61-2,"2-Butenenitrile, 3-amino-",1118-61-2,DTXSID3061508,CC(N)=CC#N,DELJOESCKJGFML-UHFFFAOYSA-N,fish_96h_lc50,LC50,MOR,MORT,Oryzias latipes,Japanese Medaka,Chordata,Actinopterygii,Beloniformes,Adrianichthyidae,Oryzias,Fish;Standard Test Species,96.0,FW,,,,2010.0,japan_moe_official_summary,dsstox_casrn,unclassified,17.0,mg/L,0.0002070494239154,-3.6839259735204513,82.10600000000001,,True,False,1,1,,,,0.0,,,,official_summary_table,not specified in summary,test material,mortality,True,True,,,,,,,,,,,,,,,,,,,,,,,,,,,,,,,,,,,,,japan_moe_1118-61-2_fish_96h_lc50_p24_r8,Japan_MOE_official_summary,official_summary_source,MOE:24:8:fish_96h_lc50,17.0,False,,,official_summary_source,official_summary_not_individual_report_reviewed,https://www.env.go.jp/content/000316616.pdf,24.0,8.0
japan_moe__japan_moe_112-24-3_algae_72_96h_ec50_p15_r2,112-24-3,Triethylenetetramine,112-24-3,DTXSID9023702,NCCNCCNCCN,VILCJCGEZXAXTO-UHFFFAOYSA-N,algae_72_96h_ec50,EC50,GRO,GGRO,Pseudokirchneriella subcapitata,Green Alga,Chlorophyta,Chlorophyceae,Sphaeropleales,Selenastraceae,Pseudokirchneriella,Algae;Standard Test Species,72.0,FW,,,,2013.0,japan_moe_official_summary,dsstox_casrn,unclassified,27.0,mg/L,0.0001846305337873,-3.733696474714198,146.238,,True,False,1,1,,,,0.0,,,,official_summary_table,not specified in summary,test material,growth rate,True,True,,,,,,,,,,,,,,,,,,,,,,,,,,,,,,,,,,,,,japan_moe_112-24-3_algae_72_96h_ec50_p15_r2,Japan_MOE_official_summary,official_summary_source,MOE:15:2:algae_72_96h_ec50,27.0,False,,,official_summary_source,official_summary_not_individual_report_reviewed,https://www.env.go.jp/content/000316616.pdf,15.0,2.0
japan_moe__japan_moe_112-41-4_daphnia_48h_ec50_p15_r4,112-41-4,Dodec-1-ene,112-41-4,DTXSID5026914,CCCCCCCCCCC=C,CRSBERNSMYQZNG-UHFFFAOYSA-N,daphnia_48h_ec50,EC50,ITX,IMBL,Daphnia magna,Water Flea,Arthropoda,Branchiopoda,Diplostraca,Daphniidae,Daphnia,Crustaceans;Standard Test Species,48.0,FW,,,,1999.0,japan_moe_official_summary,dsstox_casrn,unclassified,0.38,mg/L,2.257550913714028e-06,-5.646362446420562,168.32399999999998,,True,False,1,1,,,,0.0,,,,official_summary_table,not specified in summary,test material,immobilisation (Japanese table header: acute swimming inhibition),True,True,,,,,,,,,,,,,,,,,,,,,,,,,,,,,,,,,,,,,japan_moe_112-41-4_daphnia_48h_ec50_p15_r4,Japan_MOE_official_summary,official_summary_source,MOE:15:4:daphnia_48h_ec50,0.38,False,,,official_summary_source,official_summary_not_individual_report_reviewed,https://www.env.go.jp/content/000316616.pdf,15.0,4.0
japan_moe__japan_moe_112-41-4_fish_96h_lc50_p15_r4,112-41-4,Dodec-1-ene,112-41-4,DTXSID5026914,CCCCCCCCCCC=C,CRSBERNSMYQZNG-UHFFFAOYSA-N,fish_96h_lc50,LC50,MOR,MORT,Oryzias latipes,Japanese Medaka,Chordata,Actinopterygii,Beloniformes,Adrianichthyidae,Oryzias,Fish;Standard Test Species,96.0,FW,,,,1999.0,japan_moe_official_summary,dsstox_casrn,unclassified,2.6,mg/L,1.5446400988569664e-05,-4.8111726950665545,168.32399999999998,,True,False,1,1,,,,0.0,,,,official_summary_table,not specified in summary,test material,mortality,True,True,,,,,,,,,,,,,,,,,,,,,,,,,,,,,,,,,,,,,japan_moe_112-41-4_fish_96h_lc50_p15_r4,Japan_MOE_official_summary,official_summary_source,MOE:15:4:fish_96h_lc50,2.6,False,,,official_summary_source,official_summary_not_individual_report_reviewed,https://www.env.go.jp/content/000316616.pdf,15.0,4.0
japan_moe__japan_moe_112-57-2_algae_72_96h_ec50_p15_r5,112-57-2,Tetraethylenepentamine,112-57-2,DTXSID7026108,NCCNCCNCCNCCN,FAGUFWYHJQFNRV-UHFFFAOYSA-N,algae_72_96h_ec50,EC50,GRO,GGRO,Pseudokirchneriella subcapitata,Green Alga,Chlorophyta,Chlorophyceae,Sphaeropleales,Selenastraceae,Pseudokirchneriella,Algae;Standard Test Species,72.0,FW,,,,1998.0,japan_moe_official_summary,dsstox_casrn,unclassified,0.12,mg/L,6.338909813160633e-07,-6.197985427108811,189.307,,True,False,1,1,,,,0.0,,,,official_summary_table,not specified in summary,test material,growth rate,True,True,,,,,,,,,,,,,,,,,,,,,,,,,,,,,,,,,,,,,japan_moe_112-57-2_algae_72_96h_ec50_p15_r5,Japan_MOE_official_summary,official_summary_source,MOE:15:5:algae_72_96h_ec50,0.12,False,,,official_summary_source,official_summary_not_individual_report_reviewed,https://www.env.go.jp/content/000316616.pdf,15.0,5.0
japan_moe__japan_moe_112-57-2_daphnia_48h_ec50_p15_r5,112-57-2,Tetraethylenepentamine,112-57-2,DTXSID7026108,NCCNCCNCCNCCN,FAGUFWYHJQFNRV-UHFFFAOYSA-N,daphnia_48h_ec50,EC50,ITX,IMBL,Daphnia magna,Water Flea,Arthropoda,Branchiopoda,Diplostraca,Daphniidae,Daphnia,Crustaceans;Standard Test Species,48.0,FW,,,,1998.0,japan_moe_official_summary,dsstox_casrn,unclassified,13.0,mg/L,6.867152297590686e-05,-4.163223320849599,189.307,,True,False,1,1,,,,0.0,,,,official_summary_table,not specified in summary,test material,immobilisation (Japanese table header: acute swimming inhibition),True,True,,,,,,,,,,,,,,,,,,,,,,,,,,,,,,,,,,,,,japan_moe_112-57-2_daphnia_48h_ec50_p15_r5,Japan_MOE_official_summary,official_summary_source,MOE:15:5:daphnia_48h_ec50,13.0,False,,,official_summary_source,official_summary_not_individual_report_reviewed,https://www.env.go.jp/content/000316616.pdf,15.0,5.0
japan_moe__japan_moe_112-70-9_algae_72_96h_ec50_p15_r6,112-70-9,Tridecan-1-ol,112-70-9,DTXSID2021947,CCCCCCCCCCCCCO,XFRVVPUIAFSTFO-UHFFFAOYSA-N,algae_72_96h_ec50,EC50,GRO,GGRO,Pseudokirchneriella subcapitata,Green Alga,Chlorophyta,Chlorophyceae,Sphaeropleales,Selenastraceae,Pseudokirchneriella,Algae;Standard Test Species,72.0,FW,,,,1998.0,japan_moe_official_summary,dsstox_casrn,unclassified,0.012,mg/L,5.989040056696245e-08,-7.222642782199817,200.366,,True,False,1,1,,,,0.0,,,,official_summary_table,not specified in summary,test material,growth rate,True,True,,,,,,,,,,,,,,,,,,,,,,,,,,,,,,,,,,,,,japan_moe_112-70-9_algae_72_96h_ec50_p15_r6,Japan_MOE_official_summary,official_summary_source,MOE:15:6:algae_72_96h_ec50,0.012,False,,,official_summary_source,official_summary_not_individual_report_reviewed,https://www.env.go.jp/content/000316616.pdf,15.0,6.0
japan_moe__japan_moe_112-70-9_daphnia_48h_ec50_p15_r6,112-70-9,Tridecan-1-ol,112-70-9,DTXSID2021947,CCCCCCCCCCCCCO,XFRVVPUIAFSTFO-UHFFFAOYSA-N,daphnia_48h_ec50,EC50,ITX,IMBL,Daphnia magna,Water Flea,Arthropoda,Branchiopoda,Diplostraca,Daphniidae,Daphnia,Crustaceans;Standard Test Species,48.0,FW,,,,1998.0,japan_moe_official_summary,dsstox_casrn,unclassified,0.61,mg/L,3.044428695487258e-06,-5.516494193236675,200.366,,True,False,1,1,,,,0.0,,,,official_summary_table,not specified in summary,test material,immobilisation (Japanese table header: acute swimming inhibition),True,True,,,,,,,,,,,,,,,,,,,,,,,,,,,,,,,,,,,,,japan_moe_112-70-9_daphnia_48h_ec50_p15_r6,Japan_MOE_official_summary,official_summary_source,MOE:15:6:daphnia_48h_ec50,0.61,False,,,official_summary_source,official_summary_not_individual_report_reviewed,https://www.env.go.jp/content/000316616.pdf,15.0,6.0
japan_moe__japan_moe_112-70-9_fish_96h_lc50_p15_r6,112-70-9,Tridecan-1-ol,112-70-9,DTXSID2021947,CCCCCCCCCCCCCO,XFRVVPUIAFSTFO-UHFFFAOYSA-N,fish_96h_lc50,LC50,MOR,MORT,Oryzias latipes,Japanese Medaka,Chordata,Actinopterygii,Beloniformes,Adrianichthyidae,Oryzias,Fish;Standard Test Species,96.0,FW,,,,1998.0,japan_moe_official_summary,dsstox_casrn,unclassified,1.7,mg/L,8.484473413653013e-06,-5.071375106869168,200.366,,True,False,1,1,,,,0.0,,,,official_summary_table,not specified in summary,test material,mortality,True,True,,,,,,,,,,,,,,,,,,,,,,,,,,,,,,,,,,,,,japan_moe_112-70-9_fish_96h_lc50_p15_r6,Japan_MOE_official_summary,official_summary_source,MOE:15:6:fish_96h_lc50,1.7,False,,,official_summary_source,official_summary_not_individual_report_reviewed,https://www.env.go.jp/content/000316616.pdf,15.0,6.0
japan_moe__japan_moe_1120-21-4_daphnia_48h_ec50_p24_r9,1120-21-4,n-Undecane,1120-21-4,DTXSID9021689,CCCCCCCCCCC,RSJKGSCJYJTIGS-UHFFFAOYSA-N,daphnia_48h_ec50,EC50,ITX,IMBL,Daphnia magna,Water Flea,Arthropoda,Branchiopoda,Diplostraca,Daphniidae,Daphnia,Crustaceans;Standard Test Species,48.0,FW,,,,2004.0,japan_moe_official_summary,dsstox_casrn,unclassified,0.011,mg/L,7.037162616033216e-08,-7.152602413100798,156.313,,True,False,1,1,,,,0.0,,,,official_summary_table,not specified in summary,test material,immobilisation (Japanese table header: acute swimming inhibition),True,True,,,,,,,,,,,,,,,,,,,,,,,,,,,,,,,,,,,,,japan_moe_1120-21-4_daphnia_48h_ec50_p24_r9,Japan_MOE_official_summary,official_summary_source,MOE:24:9:daphnia_48h_ec50,0.011,False,,,official_summary_source,official_summary_not_individual_report_reviewed,https://www.env.go.jp/content/000316616.pdf,24.0,9.0
japan_moe__japan_moe_115-70-8_algae_72_96h_ec50_p15_r11,115-70-8,2-Amino-2-ethylpropanediol,115-70-8,DTXSID3029150,CCC(N)(CO)CO,IOAOAKDONABGPZ-UHFFFAOYSA-N,algae_72_96h_ec50,EC50,GRO,GGRO,Pseudokirchneriella subcapitata,Green Alga,Chlorophyta,Chlorophyceae,Sphaeropleales,Selenastraceae,Pseudokirchneriella,Algae;Standard Test Species,72.0,FW,,,,2003.0,japan_moe_official_summary,dsstox_casrn,unclassified,51.0,mg/L,0.0004279816051827,-3.368574896732844,119.16399999999996,,True,False,1,1,,,,0.0,,,,official_summary_table,not specified in summary,test material,growth rate,True,True,,,,,,,,,,,,,,,,,,,,,,,,,,,,,,,,,,,,,japan_moe_115-70-8_algae_72_96h_ec50_p15_r11,Japan_MOE_official_summary,official_summary_source,MOE:15:11:algae_72_96h_ec50,51.0,False,,,official_summary_source,official_summary_not_individual_report_reviewed,https://www.env.go.jp/content/000316616.pdf,15.0,11.0
japan_moe__japan_moe_1151-97-9_daphnia_48h_ec50_p24_r10,1151-97-9,"2-[(2,4-Dinitrophenyl)methyl]pyridine",1151-97-9,DTXSID2061569,[O-][N+](=O)C1=CC=C(CC2=NC=CC=C2)C(=C1)[N+]([O-])=O,KKFNJVINGIUTIH-UHFFFAOYSA-N,daphnia_48h_ec50,EC50,ITX,IMBL,Daphnia magna,Water Flea,Arthropoda,Branchiopoda,Diplostraca,Daphniidae,Daphnia,Crustaceans;Standard Test Species,48.0,FW,,,,2005.0,japan_moe_official_summary,dsstox_casrn,unclassified,23.0,mg/L,8.872737934040838e-05,-4.05194234565121,259.221,,True,False,1,1,,,,0.0,,,,official_summary_table,not specified in summary,test material,immobilisation (Japanese table header: acute swimming inhibition),True,True,,,,,,,,,,,,,,,,,,,,,,,,,,,,,,,,,,,,,japan_moe_1151-97-9_daphnia_48h_ec50_p24_r10,Japan_MOE_official_summary,official_summary_source,MOE:24:10:daphnia_48h_ec50,23.0,False,,,official_summary_source,official_summary_not_individual_report_reviewed,https://www.env.go.jp/content/000316616.pdf,24.0,10.0
japan_moe__japan_moe_1151-97-9_fish_96h_lc50_p24_r10,1151-97-9,"2-[(2,4-Dinitrophenyl)methyl]pyridine",1151-97-9,DTXSID2061569,[O-][N+](=O)C1=CC=C(CC2=NC=CC=C2)C(=C1)[N+]([O-])=O,KKFNJVINGIUTIH-UHFFFAOYSA-N,fish_96h_lc50,LC50,MOR,MORT,Oryzias latipes,Japanese Medaka,Chordata,Actinopterygii,Beloniformes,Adrianichthyidae,Oryzias,Fish;Standard Test Species,96.0,FW,,,,2005.0,japan_moe_official_summary,dsstox_casrn,unclassified,23.0,mg/L,8.872737934040838e-05,-4.05194234565121,259.221,,True,False,1,1,,,,0.0,,,,official_summary_table,not specified in summary,test material,mortality,True,True,,,,,,,,,,,,,,,,,,,,,,,,,,,,,,,,,,,,,japan_moe_1151-97-9_fish_96h_lc50_p24_r10,Japan_MOE_official_summary,official_summary_source,MOE:24:10:fish_96h_lc50,23.0,False,,,official_summary_source,official_summary_not_individual_report_reviewed,https://www.env.go.jp/content/000316616.pdf,24.0,10.0
japan_moe__japan_moe_117-80-6_algae_72_96h_ec50_p15_r15,117-80-6,"2,3-Dichloro-1,4-naphthoquinone",117-80-6,DTXSID7020425,ClC1=C(Cl)C(=O)C2=C(C=CC=C2)C1=O,SVPKNMBRVBMTLB-UHFFFAOYSA-N,algae_72_96h_ec50,EC50,GRO,GGRO,Pseudokirchneriella subcapitata,Green Alga,Chlorophyta,Chlorophyceae,Sphaeropleales,Selenastraceae,Pseudokirchneriella,Algae;Standard Test Species,72.0,FW,,,,2008.0,japan_moe_official_summary,dsstox_casrn,unclassified,0.072,mg/L,3.171163552760233e-07,-6.49878135865738,227.046,,True,False,1,1,,,,0.0,,,,official_summary_table,not specified in summary,test material,growth rate,True,True,,,,,,,,,,,,,,,,,,,,,,,,,,,,,,,,,,,,,japan_moe_117-80-6_algae_72_96h_ec50_p15_r15,Japan_MOE_official_summary,official_summary_source,MOE:15:15:algae_72_96h_ec50,0.072,False,,,official_summary_source,official_summary_not_individual_report_reviewed,https://www.env.go.jp/content/000316616.pdf,15.0,15.0
japan_moe__japan_moe_117-80-6_daphnia_48h_ec50_p15_r15,117-80-6,"2,3-Dichloro-1,4-naphthoquinone",117-80-6,DTXSID7020425,ClC1=C(Cl)C(=O)C2=C(C=CC=C2)C1=O,SVPKNMBRVBMTLB-UHFFFAOYSA-N,daphnia_48h_ec50,EC50,ITX,IMBL,Daphnia magna,Water Flea,Arthropoda,Branchiopoda,Diplostraca,Daphniidae,Daphnia,Crustaceans;Standard Test Species,48.0,FW,,,,2008.0,japan_moe_official_summary,dsstox_casrn,unclassified,0.017,mg/L,7.487469499572774e-08,-7.125664933710374,227.046,,True,False,1,1,,,,0.0,,,,official_summary_table,not specified in summary,test material,immobilisation (Japanese table header: acute swimming inhibition),True,True,,,,,,,,,,,,,,,,,,,,,,,,,,,,,,,,,,,,,japan_moe_117-80-6_daphnia_48h_ec50_p15_r15,Japan_MOE_official_summary,official_summary_source,MOE:15:15:daphnia_48h_ec50,0.017,False,,,official_summary_source,official_summary_not_individual_report_reviewed,https://www.env.go.jp/content/000316616.pdf,15.0,15.0
japan_moe__japan_moe_117-80-6_fish_96h_lc50_p15_r15,117-80-6,"2,3-Dichloro-1,4-naphthoquinone",117-80-6,DTXSID7020425,ClC1=C(Cl)C(=O)C2=C(C=CC=C2)C1=O,SVPKNMBRVBMTLB-UHFFFAOYSA-N,fish_96h_lc50,LC50,MOR,MORT,Oryzias latipes,Japanese Medaka,Chordata,Actinopterygii,Beloniformes,Adrianichthyidae,Oryzias,Fish;Standard Test Species,96.0,FW,,,,2008.0,japan_moe_official_summary,dsstox_casrn,unclassified,0.031,mg/L,1.365362085216212e-07,-6.864752161254375,227.046,,True,False,1,1,,,,0.0,,,,official_summary_table,not specified in summary,test material,mortality,True,True,,,,,,,,,,,,,,,,,,,,,,,,,,,,,,,,,,,,,japan_moe_117-80-6_fish_96h_lc50_p15_r15,Japan_MOE_official_summary,official_summary_source,MOE:15:15:fish_96h_lc50,0.031,False,,,official_summary_source,official_summary_not_individual_report_reviewed,https://www.env.go.jp/content/000316616.pdf,15.0,15.0
japan_moe__japan_moe_118-69-4_algae_72_96h_ec50_p15_r19,118-69-4,"2,6-Dichlorotoluene",118-69-4,DTXSID3040697,CC1=C(Cl)C=CC=C1Cl,DMEDNTFWIHCBRK-UHFFFAOYSA-N,algae_72_96h_ec50,EC50,GRO,GGRO,Pseudokirchneriella subcapitata,Green Alga,Chlorophyta,Chlorophyceae,Sphaeropleales,Selenastraceae,Pseudokirchneriella,Algae;Standard Test Species,72.0,FW,,,,2006.0,japan_moe_official_summary,dsstox_casrn,unclassified,2.7,mg/L,1.6766957914935638e-05,-4.775545725742214,161.03099999999998,,True,False,1,1,,,,0.0,,,,official_summary_table,not specified in summary,test material,growth rate,True,True,,,,,,,,,,,,,,,,,,,,,,,,,,,,,,,,,,,,,japan_moe_118-69-4_algae_72_96h_ec50_p15_r19,Japan_MOE_official_summary,official_summary_source,MOE:15:19:algae_72_96h_ec50,2.7,False,,,official_summary_source,official_summary_not_individual_report_reviewed,https://www.env.go.jp/content/000316616.pdf,15.0,19.0
japan_moe__japan_moe_118-69-4_daphnia_48h_ec50_p15_r19,118-69-4,"2,6-Dichlorotoluene",118-69-4,DTXSID3040697,CC1=C(Cl)C=CC=C1Cl,DMEDNTFWIHCBRK-UHFFFAOYSA-N,daphnia_48h_ec50,EC50,ITX,IMBL,Daphnia magna,Water Flea,Arthropoda,Branchiopoda,Diplostraca,Daphniidae,Daphnia,Crustaceans;Standard Test Species,48.0,FW,,,,2006.0,japan_moe_official_summary,dsstox_casrn,unclassified,0.38,mg/L,2.359794076916868e-06,-5.627125893284391,161.03099999999998,,True,False,1,1,,,,0.0,,,,official_summary_table,not specified in summary,test material,immobilisation (Japanese table header: acute swimming inhibition),True,True,,,,,,,,,,,,,,,,,,,,,,,,,,,,,,,,,,,,,japan_moe_118-69-4_daphnia_48h_ec50_p15_r19,Japan_MOE_official_summary,official_summary_source,MOE:15:19:daphnia_48h_ec50,0.38,False,,,official_summary_source,official_summary_not_individual_report_reviewed,https://www.env.go.jp/content/000316616.pdf,15.0,19.0
japan_moe__japan_moe_118-69-4_fish_96h_lc50_p15_r19,118-69-4,"2,6-Dichlorotoluene",118-69-4,DTXSID3040697,CC1=C(Cl)C=CC=C1Cl,DMEDNTFWIHCBRK-UHFFFAOYSA-N,fish_96h_lc50,LC50,MOR,MORT,Oryzias latipes,Japanese Medaka,Chordata,Actinopterygii,Beloniformes,Adrianichthyidae,Oryzias,Fish;Standard Test Species,96.0,FW,,,,2006.0,japan_moe_official_summary,dsstox_casrn,unclassified,2.3,mg/L,1.4282964149759986e-05,-4.845181653883609,161.03099999999998,,True,False,1,1,,,,0.0,,,,official_summary_table,not specified in summary,test material,mortality,True,True,,,,,,,,,,,,,,,,,,,,,,,,,,,,,,,,,,,,,japan_moe_118-69-4_fish_96h_lc50_p15_r19,Japan_MOE_official_summary,official_summary_source,MOE:15:19:fish_96h_lc50,2.3,False,,,official_summary_source,official_summary_not_individual_report_reviewed,https://www.env.go.jp/content/000316616.pdf,15.0,19.0
japan_moe__japan_moe_119-12-0_daphnia_48h_ec50_p15_r22,119-12-0,"O,O-Diethyl-O-(3-oxo-2-phenyl-2H- pyridazin-6-yl) phosphorothionate <Pyridaphenthion>",119-12-0,DTXSID2042355,CCOP(=S)(OCC)OC1=NN(C(=O)C=C1)C1=CC=CC=C1,CXJSOEPQXUCJSA-UHFFFAOYSA-N,daphnia_48h_ec50,EC50,ITX,IMBL,Daphnia magna,Water Flea,Arthropoda,Branchiopoda,Diplostraca,Daphniidae,Daphnia,Crustaceans;Standard Test Species,48.0,FW,,,,1997.0,japan_moe_official_summary,dsstox_casrn,unclassified,0.00051,mg/L,1.4984970955600411e-09,-8.824344094482413,340.341,,True,False,1,1,,,,0.0,,,,official_summary_table,not specified in summary,test material,immobilisation (Japanese table header: acute swimming inhibition),True,True,,,,,,,,,,,,,,,,,,,,,,,,,,,,,,,,,,,,,japan_moe_119-12-0_daphnia_48h_ec50_p15_r22,Japan_MOE_official_summary,official_summary_source,MOE:15:22:daphnia_48h_ec50,0.00051,False,,,official_summary_source,official_summary_not_individual_report_reviewed,https://www.env.go.jp/content/000316616.pdf,15.0,22.0
japan_moe__japan_moe_119-61-9_algae_72_96h_ec50_p16_r4,119-61-9,Benzophenone,119-61-9,DTXSID0021961,O=C(C1=CC=CC=C1)C1=CC=CC=C1,RWCCWEUUXYIKHB-UHFFFAOYSA-N,algae_72_96h_ec50,EC50,GRO,GGRO,Pseudokirchneriella subcapitata,Green Alga,Chlorophyta,Chlorophyceae,Sphaeropleales,Selenastraceae,Pseudokirchneriella,Algae;Standard Test Species,72.0,FW,,,,1998.0,japan_moe_official_summary,dsstox_casrn,unclassified,3.5,mg/L,1.9207340496756703e-05,-4.716532764630357,182.222,,True,False,1,1,,,,0.0,,,,official_summary_table,not specified in summary,test material,growth rate,True,True,,,,,,,,,,,,,,,,,,,,,,,,,,,,,,,,,,,,,japan_moe_119-61-9_algae_72_96h_ec50_p16_r4,Japan_MOE_official_summary,official_summary_source,MOE:16:4:algae_72_96h_ec50,3.5,False,,,official_summary_source,official_summary_not_individual_report_reviewed,https://www.env.go.jp/content/000316616.pdf,16.0,4.0
japan_moe__japan_moe_119-64-2_fish_96h_lc50_p16_r5,119-64-2,Tetrahydronaphthalene,119-64-2,DTXSID1026118,C1CCC2=C(C1)C=CC=C2,CXWXQJXEFPUFDZ-UHFFFAOYSA-N,fish_96h_lc50,LC50,MOR,MORT,Oryzias latipes,Japanese Medaka,Chordata,Actinopterygii,Beloniformes,Adrianichthyidae,Oryzias,Fish;Standard Test Species,96.0,FW,,,,2009.0,japan_moe_official_summary,dsstox_casrn,unclassified,6.0,mg/L,4.5383719347079566e-05,-4.343099915112126,132.206,,True,False,1,1,,,,0.0,,,,official_summary_table,not specified in summary,test material,mortality,True,True,,,,,,,,,,,,,,,,,,,,,,,,,,,,,,,,,,,,,japan_moe_119-64-2_fish_96h_lc50_p16_r5,Japan_MOE_official_summary,official_summary_source,MOE:16:5:fish_96h_lc50,6.0,False,,,official_summary_source,official_summary_not_individual_report_reviewed,https://www.env.go.jp/content/000316616.pdf,16.0,5.0
japan_moe__japan_moe_119-90-4_algae_72_96h_ec50_p16_r6,119-90-4,"3,3'-Dimethoxybenzidine",119-90-4,DTXSID3025091,COC1=CC(=CC=C1N)C1=CC(OC)=C(N)C=C1,JRBJSXQPQWSCCF-UHFFFAOYSA-N,algae_72_96h_ec50,EC50,GRO,GGRO,Pseudokirchneriella subcapitata,Green Alga,Chlorophyta,Chlorophyceae,Sphaeropleales,Selenastraceae,Pseudokirchneriella,Algae;Standard Test Species,72.0,FW,,,,2016.0,japan_moe_official_summary,dsstox_casrn,unclassified,14.0,mg/L,5.730799774042752e-05,-4.241784764905962,244.294,,True,False,1,1,,,,0.0,,,,official_summary_table,not specified in summary,test material,growth rate,True,True,,,,,,,,,,,,,,,,,,,,,,,,,,,,,,,,,,,,,japan_moe_119-90-4_algae_72_96h_ec50_p16_r6,Japan_MOE_official_summary,official_summary_source,MOE:16:6:algae_72_96h_ec50,14.0,False,,,official_summary_source,official_summary_not_individual_report_reviewed,https://www.env.go.jp/content/000316616.pdf,16.0,6.0
japan_moe__japan_moe_119-90-4_daphnia_48h_ec50_p16_r6,119-90-4,"3,3'-Dimethoxybenzidine",119-90-4,DTXSID3025091,COC1=CC(=CC=C1N)C1=CC(OC)=C(N)C=C1,JRBJSXQPQWSCCF-UHFFFAOYSA-N,daphnia_48h_ec50,EC50,ITX,IMBL,Daphnia magna,Water Flea,Arthropoda,Branchiopoda,Diplostraca,Daphniidae,Daphnia,Crustaceans;Standard Test Species,48.0,FW,,,,2016.0,japan_moe_official_summary,dsstox_casrn,unclassified,6.1,mg/L,2.4969913301186276e-05,-4.602582965573432,244.294,,True,False,1,1,,,,0.0,,,,official_summary_table,not specified in summary,test material,immobilisation (Japanese table header: acute swimming inhibition),True,True,,,,,,,,,,,,,,,,,,,,,,,,,,,,,,,,,,,,,japan_moe_119-90-4_daphnia_48h_ec50_p16_r6,Japan_MOE_official_summary,official_summary_source,MOE:16:6:daphnia_48h_ec50,6.1,False,,,official_summary_source,official_summary_not_individual_report_reviewed,https://www.env.go.jp/content/000316616.pdf,16.0,6.0
japan_moe__japan_moe_119-90-4_fish_96h_lc50_p16_r6,119-90-4,"3,3'-Dimethoxybenzidine",119-90-4,DTXSID3025091,COC1=CC(=CC=C1N)C1=CC(OC)=C(N)C=C1,JRBJSXQPQWSCCF-UHFFFAOYSA-N,fish_96h_lc50,LC50,MOR,MORT,Oryzias latipes,Japanese Medaka,Chordata,Actinopterygii,Beloniformes,Adrianichthyidae,Oryzias,Fish;Standard Test Species,96.0,FW,,,,2016.0,japan_moe_official_summary,dsstox_casrn,unclassified,26.0,mg/L,0.0001064291386607,-3.972939452613381,244.294,,True,False,1,1,,,,0.0,,,,official_summary_table,not specified in summary,test material,mortality,True,True,,,,,,,,,,,,,,,,,,,,,,,,,,,,,,,,,,,,,japan_moe_119-90-4_fish_96h_lc50_p16_r6,Japan_MOE_official_summary,official_summary_source,MOE:16:6:fish_96h_lc50,26.0,False,,,official_summary_source,official_summary_not_individual_report_reviewed,https://www.env.go.jp/content/000316616.pdf,16.0,6.0
japan_moe__japan_moe_120-95-6_algae_72_96h_ec50_p16_r13,120-95-6,"2,4-Di-tert-pentylphenol",120-95-6,DTXSID9026974,CCC(C)(C)C1=CC(=C(O)C=C1)C(C)(C)CC,WMVJWKURWRGJCI-UHFFFAOYSA-N,algae_72_96h_ec50,EC50,GRO,GGRO,Pseudokirchneriella subcapitata,Green Alga,Chlorophyta,Chlorophyceae,Sphaeropleales,Selenastraceae,Pseudokirchneriella,Algae;Standard Test Species,72.0,FW,,,,2006.0,japan_moe_official_summary,dsstox_casrn,unclassified,1.7,mg/L,7.253085761339347e-06,-5.139477187358847,234.38299999999995,,True,False,1,1,,,,0.0,,,,official_summary_table,not specified in summary,test material,growth rate,True,True,,,,,,,,,,,,,,,,,,,,,,,,,,,,,,,,,,,,,japan_moe_120-95-6_algae_72_96h_ec50_p16_r13,Japan_MOE_official_summary,official_summary_source,MOE:16:13:algae_72_96h_ec50,1.7,False,,,official_summary_source,official_summary_not_individual_report_reviewed,https://www.env.go.jp/content/000316616.pdf,16.0,13.0
japan_moe__japan_moe_120-95-6_daphnia_48h_ec50_p16_r13,120-95-6,"2,4-Di-tert-pentylphenol",120-95-6,DTXSID9026974,CCC(C)(C)C1=CC(=C(O)C=C1)C(C)(C)CC,WMVJWKURWRGJCI-UHFFFAOYSA-N,daphnia_48h_ec50,EC50,ITX,IMBL,Daphnia magna,Water Flea,Arthropoda,Branchiopoda,Diplostraca,Daphniidae,Daphnia,Crustaceans;Standard Test Species,48.0,FW,,,,2006.0,japan_moe_official_summary,dsstox_casrn,unclassified,0.12,mg/L,5.119825243298363e-07,-6.290744862689496,234.38299999999995,,True,False,1,1,,,,0.0,,,,official_summary_table,not specified in summary,test material,immobilisation (Japanese table header: acute swimming inhibition),True,True,,,,,,,,,,,,,,,,,,,,,,,,,,,,,,,,,,,,,japan_moe_120-95-6_daphnia_48h_ec50_p16_r13,Japan_MOE_official_summary,official_summary_source,MOE:16:13:daphnia_48h_ec50,0.12,False,,,official_summary_source,official_summary_not_individual_report_reviewed,https://www.env.go.jp/content/000316616.pdf,16.0,13.0
japan_moe__japan_moe_120-95-6_fish_96h_lc50_p16_r13,120-95-6,"2,4-Di-tert-pentylphenol",120-95-6,DTXSID9026974,CCC(C)(C)C1=CC(=C(O)C=C1)C(C)(C)CC,WMVJWKURWRGJCI-UHFFFAOYSA-N,fish_96h_lc50,LC50,MOR,MORT,Oryzias latipes,Japanese Medaka,Chordata,Actinopterygii,Beloniformes,Adrianichthyidae,Oryzias,Fish;Standard Test Species,96.0,FW,,,,2006.0,japan_moe_official_summary,dsstox_casrn,unclassified,0.29,mg/L,1.2372911004637712e-06,-5.9075281108381645,234.38299999999995,,True,False,1,1,,,,0.0,,,,official_summary_table,not specified in summary,test material,mortality,True,True,,,,,,,,,,,,,,,,,,,,,,,,,,,,,,,,,,,,,japan_moe_120-95-6_fish_96h_lc50_p16_r13,Japan_MOE_official_summary,official_summary_source,MOE:16:13:fish_96h_lc50,0.29,False,,,official_summary_source,official_summary_not_individual_report_reviewed,https://www.env.go.jp/content/000316616.pdf,16.0,13.0
japan_moe__japan_moe_121-03-9_algae_72_96h_ec50_p16_r14,121-03-9,4-Nitrotoluene-2-sulphonic acid,121-03-9,DTXSID4026975,CC1=CC=C(C=C1S(O)(=O)=O)[N+]([O-])=O,ZDTXQHVBLWYPHS-UHFFFAOYSA-N,algae_72_96h_ec50,EC50,GRO,GGRO,Pseudokirchneriella subcapitata,Green Alga,Chlorophyta,Chlorophyceae,Sphaeropleales,Selenastraceae,Pseudokirchneriella,Algae;Standard Test Species,72.0,FW,,,,1997.0,japan_moe_official_summary,dsstox_casrn,unclassified,120.0,mg/L,0.0005524811005423,-3.2576825738791517,217.202,,True,False,1,1,,,,0.0,,,,official_summary_table,not specified in summary,test material,growth rate,True,True,,,,,,,,,,,,,,,,,,,,,,,,,,,,,,,,,,,,,japan_moe_121-03-9_algae_72_96h_ec50_p16_r14,Japan_MOE_official_summary,official_summary_source,MOE:16:14:algae_72_96h_ec50,120.0,False,,,official_summary_source,official_summary_not_individual_report_reviewed,https://www.env.go.jp/content/000316616.pdf,16.0,14.0
japan_moe__japan_moe_121-03-9_daphnia_48h_ec50_p16_r14,121-03-9,4-Nitrotoluene-2-sulphonic acid,121-03-9,DTXSID4026975,CC1=CC=C(C=C1S(O)(=O)=O)[N+]([O-])=O,ZDTXQHVBLWYPHS-UHFFFAOYSA-N,daphnia_48h_ec50,EC50,ITX,IMBL,Daphnia magna,Water Flea,Arthropoda,Branchiopoda,Diplostraca,Daphniidae,Daphnia,Crustaceans;Standard Test Species,48.0,FW,,,,1997.0,japan_moe_official_summary,dsstox_casrn,unclassified,130.0,mg/L,0.0005985211922542,-3.2229204676199394,217.202,,True,False,1,1,,,,0.0,,,,official_summary_table,not specified in summary,test material,immobilisation (Japanese table header: acute swimming inhibition),True,True,,,,,,,,,,,,,,,,,,,,,,,,,,,,,,,,,,,,,japan_moe_121-03-9_daphnia_48h_ec50_p16_r14,Japan_MOE_official_summary,official_summary_source,MOE:16:14:daphnia_48h_ec50,130.0,False,,,official_summary_source,official_summary_not_individual_report_reviewed,https://www.env.go.jp/content/000316616.pdf,16.0,14.0
japan_moe__japan_moe_122-40-7_daphnia_48h_ec50_p16_r18,122-40-7,Amylcinnamic aldehyde,122-40-7,DTXSID8029157,CCCCCC(C=O)=CC1=CC=CC=C1,HMKKIXGYKWDQSV-UHFFFAOYSA-N,daphnia_48h_ec50,EC50,ITX,IMBL,Daphnia magna,Water Flea,Arthropoda,Branchiopoda,Diplostraca,Daphniidae,Daphnia,Crustaceans;Standard Test Species,48.0,FW,,,,1999.0,japan_moe_official_summary,dsstox_casrn,unclassified,0.28,mg/L,1.3841035704928894e-06,-5.858831411027665,202.297,,True,False,1,1,,,,0.0,,,,official_summary_table,not specified in summary,test material,immobilisation (Japanese table header: acute swimming inhibition),True,True,,,,,,,,,,,,,,,,,,,,,,,,,,,,,,,,,,,,,japan_moe_122-40-7_daphnia_48h_ec50_p16_r18,Japan_MOE_official_summary,official_summary_source,MOE:16:18:daphnia_48h_ec50,0.28,False,,,official_summary_source,official_summary_not_individual_report_reviewed,https://www.env.go.jp/content/000316616.pdf,16.0,18.0
japan_moe__japan_moe_122-40-7_fish_96h_lc50_p16_r18,122-40-7,Amylcinnamic aldehyde,122-40-7,DTXSID8029157,CCCCCC(C=O)=CC1=CC=CC=C1,HMKKIXGYKWDQSV-UHFFFAOYSA-N,fish_96h_lc50,LC50,MOR,MORT,Oryzias latipes,Japanese Medaka,Chordata,Actinopterygii,Beloniformes,Adrianichthyidae,Oryzias,Fish;Standard Test Species,96.0,FW,,,,1999.0,japan_moe_official_summary,dsstox_casrn,unclassified,0.91,mg/L,4.49833660410189e-06,-5.34694805004879,202.297,,True,False,1,1,,,,0.0,,,,official_summary_table,not specified in summary,test material,mortality,True,True,,,,,,,,,,,,,,,,,,,,,,,,,,,,,,,,,,,,,japan_moe_122-40-7_fish_96h_lc50_p16_r18,Japan_MOE_official_summary,official_summary_source,MOE:16:18:fish_96h_lc50,0.91,False,,,official_summary_source,official_summary_not_individual_report_reviewed,https://www.env.go.jp/content/000316616.pdf,16.0,18.0
japan_moe__japan_moe_122-57-6_algae_72_96h_ec50_p16_r20,122-57-6,Benzalacetone,122-57-6,DTXSID4025662,CC(=O)C=CC1=CC=CC=C1,BWHOZHOGCMHOBV-UHFFFAOYSA-N,algae_72_96h_ec50,EC50,GRO,GGRO,Pseudokirchneriella subcapitata,Green Alga,Chlorophyta,Chlorophyceae,Sphaeropleales,Selenastraceae,Pseudokirchneriella,Algae;Standard Test Species,72.0,FW,,,,2007.0,japan_moe_official_summary,dsstox_casrn,unclassified,0.55,mg/L,3.7622529738899648e-06,-5.424552005842863,146.189,,True,False,1,1,,,,0.0,,,,official_summary_table,not specified in summary,test material,growth rate,True,True,,,,,,,,,,,,,,,,,,,,,,,,,,,,,,,,,,,,,japan_moe_122-57-6_algae_72_96h_ec50_p16_r20,Japan_MOE_official_summary,official_summary_source,MOE:16:20:algae_72_96h_ec50,0.55,False,,,official_summary_source,official_summary_not_individual_report_reviewed,https://www.env.go.jp/content/000316616.pdf,16.0,20.0
japan_moe__japan_moe_122-57-6_daphnia_48h_ec50_p16_r19,122-57-6,Benzalacetone,122-57-6,DTXSID4025662,CC(=O)C=CC1=CC=CC=C1,BWHOZHOGCMHOBV-UHFFFAOYSA-N,daphnia_48h_ec50,EC50,ITX,IMBL,Daphnia magna,Water Flea,Arthropoda,Branchiopoda,Diplostraca,Daphniidae,Daphnia,Crustaceans;Standard Test Species,48.0,FW,,,,2005.0,japan_moe_official_summary,dsstox_casrn,unclassified,15.0,mg/L,0.0001026068992879,-3.988823436281425,146.189,,True,False,1,1,,,,0.0,,,,official_summary_table,not specified in summary,test material,immobilisation (Japanese table header: acute swimming inhibition),True,True,,,,,,,,,,,,,,,,,,,,,,,,,,,,,,,,,,,,,japan_moe_122-57-6_daphnia_48h_ec50_p16_r19,Japan_MOE_official_summary,official_summary_source,MOE:16:19:daphnia_48h_ec50,15.0,False,,,official_summary_source,official_summary_not_individual_report_reviewed,https://www.env.go.jp/content/000316616.pdf,16.0,19.0
japan_moe__japan_moe_122-57-6_fish_96h_lc50_p16_r19,122-57-6,Benzalacetone,122-57-6,DTXSID4025662,CC(=O)C=CC1=CC=CC=C1,BWHOZHOGCMHOBV-UHFFFAOYSA-N,fish_96h_lc50,LC50,MOR,MORT,Oryzias latipes,Japanese Medaka,Chordata,Actinopterygii,Beloniformes,Adrianichthyidae,Oryzias,Fish;Standard Test Species,96.0,FW,,,,2005.0,japan_moe_official_summary,dsstox_casrn,unclassified,5.7,mg/L,3.8990621729405085e-05,-4.409039839664615,146.189,,True,False,1,1,,,,0.0,,,,official_summary_table,not specified in summary,test material,mortality,True,True,,,,,,,,,,,,,,,,,,,,,,,,,,,,,,,,,,,,,japan_moe_122-57-6_fish_96h_lc50_p16_r19,Japan_MOE_official_summary,official_summary_source,MOE:16:19:fish_96h_lc50,5.7,False,,,official_summary_source,official_summary_not_individual_report_reviewed,https://www.env.go.jp/content/000316616.pdf,16.0,19.0
japan_moe__japan_moe_123-11-5_algae_72_96h_ec50_p16_r22,123-11-5,p-Methoxybenzaldehyde,123-11-5,DTXSID2026997,COC1=CC=C(C=O)C=C1,ZRSNZINYAWTAHE-UHFFFAOYSA-N,algae_72_96h_ec50,EC50,GRO,GGRO,Pseudokirchneriella subcapitata,Green Alga,Chlorophyta,Chlorophyceae,Sphaeropleales,Selenastraceae,Pseudokirchneriella,Algae;Standard Test Species,72.0,FW,,,,1999.0,japan_moe_official_summary,dsstox_casrn,unclassified,61.0,mg/L,0.0004480352552331,-3.3486878106652163,136.14999999999998,,True,False,1,1,,,,0.0,,,,official_summary_table,not specified in summary,test material,growth rate,True,True,,,,,,,,,,,,,,,,,,,,,,,,,,,,,,,,,,,,,japan_moe_123-11-5_algae_72_96h_ec50_p16_r22,Japan_MOE_official_summary,official_summary_source,MOE:16:22:algae_72_96h_ec50,61.0,False,,,official_summary_source,official_summary_not_individual_report_reviewed,https://www.env.go.jp/content/000316616.pdf,16.0,22.0
japan_moe__japan_moe_123-11-5_daphnia_48h_ec50_p16_r22,123-11-5,p-Methoxybenzaldehyde,123-11-5,DTXSID2026997,COC1=CC=C(C=O)C=C1,ZRSNZINYAWTAHE-UHFFFAOYSA-N,daphnia_48h_ec50,EC50,ITX,IMBL,Daphnia magna,Water Flea,Arthropoda,Branchiopoda,Diplostraca,Daphniidae,Daphnia,Crustaceans;Standard Test Species,48.0,FW,,,,1999.0,japan_moe_official_summary,dsstox_casrn,unclassified,45.0,mg/L,0.0003305178112376,-3.4808051319006394,136.14999999999998,,True,False,1,1,,,,0.0,,,,official_summary_table,not specified in summary,test material,immobilisation (Japanese table header: acute swimming inhibition),True,True,,,,,,,,,,,,,,,,,,,,,,,,,,,,,,,,,,,,,japan_moe_123-11-5_daphnia_48h_ec50_p16_r22,Japan_MOE_official_summary,official_summary_source,MOE:16:22:daphnia_48h_ec50,45.0,False,,,official_summary_source,official_summary_not_individual_report_reviewed,https://www.env.go.jp/content/000316616.pdf,16.0,22.0
japan_moe__japan_moe_123-11-5_fish_96h_lc50_p16_r22,123-11-5,p-Methoxybenzaldehyde,123-11-5,DTXSID2026997,COC1=CC=C(C=O)C=C1,ZRSNZINYAWTAHE-UHFFFAOYSA-N,fish_96h_lc50,LC50,MOR,MORT,Oryzias latipes,Japanese Medaka,Chordata,Actinopterygii,Beloniformes,Adrianichthyidae,Oryzias,Fish;Standard Test Species,96.0,FW,,,,1999.0,japan_moe_official_summary,dsstox_casrn,unclassified,40.0,mg/L,0.0002937936099889,-3.531957654348021,136.14999999999998,,True,False,1,1,,,,0.0,,,,official_summary_table,not specified in summary,test material,mortality,True,True,,,,,,,,,,,,,,,,,,,,,,,,,,,,,,,,,,,,,japan_moe_123-11-5_fish_96h_lc50_p16_r22,Japan_MOE_official_summary,official_summary_source,MOE:16:22:fish_96h_lc50,40.0,False,,,official_summary_source,official_summary_not_individual_report_reviewed,https://www.env.go.jp/content/000316616.pdf,16.0,22.0
japan_moe__japan_moe_123-35-3_daphnia_48h_ec50_p17_r4,123-35-3,"7-Methyl-3-methyleneocta-1,6-diene",123-35-3,DTXSID6025692,CC(C)=CCCC(=C)C=C,UAHWPYUMFXYFJY-UHFFFAOYSA-N,daphnia_48h_ec50,EC50,ITX,IMBL,Daphnia magna,Water Flea,Arthropoda,Branchiopoda,Diplostraca,Daphniidae,Daphnia,Crustaceans;Standard Test Species,48.0,FW,,,,1998.0,japan_moe_official_summary,dsstox_casrn,unclassified,0.45,mg/L,3.3030432038051058e-06,-5.481085745699612,136.238,,True,False,1,1,,,,0.0,,,,official_summary_table,not specified in summary,test material,immobilisation (Japanese table header: acute swimming inhibition),True,True,,,,,,,,,,,,,,,,,,,,,,,,,,,,,,,,,,,,,japan_moe_123-35-3_daphnia_48h_ec50_p17_r4,Japan_MOE_official_summary,official_summary_source,MOE:17:4:daphnia_48h_ec50,0.45,False,,,official_summary_source,official_summary_not_individual_report_reviewed,https://www.env.go.jp/content/000316616.pdf,17.0,4.0
japan_moe__japan_moe_123-35-3_fish_96h_lc50_p17_r4,123-35-3,"7-Methyl-3-methyleneocta-1,6-diene",123-35-3,DTXSID6025692,CC(C)=CCCC(=C)C=C,UAHWPYUMFXYFJY-UHFFFAOYSA-N,fish_96h_lc50,LC50,MOR,MORT,Oryzias latipes,Japanese Medaka,Chordata,Actinopterygii,Beloniformes,Adrianichthyidae,Oryzias,Fish;Standard Test Species,96.0,FW,,,,1998.0,japan_moe_official_summary,dsstox_casrn,unclassified,0.92,mg/L,6.752888327779328e-06,-5.1705104321294,136.238,,True,False,1,1,,,,0.0,,,,official_summary_table,not specified in summary,test material,mortality,True,True,,,,,,,,,,,,,,,,,,,,,,,,,,,,,,,,,,,,,japan_moe_123-35-3_fish_96h_lc50_p17_r4,Japan_MOE_official_summary,official_summary_source,MOE:17:4:fish_96h_lc50,0.92,False,,,official_summary_source,official_summary_not_individual_report_reviewed,https://www.env.go.jp/content/000316616.pdf,17.0,4.0
japan_moe__japan_moe_124-04-9_algae_72_96h_ec50_p17_r9,124-04-9,Adipic acid,124-04-9,DTXSID7021605,OC(=O)CCCCC(O)=O,WNLRTRBMVRJNCN-UHFFFAOYSA-N,algae_72_96h_ec50,EC50,GRO,GGRO,Pseudokirchneriella subcapitata,Green Alga,Chlorophyta,Chlorophyceae,Sphaeropleales,Selenastraceae,Pseudokirchneriella,Algae;Standard Test Species,72.0,FW,,,,1997.0,japan_moe_official_summary,dsstox_casrn,unclassified,59.0,mg/L,0.0004037169328461,-3.393923034866577,146.14200000000002,,True,False,1,1,,,,0.0,,,,official_summary_table,not specified in summary,test material,growth rate,True,True,,,,,,,,,,,,,,,,,,,,,,,,,,,,,,,,,,,,,japan_moe_124-04-9_algae_72_96h_ec50_p17_r9,Japan_MOE_official_summary,official_summary_source,MOE:17:9:algae_72_96h_ec50,59.0,False,,,official_summary_source,official_summary_not_individual_report_reviewed,https://www.env.go.jp/content/000316616.pdf,17.0,9.0
japan_moe__japan_moe_124-04-9_daphnia_48h_ec50_p17_r9,124-04-9,Adipic acid,124-04-9,DTXSID7021605,OC(=O)CCCCC(O)=O,WNLRTRBMVRJNCN-UHFFFAOYSA-N,daphnia_48h_ec50,EC50,ITX,IMBL,Daphnia magna,Water Flea,Arthropoda,Branchiopoda,Diplostraca,Daphniidae,Daphnia,Crustaceans;Standard Test Species,48.0,FW,,,,1997.0,japan_moe_official_summary,dsstox_casrn,unclassified,46.0,mg/L,0.0003147623544224,-3.502017214827148,146.14200000000002,,True,False,1,1,,,,0.0,,,,official_summary_table,not specified in summary,test material,immobilisation (Japanese table header: acute swimming inhibition),True,True,,,,,,,,,,,,,,,,,,,,,,,,,,,,,,,,,,,,,japan_moe_124-04-9_daphnia_48h_ec50_p17_r9,Japan_MOE_official_summary,official_summary_source,MOE:17:9:daphnia_48h_ec50,46.0,False,,,official_summary_source,official_summary_not_individual_report_reviewed,https://www.env.go.jp/content/000316616.pdf,17.0,9.0
japan_moe__japan_moe_124-09-4_algae_72_96h_ec50_p17_r11,124-09-4,"1,6-Hexanediamine",124-09-4,DTXSID5024922,NCCCCCCN,NAQMVNRVTILPCV-UHFFFAOYSA-N,algae_72_96h_ec50,EC50,GRO,GGRO,Pseudokirchneriella subcapitata,Green Alga,Chlorophyta,Chlorophyceae,Sphaeropleales,Selenastraceae,Pseudokirchneriella,Algae;Standard Test Species,72.0,FW,,,,2002.0,japan_moe_official_summary,dsstox_casrn,unclassified,19.0,mg/L,0.0001634999311579,-3.786482425864491,116.208,,True,False,1,1,,,,0.0,,,,official_summary_table,not specified in summary,test material,growth rate,True,True,,,,,,,,,,,,,,,,,,,,,,,,,,,,,,,,,,,,,japan_moe_124-09-4_algae_72_96h_ec50_p17_r11,Japan_MOE_official_summary,official_summary_source,MOE:17:11:algae_72_96h_ec50,19.0,False,,,official_summary_source,official_summary_not_individual_report_reviewed,https://www.env.go.jp/content/000316616.pdf,17.0,11.0
japan_moe__japan_moe_124-09-4_daphnia_48h_ec50_p17_r11,124-09-4,"1,6-Hexanediamine",124-09-4,DTXSID5024922,NCCCCCCN,NAQMVNRVTILPCV-UHFFFAOYSA-N,daphnia_48h_ec50,EC50,ITX,IMBL,Daphnia magna,Water Flea,Arthropoda,Branchiopoda,Diplostraca,Daphniidae,Daphnia,Crustaceans;Standard Test Species,48.0,FW,,,,2002.0,japan_moe_official_summary,dsstox_casrn,unclassified,27.0,mg/L,0.0002323420074349,-3.6338722626583326,116.208,,True,False,1,1,,,,0.0,,,,official_summary_table,not specified in summary,test material,immobilisation (Japanese table header: acute swimming inhibition),True,True,,,,,,,,,,,,,,,,,,,,,,,,,,,,,,,,,,,,,japan_moe_124-09-4_daphnia_48h_ec50_p17_r11,Japan_MOE_official_summary,official_summary_source,MOE:17:11:daphnia_48h_ec50,27.0,False,,,official_summary_source,official_summary_not_individual_report_reviewed,https://www.env.go.jp/content/000316616.pdf,17.0,11.0
japan_moe__japan_moe_124-09-4_fish_96h_lc50_p17_r11,124-09-4,"1,6-Hexanediamine",124-09-4,DTXSID5024922,NCCCCCCN,NAQMVNRVTILPCV-UHFFFAOYSA-N,fish_96h_lc50,LC50,MOR,MORT,Oryzias latipes,Japanese Medaka,Chordata,Actinopterygii,Beloniformes,Adrianichthyidae,Oryzias,Fish;Standard Test Species,96.0,FW,,,,2002.0,japan_moe_official_summary,dsstox_casrn,unclassified,71.0,mg/L,0.0006109734269585,-3.213977678098245,116.208,,True,False,1,1,,,,0.0,,,,official_summary_table,not specified in summary,test material,mortality,True,True,,,,,,,,,,,,,,,,,,,,,,,,,,,,,,,,,,,,,japan_moe_124-09-4_fish_96h_lc50_p17_r11,Japan_MOE_official_summary,official_summary_source,MOE:17:11:fish_96h_lc50,71.0,False,,,official_summary_source,official_summary_not_individual_report_reviewed,https://www.env.go.jp/content/000316616.pdf,17.0,11.0
japan_moe__japan_moe_124-22-1_algae_72_96h_ec50_p17_r12,124-22-1,Dodecan-1-amine,124-22-1,DTXSID3021984,CCCCCCCCCCCCN,JRBPAEWTRLWTQC-UHFFFAOYSA-N,algae_72_96h_ec50,EC50,GRO,GGRO,Pseudokirchneriella subcapitata,Green Alga,Chlorophyta,Chlorophyceae,Sphaeropleales,Selenastraceae,Pseudokirchneriella,Algae;Standard Test Species,72.0,FW,,,,2022.0,japan_moe_official_summary,dsstox_casrn,unclassified,0.0078,mg/L,4.2081411345795913e-08,-7.375909703041281,185.355,,True,False,1,1,,,,0.0,,,,official_summary_table,not specified in summary,test material,growth rate,True,True,,,,,,,,,,,,,,,,,,,,,,,,,,,,,,,,,,,,,japan_moe_124-22-1_algae_72_96h_ec50_p17_r12,Japan_MOE_official_summary,official_summary_source,MOE:17:12:algae_72_96h_ec50,0.0078,False,,,official_summary_source,official_summary_not_individual_report_reviewed,https://www.env.go.jp/content/000316616.pdf,17.0,12.0
japan_moe__japan_moe_124-22-1_daphnia_48h_ec50_p17_r12,124-22-1,Dodecan-1-amine,124-22-1,DTXSID3021984,CCCCCCCCCCCCN,JRBPAEWTRLWTQC-UHFFFAOYSA-N,daphnia_48h_ec50,EC50,ITX,IMBL,Daphnia magna,Water Flea,Arthropoda,Branchiopoda,Diplostraca,Daphniidae,Daphnia,Crustaceans;Standard Test Species,48.0,FW,,,,2022.0,japan_moe_official_summary,dsstox_casrn,unclassified,0.058,mg/L,3.129130587251491e-07,-6.504576312168824,185.355,,True,False,1,1,,,,0.0,,,,official_summary_table,not specified in summary,test material,immobilisation (Japanese table header: acute swimming inhibition),True,True,,,,,,,,,,,,,,,,,,,,,,,,,,,,,,,,,,,,,japan_moe_124-22-1_daphnia_48h_ec50_p17_r12,Japan_MOE_official_summary,official_summary_source,MOE:17:12:daphnia_48h_ec50,0.058,False,,,official_summary_source,official_summary_not_individual_report_reviewed,https://www.env.go.jp/content/000316616.pdf,17.0,12.0
japan_moe__japan_moe_124-22-1_fish_96h_lc50_p17_r12,124-22-1,Dodecan-1-amine,124-22-1,DTXSID3021984,CCCCCCCCCCCCN,JRBPAEWTRLWTQC-UHFFFAOYSA-N,fish_96h_lc50,LC50,MOR,MORT,Oryzias latipes,Japanese Medaka,Chordata,Actinopterygii,Beloniformes,Adrianichthyidae,Oryzias,Fish;Standard Test Species,96.0,FW,,,,2022.0,japan_moe_official_summary,dsstox_casrn,unclassified,0.19,mg/L,1.0250600199616952e-06,-5.989250704778932,185.355,,True,False,1,1,,,,0.0,,,,official_summary_table,not specified in summary,test material,mortality,True,True,,,,,,,,,,,,,,,,,,,,,,,,,,,,,,,,,,,,,japan_moe_124-22-1_fish_96h_lc50_p17_r12,Japan_MOE_official_summary,official_summary_source,MOE:17:12:fish_96h_lc50,0.19,False,,,official_summary_source,official_summary_not_individual_report_reviewed,https://www.env.go.jp/content/000316616.pdf,17.0,12.0
japan_moe__japan_moe_124-28-7_algae_72_96h_ec50_p17_r13,124-28-7,Dimantine,124-28-7,DTXSID4027026,CCCCCCCCCCCCCCCCCCN(C)C,NAPSCFZYZVSQHF-UHFFFAOYSA-N,algae_72_96h_ec50,EC50,GRO,GGRO,Pseudokirchneriella subcapitata,Green Alga,Chlorophyta,Chlorophyceae,Sphaeropleales,Selenastraceae,Pseudokirchneriella,Algae;Standard Test Species,72.0,FW,,,,2000.0,japan_moe_official_summary,dsstox_casrn,unclassified,0.0018,mg/L,6.048976546773713e-09,-8.2183180993456,297.5709999999999,,True,False,1,1,,,,0.0,,,,official_summary_table,not specified in summary,test material,growth rate,True,True,,,,,,,,,,,,,,,,,,,,,,,,,,,,,,,,,,,,,japan_moe_124-28-7_algae_72_96h_ec50_p17_r13,Japan_MOE_official_summary,official_summary_source,MOE:17:13:algae_72_96h_ec50,0.0018,False,,,official_summary_source,official_summary_not_individual_report_reviewed,https://www.env.go.jp/content/000316616.pdf,17.0,13.0
japan_moe__japan_moe_124-28-7_daphnia_48h_ec50_p17_r13,124-28-7,Dimantine,124-28-7,DTXSID4027026,CCCCCCCCCCCCCCCCCCN(C)C,NAPSCFZYZVSQHF-UHFFFAOYSA-N,daphnia_48h_ec50,EC50,ITX,IMBL,Daphnia magna,Water Flea,Arthropoda,Branchiopoda,Diplostraca,Daphniidae,Daphnia,Crustaceans;Standard Test Species,48.0,FW,,,,2000.0,japan_moe_official_summary,dsstox_casrn,unclassified,0.016,mg/L,5.3768680415766334e-08,-7.2694706217929825,297.5709999999999,,True,False,1,1,,,,0.0,,,,official_summary_table,not specified in summary,test material,immobilisation (Japanese table header: acute swimming inhibition),True,True,,,,,,,,,,,,,,,,,,,,,,,,,,,,,,,,,,,,,japan_moe_124-28-7_daphnia_48h_ec50_p17_r13,Japan_MOE_official_summary,official_summary_source,MOE:17:13:daphnia_48h_ec50,0.016,False,,,official_summary_source,official_summary_not_individual_report_reviewed,https://www.env.go.jp/content/000316616.pdf,17.0,13.0
japan_moe__japan_moe_124-28-7_fish_96h_lc50_p17_r13,124-28-7,Dimantine,124-28-7,DTXSID4027026,CCCCCCCCCCCCCCCCCCN(C)C,NAPSCFZYZVSQHF-UHFFFAOYSA-N,fish_96h_lc50,LC50,MOR,MORT,Oryzias latipes,Japanese Medaka,Chordata,Actinopterygii,Beloniformes,Adrianichthyidae,Oryzias,Fish;Standard Test Species,96.0,FW,,,,2000.0,japan_moe_official_summary,dsstox_casrn,unclassified,0.079,mg/L,2.654828595528463e-07,-6.575963513158466,297.5709999999999,,True,False,1,1,,,,0.0,,,,official_summary_table,not specified in summary,test material,mortality,True,True,,,,,,,,,,,,,,,,,,,,,,,,,,,,,,,,,,,,,japan_moe_124-28-7_fish_96h_lc50_p17_r13,Japan_MOE_official_summary,official_summary_source,MOE:17:13:fish_96h_lc50,0.079,False,,,official_summary_source,official_summary_not_individual_report_reviewed,https://www.env.go.jp/content/000316616.pdf,17.0,13.0
japan_moe__japan_moe_124-48-1_algae_72_96h_ec50_p17_r14,124-48-1,Dibromochloromethane,124-48-1,DTXSID1020300,ClC(Br)Br,GATVIKZLVQHOMN-UHFFFAOYSA-N,algae_72_96h_ec50,EC50,GRO,GGRO,Pseudokirchneriella subcapitata,Green Alga,Chlorophyta,Chlorophyceae,Sphaeropleales,Selenastraceae,Pseudokirchneriella,Algae;Standard Test Species,72.0,FW,,,,1995.0,japan_moe_official_summary,dsstox_casrn,unclassified,9.6,mg/L,4.6091799500672165e-05,-4.336376335964086,208.28,,True,False,1,1,,,,0.0,,,,official_summary_table,not specified in summary,test material,growth rate,True,True,,,,,,,,,,,,,,,,,,,,,,,,,,,,,,,,,,,,,japan_moe_124-48-1_algae_72_96h_ec50_p17_r14,Japan_MOE_official_summary,official_summary_source,MOE:17:14:algae_72_96h_ec50,9.6,False,,,official_summary_source,official_summary_not_individual_report_reviewed,https://www.env.go.jp/content/000316616.pdf,17.0,14.0
japan_moe__japan_moe_124-48-1_daphnia_48h_ec50_p17_r14,124-48-1,Dibromochloromethane,124-48-1,DTXSID1020300,ClC(Br)Br,GATVIKZLVQHOMN-UHFFFAOYSA-N,daphnia_48h_ec50,EC50,ITX,IMBL,Daphnia magna,Water Flea,Arthropoda,Branchiopoda,Diplostraca,Daphniidae,Daphnia,Crustaceans;Standard Test Species,48.0,FW,,,,1995.0,japan_moe_official_summary,dsstox_casrn,unclassified,27.0,mg/L,0.0001296331860956,-3.8872838048446674,208.28,,True,False,1,1,,,,0.0,,,,official_summary_table,not specified in summary,test material,immobilisation (Japanese table header: acute swimming inhibition),True,True,,,,,,,,,,,,,,,,,,,,,,,,,,,,,,,,,,,,,japan_moe_124-48-1_daphnia_48h_ec50_p17_r14,Japan_MOE_official_summary,official_summary_source,MOE:17:14:daphnia_48h_ec50,27.0,False,,,official_summary_source,official_summary_not_individual_report_reviewed,https://www.env.go.jp/content/000316616.pdf,17.0,14.0
japan_moe__japan_moe_124-48-1_fish_96h_lc50_p17_r14,124-48-1,Dibromochloromethane,124-48-1,DTXSID1020300,ClC(Br)Br,GATVIKZLVQHOMN-UHFFFAOYSA-N,fish_96h_lc50,LC50,MOR,MORT,Oryzias latipes,Japanese Medaka,Chordata,Actinopterygii,Beloniformes,Adrianichthyidae,Oryzias,Fish;Standard Test Species,96.0,FW,,,,1995.0,japan_moe_official_summary,dsstox_casrn,unclassified,79.0,mg/L,0.0003792971000576,-3.4210204777132134,208.28,,True,False,1,1,,,,0.0,,,,official_summary_table,not specified in summary,test material,mortality,True,True,,,,,,,,,,,,,,,,,,,,,,,,,,,,,,,,,,,,,japan_moe_124-48-1_fish_96h_lc50_p17_r14,Japan_MOE_official_summary,official_summary_source,MOE:17:14:fish_96h_lc50,79.0,False,,,official_summary_source,official_summary_not_individual_report_reviewed,https://www.env.go.jp/content/000316616.pdf,17.0,14.0
japan_moe__japan_moe_126-98-7_algae_72_96h_ec50_p17_r18,126-98-7,Methacrylonitrile,126-98-7,DTXSID1024176,CC(=C)C#N,GYCMBHHDWRMZGG-UHFFFAOYSA-N,algae_72_96h_ec50,EC50,GRO,GGRO,Pseudokirchneriella subcapitata,Green Alga,Chlorophyta,Chlorophyceae,Sphaeropleales,Selenastraceae,Pseudokirchneriella,Algae;Standard Test Species,72.0,FW,,,,1999.0,japan_moe_official_summary,dsstox_casrn,unclassified,25.0,mg/L,0.0003726282213709,-3.428724256467288,67.09100000000001,,True,False,1,1,,,,0.0,,,,official_summary_table,not specified in summary,test material,growth rate,True,True,,,,,,,,,,,,,,,,,,,,,,,,,,,,,,,,,,,,,japan_moe_126-98-7_algae_72_96h_ec50_p17_r18,Japan_MOE_official_summary,official_summary_source,MOE:17:18:algae_72_96h_ec50,25.0,False,,,official_summary_source,official_summary_not_individual_report_reviewed,https://www.env.go.jp/content/000316616.pdf,17.0,18.0
japan_moe__japan_moe_126-98-7_daphnia_48h_ec50_p17_r18,126-98-7,Methacrylonitrile,126-98-7,DTXSID1024176,CC(=C)C#N,GYCMBHHDWRMZGG-UHFFFAOYSA-N,daphnia_48h_ec50,EC50,ITX,IMBL,Daphnia magna,Water Flea,Arthropoda,Branchiopoda,Diplostraca,Daphniidae,Daphnia,Crustaceans;Standard Test Species,48.0,FW,,,,1999.0,japan_moe_official_summary,dsstox_casrn,unclassified,250.0,mg/L,0.0037262822137097,-2.428724256467288,67.09100000000001,,True,False,1,1,,,,0.0,,,,official_summary_table,not specified in summary,test material,immobilisation (Japanese table header: acute swimming inhibition),True,True,,,,,,,,,,,,,,,,,,,,,,,,,,,,,,,,,,,,,japan_moe_126-98-7_daphnia_48h_ec50_p17_r18,Japan_MOE_official_summary,official_summary_source,MOE:17:18:daphnia_48h_ec50,250.0,False,,,official_summary_source,official_summary_not_individual_report_reviewed,https://www.env.go.jp/content/000316616.pdf,17.0,18.0
japan_moe__japan_moe_127-90-2_algae_72_96h_ec50_p17_r20,127-90-2,"2,3,3,3,2',3',3',3'-Octachlorodipropyl ether",127-90-2,DTXSID40861778,ClC(COCC(Cl)C(Cl)(Cl)Cl)C(Cl)(Cl)Cl,LNJXZKBHJZAIKQ-UHFFFAOYSA-N,algae_72_96h_ec50,EC50,GRO,GGRO,Pseudokirchneriella subcapitata,Green Alga,Chlorophyta,Chlorophyceae,Sphaeropleales,Selenastraceae,Pseudokirchneriella,Algae;Standard Test Species,72.0,FW,,,,2004.0,japan_moe_official_summary,dsstox_casrn,unclassified,1.2,mg/L,3.1768134972216117e-06,-5.498008280767765,377.737,,True,False,1,1,,,,0.0,,,,official_summary_table,not specified in summary,test material,growth rate,True,True,,,,,,,,,,,,,,,,,,,,,,,,,,,,,,,,,,,,,japan_moe_127-90-2_algae_72_96h_ec50_p17_r20,Japan_MOE_official_summary,official_summary_source,MOE:17:20:algae_72_96h_ec50,1.2,False,,,official_summary_source,official_summary_not_individual_report_reviewed,https://www.env.go.jp/content/000316616.pdf,17.0,20.0
japan_moe__japan_moe_127-90-2_daphnia_48h_ec50_p17_r20,127-90-2,"2,3,3,3,2',3',3',3'-Octachlorodipropyl ether",127-90-2,DTXSID40861778,ClC(COCC(Cl)C(Cl)(Cl)Cl)C(Cl)(Cl)Cl,LNJXZKBHJZAIKQ-UHFFFAOYSA-N,daphnia_48h_ec50,EC50,ITX,IMBL,Daphnia magna,Water Flea,Arthropoda,Branchiopoda,Diplostraca,Daphniidae,Daphnia,Crustaceans;Standard Test Species,48.0,FW,,,,2004.0,japan_moe_official_summary,dsstox_casrn,unclassified,0.078,mg/L,2.0649287731940482e-07,-6.685094924124909,377.737,,True,False,1,1,,,,0.0,,,,official_summary_table,not specified in summary,test material,immobilisation (Japanese table header: acute swimming inhibition),True,True,,,,,,,,,,,,,,,,,,,,,,,,,,,,,,,,,,,,,japan_moe_127-90-2_daphnia_48h_ec50_p17_r20,Japan_MOE_official_summary,official_summary_source,MOE:17:20:daphnia_48h_ec50,0.078,False,,,official_summary_source,official_summary_not_individual_report_reviewed,https://www.env.go.jp/content/000316616.pdf,17.0,20.0
japan_moe__japan_moe_127-90-2_fish_96h_lc50_p17_r20,127-90-2,"2,3,3,3,2',3',3',3'-Octachlorodipropyl ether",127-90-2,DTXSID40861778,ClC(COCC(Cl)C(Cl)(Cl)Cl)C(Cl)(Cl)Cl,LNJXZKBHJZAIKQ-UHFFFAOYSA-N,fish_96h_lc50,LC50,MOR,MORT,Oryzias latipes,Japanese Medaka,Chordata,Actinopterygii,Beloniformes,Adrianichthyidae,Oryzias,Fish;Standard Test Species,96.0,FW,,,,2004.0,japan_moe_official_summary,dsstox_casrn,unclassified,0.59,mg/L,1.5619333028006256e-06,-5.8063375151732455,377.737,,True,False,1,1,,,,0.0,,,,official_summary_table,not specified in summary,test material,mortality,True,True,,,,,,,,,,,,,,,,,,,,,,,,,,,,,,,,,,,,,japan_moe_127-90-2_fish_96h_lc50_p17_r20,Japan_MOE_official_summary,official_summary_source,MOE:17:20:fish_96h_lc50,0.59,False,,,official_summary_source,official_summary_not_individual_report_reviewed,https://www.env.go.jp/content/000316616.pdf,17.0,20.0
japan_moe__japan_moe_128-37-0_daphnia_48h_ec50_p17_r21,128-37-0,"2,6-Di-tert-butyl-4-methylphenol",128-37-0,DTXSID2020216,CC1=CC(=C(O)C(=C1)C(C)(C)C)C(C)(C)C,NLZUEZXRPGMBCV-UHFFFAOYSA-N,daphnia_48h_ec50,EC50,ITX,IMBL,Daphnia magna,Water Flea,Arthropoda,Branchiopoda,Diplostraca,Daphniidae,Daphnia,Crustaceans;Standard Test Species,48.0,FW,,,,1999.0,japan_moe_official_summary,dsstox_casrn,unclassified,0.84,mg/L,3.812013287589174e-06,-5.418845594204593,220.356,,True,False,1,1,,,,0.0,,,,official_summary_table,not specified in summary,test material,immobilisation (Japanese table header: acute swimming inhibition),True,True,,,,,,,,,,,,,,,,,,,,,,,,,,,,,,,,,,,,,japan_moe_128-37-0_daphnia_48h_ec50_p17_r21,Japan_MOE_official_summary,official_summary_source,MOE:17:21:daphnia_48h_ec50,0.84,False,,,official_summary_source,official_summary_not_individual_report_reviewed,https://www.env.go.jp/content/000316616.pdf,17.0,21.0
japan_moe__japan_moe_128-37-0_fish_96h_lc50_p17_r21,128-37-0,"2,6-Di-tert-butyl-4-methylphenol",128-37-0,DTXSID2020216,CC1=CC(=C(O)C(=C1)C(C)(C)C)C(C)(C)C,NLZUEZXRPGMBCV-UHFFFAOYSA-N,fish_96h_lc50,LC50,MOR,MORT,Oryzias latipes,Japanese Medaka,Chordata,Actinopterygii,Beloniformes,Adrianichthyidae,Oryzias,Fish;Standard Test Species,96.0,FW,,,,1999.0,japan_moe_official_summary,dsstox_casrn,unclassified,1.1,mg/L,4.991922162319157e-06,-5.30173219510825,220.356,,True,False,1,1,,,,0.0,,,,official_summary_table,not specified in summary,test material,mortality,True,True,,,,,,,,,,,,,,,,,,,,,,,,,,,,,,,,,,,,,japan_moe_128-37-0_fish_96h_lc50_p17_r21,Japan_MOE_official_summary,official_summary_source,MOE:17:21:fish_96h_lc50,1.1,False,,,official_summary_source,official_summary_not_individual_report_reviewed,https://www.env.go.jp/content/000316616.pdf,17.0,21.0
japan_moe__japan_moe_129-00-0_daphnia_48h_ec50_p18_r1,129-00-0,Pyrene,129-00-0,DTXSID3024289,C1=CC2=C3C(C=CC4=CC=CC(C=C2)=C34)=C1,BBEAQIROQSPTKN-UHFFFAOYSA-N,daphnia_48h_ec50,EC50,ITX,IMBL,Daphnia magna,Water Flea,Arthropoda,Branchiopoda,Diplostraca,Daphniidae,Daphnia,Crustaceans;Standard Test Species,48.0,FW,,,,1996.0,japan_moe_official_summary,dsstox_casrn,unclassified,1.6,mg/L,7.910766553279013e-06,-5.101781431327967,202.256,,True,False,1,1,,,,0.0,,,,official_summary_table,not specified in summary,test material,immobilisation (Japanese table header: acute swimming inhibition),True,True,,,,,,,,,,,,,,,,,,,,,,,,,,,,,,,,,,,,,japan_moe_129-00-0_daphnia_48h_ec50_p18_r1,Japan_MOE_official_summary,official_summary_source,MOE:18:1:daphnia_48h_ec50,1.6,False,,,official_summary_source,official_summary_not_individual_report_reviewed,https://www.env.go.jp/content/000316616.pdf,18.0,1.0
japan_moe__japan_moe_129-00-0_daphnia_48h_ec50_p18_r2,129-00-0,Pyrene,129-00-0,DTXSID3024289,C1=CC2=C3C(C=CC4=CC=CC(C=C2)=C34)=C1,BBEAQIROQSPTKN-UHFFFAOYSA-N,daphnia_48h_ec50,EC50,ITX,IMBL,Daphnia magna,Water Flea,Arthropoda,Branchiopoda,Diplostraca,Daphniidae,Daphnia,Crustaceans;Standard Test Species,48.0,FW,,,,2005.0,japan_moe_official_summary,dsstox_casrn,unclassified,0.049,mg/L,2.422672256941698e-07,-6.615705333955378,202.256,,True,False,1,1,,,,0.0,,,,official_summary_table,not specified in summary,test material,immobilisation (Japanese table header: acute swimming inhibition),True,True,,,,,,,,,,,,,,,,,,,,,,,,,,,,,,,,,,,,,japan_moe_129-00-0_daphnia_48h_ec50_p18_r2,Japan_MOE_official_summary,official_summary_source,MOE:18:2:daphnia_48h_ec50,0.049,False,,,official_summary_source,official_summary_not_individual_report_reviewed,https://www.env.go.jp/content/000316616.pdf,18.0,2.0
japan_moe__japan_moe_129-00-0_fish_96h_lc50_p18_r1,129-00-0,Pyrene,129-00-0,DTXSID3024289,C1=CC2=C3C(C=CC4=CC=CC(C=C2)=C34)=C1,BBEAQIROQSPTKN-UHFFFAOYSA-N,fish_96h_lc50,LC50,MOR,MORT,Oryzias latipes,Japanese Medaka,Chordata,Actinopterygii,Beloniformes,Adrianichthyidae,Oryzias,Fish;Standard Test Species,96.0,FW,,,,1996.0,japan_moe_official_summary,dsstox_casrn,unclassified,1.0,mg/L,4.944229095799383e-06,-5.305901413983892,202.256,,True,False,1,1,,,,0.0,,,,official_summary_table,not specified in summary,test material,mortality,True,True,,,,,,,,,,,,,,,,,,,,,,,,,,,,,,,,,,,,,japan_moe_129-00-0_fish_96h_lc50_p18_r1,Japan_MOE_official_summary,official_summary_source,MOE:18:1:fish_96h_lc50,1.0,False,,,official_summary_source,official_summary_not_individual_report_reviewed,https://www.env.go.jp/content/000316616.pdf,18.0,1.0
japan_moe__japan_moe_13048-33-4_algae_72_96h_ec50_p29_r10,13048-33-4,Hexamethylene diacrylate,13048-33-4,DTXSID9025401,C=CC(=O)OCCCCCCOC(=O)C=C,FIHBHSQYSYVZQE-UHFFFAOYSA-N,algae_72_96h_ec50,EC50,GRO,GGRO,Pseudokirchneriella subcapitata,Green Alga,Chlorophyta,Chlorophyceae,Sphaeropleales,Selenastraceae,Pseudokirchneriella,Algae;Standard Test Species,72.0,FW,,,,1998.0,japan_moe_official_summary,dsstox_casrn,unclassified,1.6,mg/L,7.071135624381276e-06,-5.150510832907967,226.272,,True,False,1,1,,,,0.0,,,,official_summary_table,not specified in summary,test material,growth rate,True,True,,,,,,,,,,,,,,,,,,,,,,,,,,,,,,,,,,,,,japan_moe_13048-33-4_algae_72_96h_ec50_p29_r10,Japan_MOE_official_summary,official_summary_source,MOE:29:10:algae_72_96h_ec50,1.6,False,,,official_summary_source,official_summary_not_individual_report_reviewed,https://www.env.go.jp/content/000316616.pdf,29.0,10.0
japan_moe__japan_moe_13048-33-4_daphnia_48h_ec50_p29_r10,13048-33-4,Hexamethylene diacrylate,13048-33-4,DTXSID9025401,C=CC(=O)OCCCCCCOC(=O)C=C,FIHBHSQYSYVZQE-UHFFFAOYSA-N,daphnia_48h_ec50,EC50,ITX,IMBL,Daphnia magna,Water Flea,Arthropoda,Branchiopoda,Diplostraca,Daphniidae,Daphnia,Crustaceans;Standard Test Species,48.0,FW,,,,1998.0,japan_moe_official_summary,dsstox_casrn,unclassified,2.7,mg/L,1.1932541366143404e-05,-4.923267051404904,226.272,,True,False,1,1,,,,0.0,,,,official_summary_table,not specified in summary,test material,immobilisation (Japanese table header: acute swimming inhibition),True,True,,,,,,,,,,,,,,,,,,,,,,,,,,,,,,,,,,,,,japan_moe_13048-33-4_daphnia_48h_ec50_p29_r10,Japan_MOE_official_summary,official_summary_source,MOE:29:10:daphnia_48h_ec50,2.7,False,,,official_summary_source,official_summary_not_individual_report_reviewed,https://www.env.go.jp/content/000316616.pdf,29.0,10.0
japan_moe__japan_moe_13048-33-4_fish_96h_lc50_p29_r10,13048-33-4,Hexamethylene diacrylate,13048-33-4,DTXSID9025401,C=CC(=O)OCCCCCCOC(=O)C=C,FIHBHSQYSYVZQE-UHFFFAOYSA-N,fish_96h_lc50,LC50,MOR,MORT,Oryzias latipes,Japanese Medaka,Chordata,Actinopterygii,Beloniformes,Adrianichthyidae,Oryzias,Fish;Standard Test Species,96.0,FW,,,,1998.0,japan_moe_official_summary,dsstox_casrn,unclassified,0.38,mg/L,1.679394710790553e-06,-5.774847218947082,226.272,,True,False,1,1,,,,0.0,,,,official_summary_table,not specified in summary,test material,mortality,True,True,,,,,,,,,,,,,,,,,,,,,,,,,,,,,,,,,,,,,japan_moe_13048-33-4_fish_96h_lc50_p29_r10,Japan_MOE_official_summary,official_summary_source,MOE:29:10:fish_96h_lc50,0.38,False,,,official_summary_source,official_summary_not_individual_report_reviewed,https://www.env.go.jp/content/000316616.pdf,29.0,10.0
japan_moe__japan_moe_132-65-0_algae_72_96h_ec50_p18_r6,132-65-0,Dibenzothiophene,132-65-0,DTXSID0047741,S1C2=C(C=CC=C2)C2=C1C=CC=C2,IYYZUPMFVPLQIF-UHFFFAOYSA-N,algae_72_96h_ec50,EC50,GRO,GGRO,Pseudokirchneriella subcapitata,Green Alga,Chlorophyta,Chlorophyceae,Sphaeropleales,Selenastraceae,Pseudokirchneriella,Algae;Standard Test Species,72.0,FW,,,,1997.0,japan_moe_official_summary,dsstox_casrn,unclassified,1.4,mg/L,7.597835702229965e-06,-5.119310101987721,184.263,,True,False,1,1,,,,0.0,,,,official_summary_table,not specified in summary,test material,growth rate,True,True,,,,,,,,,,,,,,,,,,,,,,,,,,,,,,,,,,,,,japan_moe_132-65-0_algae_72_96h_ec50_p18_r6,Japan_MOE_official_summary,official_summary_source,MOE:18:6:algae_72_96h_ec50,1.4,False,,,official_summary_source,official_summary_not_individual_report_reviewed,https://www.env.go.jp/content/000316616.pdf,18.0,6.0
japan_moe__japan_moe_132-65-0_daphnia_48h_ec50_p18_r6,132-65-0,Dibenzothiophene,132-65-0,DTXSID0047741,S1C2=C(C=CC=C2)C2=C1C=CC=C2,IYYZUPMFVPLQIF-UHFFFAOYSA-N,daphnia_48h_ec50,EC50,ITX,IMBL,Daphnia magna,Water Flea,Arthropoda,Branchiopoda,Diplostraca,Daphniidae,Daphnia,Crustaceans;Standard Test Species,48.0,FW,,,,1997.0,japan_moe_official_summary,dsstox_casrn,unclassified,0.44,mg/L,2.387891220700846e-06,-5.621985461179771,184.263,,True,False,1,1,,,,0.0,,,,official_summary_table,not specified in summary,test material,immobilisation (Japanese table header: acute swimming inhibition),True,True,,,,,,,,,,,,,,,,,,,,,,,,,,,,,,,,,,,,,japan_moe_132-65-0_daphnia_48h_ec50_p18_r6,Japan_MOE_official_summary,official_summary_source,MOE:18:6:daphnia_48h_ec50,0.44,False,,,official_summary_source,official_summary_not_individual_report_reviewed,https://www.env.go.jp/content/000316616.pdf,18.0,6.0
japan_moe__japan_moe_132-65-0_fish_96h_lc50_p18_r6,132-65-0,Dibenzothiophene,132-65-0,DTXSID0047741,S1C2=C(C=CC=C2)C2=C1C=CC=C2,IYYZUPMFVPLQIF-UHFFFAOYSA-N,fish_96h_lc50,LC50,MOR,MORT,Oryzias latipes,Japanese Medaka,Chordata,Actinopterygii,Beloniformes,Adrianichthyidae,Oryzias,Fish;Standard Test Species,96.0,FW,,,,1997.0,japan_moe_official_summary,dsstox_casrn,unclassified,1.4,mg/L,7.597835702229965e-06,-5.119310101987721,184.263,,True,False,1,1,,,,0.0,,,,official_summary_table,not specified in summary,test material,mortality,True,True,,,,,,,,,,,,,,,,,,,,,,,,,,,,,,,,,,,,,japan_moe_132-65-0_fish_96h_lc50_p18_r6,Japan_MOE_official_summary,official_summary_source,MOE:18:6:fish_96h_lc50,1.4,False,,,official_summary_source,official_summary_not_individual_report_reviewed,https://www.env.go.jp/content/000316616.pdf,18.0,6.0
japan_moe__japan_moe_134-96-3_daphnia_48h_ec50_p18_r8,134-96-3,"4-Hydroxy-3,5-dimethoxybenzaldehyde",134-96-3,DTXSID2059643,COC1=CC(C=O)=CC(OC)=C1O,KCDXJAYRVLXPFO-UHFFFAOYSA-N,daphnia_48h_ec50,EC50,ITX,IMBL,Daphnia magna,Water Flea,Arthropoda,Branchiopoda,Diplostraca,Daphniidae,Daphnia,Crustaceans;Standard Test Species,48.0,FW,,,,2007.0,japan_moe_official_summary,dsstox_casrn,unclassified,42.0,mg/L,0.0002305475504322,-3.63723948779893,182.175,,True,False,1,1,,,,0.0,,,,official_summary_table,not specified in summary,test material,immobilisation (Japanese table header: acute swimming inhibition),True,True,,,,,,,,,,,,,,,,,,,,,,,,,,,,,,,,,,,,,japan_moe_134-96-3_daphnia_48h_ec50_p18_r8,Japan_MOE_official_summary,official_summary_source,MOE:18:8:daphnia_48h_ec50,42.0,False,,,official_summary_source,official_summary_not_individual_report_reviewed,https://www.env.go.jp/content/000316616.pdf,18.0,8.0
japan_moe__japan_moe_13481-25-9_daphnia_48h_ec50_p29_r13,13481-25-9,"2,3-Pyrazinedicarbonitrile",13481-25-9,DTXSID50306302,N#CC1=NC=CN=C1C#N,OTVZGAXESBAAQQ-UHFFFAOYSA-N,daphnia_48h_ec50,EC50,ITX,IMBL,Daphnia magna,Water Flea,Arthropoda,Branchiopoda,Diplostraca,Daphniidae,Daphnia,Crustaceans;Standard Test Species,48.0,FW,,,,2005.0,japan_moe_official_summary,dsstox_casrn,unclassified,2.1,mg/L,1.6140189070786257e-05,-4.7920913821345055,130.11,,True,False,1,1,,,,0.0,,,,official_summary_table,not specified in summary,test material,immobilisation (Japanese table header: acute swimming inhibition),True,True,,,,,,,,,,,,,,,,,,,,,,,,,,,,,,,,,,,,,japan_moe_13481-25-9_daphnia_48h_ec50_p29_r13,Japan_MOE_official_summary,official_summary_source,MOE:29:13:daphnia_48h_ec50,2.1,False,,,official_summary_source,official_summary_not_individual_report_reviewed,https://www.env.go.jp/content/000316616.pdf,29.0,13.0
japan_moe__japan_moe_13481-25-9_fish_96h_lc50_p29_r13,13481-25-9,"2,3-Pyrazinedicarbonitrile",13481-25-9,DTXSID50306302,N#CC1=NC=CN=C1C#N,OTVZGAXESBAAQQ-UHFFFAOYSA-N,fish_96h_lc50,LC50,MOR,MORT,Oryzias latipes,Japanese Medaka,Chordata,Actinopterygii,Beloniformes,Adrianichthyidae,Oryzias,Fish;Standard Test Species,96.0,FW,,,,2005.0,japan_moe_official_summary,dsstox_casrn,unclassified,2.0,mg/L,1.5371608638844055e-05,-4.813280681204443,130.11,,True,False,1,1,,,,0.0,,,,official_summary_table,not specified in summary,test material,mortality,True,True,,,,,,,,,,,,,,,,,,,,,,,,,,,,,,,,,,,,,japan_moe_13481-25-9_fish_96h_lc50_p29_r13,Japan_MOE_official_summary,official_summary_source,MOE:29:13:fish_96h_lc50,2.0,False,,,official_summary_source,official_summary_not_individual_report_reviewed,https://www.env.go.jp/content/000316616.pdf,29.0,13.0
japan_moe__japan_moe_135-19-3_algae_72_96h_ec50_p18_r9,135-19-3,2-Naphthol,135-19-3,DTXSID5027061,OC1=CC2=C(C=CC=C2)C=C1,JWAZRIHNYRIHIV-UHFFFAOYSA-N,algae_72_96h_ec50,EC50,GRO,GGRO,Pseudokirchneriella subcapitata,Green Alga,Chlorophyta,Chlorophyceae,Sphaeropleales,Selenastraceae,Pseudokirchneriella,Algae;Standard Test Species,72.0,FW,,,,2004.0,japan_moe_official_summary,dsstox_casrn,unclassified,2.1,mg/L,1.4565834102085692e-05,-4.8366646407609215,144.17299999999997,,True,False,1,1,,,,0.0,,,,official_summary_table,not specified in summary,test material,growth rate,True,True,,,,,,,,,,,,,,,,,,,,,,,,,,,,,,,,,,,,,japan_moe_135-19-3_algae_72_96h_ec50_p18_r9,Japan_MOE_official_summary,official_summary_source,MOE:18:9:algae_72_96h_ec50,2.1,False,,,official_summary_source,official_summary_not_individual_report_reviewed,https://www.env.go.jp/content/000316616.pdf,18.0,9.0
japan_moe__japan_moe_135-19-3_daphnia_48h_ec50_p18_r9,135-19-3,2-Naphthol,135-19-3,DTXSID5027061,OC1=CC2=C(C=CC=C2)C=C1,JWAZRIHNYRIHIV-UHFFFAOYSA-N,daphnia_48h_ec50,EC50,ITX,IMBL,Daphnia magna,Water Flea,Arthropoda,Branchiopoda,Diplostraca,Daphniidae,Daphnia,Crustaceans;Standard Test Species,48.0,FW,,,,2004.0,japan_moe_official_summary,dsstox_casrn,unclassified,5.3,mg/L,3.676139082907341e-05,-4.434608065894052,144.17299999999997,,True,False,1,1,,,,0.0,,,,official_summary_table,not specified in summary,test material,immobilisation (Japanese table header: acute swimming inhibition),True,True,,,,,,,,,,,,,,,,,,,,,,,,,,,,,,,,,,,,,japan_moe_135-19-3_daphnia_48h_ec50_p18_r9,Japan_MOE_official_summary,official_summary_source,MOE:18:9:daphnia_48h_ec50,5.3,False,,,official_summary_source,official_summary_not_individual_report_reviewed,https://www.env.go.jp/content/000316616.pdf,18.0,9.0
japan_moe__japan_moe_135-19-3_fish_96h_lc50_p18_r9,135-19-3,2-Naphthol,135-19-3,DTXSID5027061,OC1=CC2=C(C=CC=C2)C=C1,JWAZRIHNYRIHIV-UHFFFAOYSA-N,fish_96h_lc50,LC50,MOR,MORT,Oryzias latipes,Japanese Medaka,Chordata,Actinopterygii,Beloniformes,Adrianichthyidae,Oryzias,Fish;Standard Test Species,96.0,FW,,,,2004.0,japan_moe_official_summary,dsstox_casrn,unclassified,4.0,mg/L,2.774444590873465e-05,-4.556823944166879,144.17299999999997,,True,False,1,1,,,,0.0,,,,official_summary_table,not specified in summary,test material,mortality,True,True,,,,,,,,,,,,,,,,,,,,,,,,,,,,,,,,,,,,,japan_moe_135-19-3_fish_96h_lc50_p18_r9,Japan_MOE_official_summary,official_summary_source,MOE:18:9:fish_96h_lc50,4.0,False,,,official_summary_source,official_summary_not_individual_report_reviewed,https://www.env.go.jp/content/000316616.pdf,18.0,9.0
japan_moe__japan_moe_13826-35-2_daphnia_48h_ec50_p29_r16,13826-35-2,"Benzyl alcohol, 3-phenoxy-",13826-35-2,DTXSID7027756,OCC1=CC=CC(OC2=CC=CC=C2)=C1,KGANAERDZBAECK-UHFFFAOYSA-N,daphnia_48h_ec50,EC50,ITX,IMBL,Daphnia magna,Water Flea,Arthropoda,Branchiopoda,Diplostraca,Daphniidae,Daphnia,Crustaceans;Standard Test Species,48.0,FW,,,,2006.0,japan_moe_official_summary,dsstox_casrn,unclassified,1.5,mg/L,7.491123019222222e-06,-5.125453070886446,200.237,,True,False,1,1,,,,0.0,,,,official_summary_table,not specified in summary,test material,immobilisation (Japanese table header: acute swimming inhibition),True,True,,,,,,,,,,,,,,,,,,,,,,,,,,,,,,,,,,,,,japan_moe_13826-35-2_daphnia_48h_ec50_p29_r16,Japan_MOE_official_summary,official_summary_source,MOE:29:16:daphnia_48h_ec50,1.5,False,,,official_summary_source,official_summary_not_individual_report_reviewed,https://www.env.go.jp/content/000316616.pdf,29.0,16.0
japan_moe__japan_moe_13826-35-2_fish_96h_lc50_p29_r16,13826-35-2,"Benzyl alcohol, 3-phenoxy-",13826-35-2,DTXSID7027756,OCC1=CC=CC(OC2=CC=CC=C2)=C1,KGANAERDZBAECK-UHFFFAOYSA-N,fish_96h_lc50,LC50,MOR,MORT,Oryzias latipes,Japanese Medaka,Chordata,Actinopterygii,Beloniformes,Adrianichthyidae,Oryzias,Fish;Standard Test Species,96.0,FW,,,,2006.0,japan_moe_official_summary,dsstox_casrn,unclassified,3.8,mg/L,1.8977511648696296e-05,-4.7217607333253175,200.237,,True,False,1,1,,,,0.0,,,,official_summary_table,not specified in summary,test material,mortality,True,True,,,,,,,,,,,,,,,,,,,,,,,,,,,,,,,,,,,,,japan_moe_13826-35-2_fish_96h_lc50_p29_r16,Japan_MOE_official_summary,official_summary_source,MOE:29:16:fish_96h_lc50,3.8,False,,,official_summary_source,official_summary_not_individual_report_reviewed,https://www.env.go.jp/content/000316616.pdf,29.0,16.0
japan_moe__japan_moe_139-13-9_daphnia_48h_ec50_p18_r14,139-13-9,Nitrilotriacetic acid,139-13-9,DTXSID6020939,OC(=O)CN(CC(O)=O)CC(O)=O,MGFYIUFZLHCRTH-UHFFFAOYSA-N,daphnia_48h_ec50,EC50,ITX,IMBL,Daphnia magna,Water Flea,Arthropoda,Branchiopoda,Diplostraca,Daphniidae,Daphnia,Crustaceans;Standard Test Species,48.0,FW,,,,1996.0,japan_moe_official_summary,dsstox_casrn,unclassified,110.0,mg/L,0.0005754974128775,-3.239956624380904,191.139,,True,False,1,1,,,,0.0,,,,official_summary_table,not specified in summary,test material,immobilisation (Japanese table header: acute swimming inhibition),True,True,,,,,,,,,,,,,,,,,,,,,,,,,,,,,,,,,,,,,japan_moe_139-13-9_daphnia_48h_ec50_p18_r14,Japan_MOE_official_summary,official_summary_source,MOE:18:14:daphnia_48h_ec50,110.0,False,,,official_summary_source,official_summary_not_individual_report_reviewed,https://www.env.go.jp/content/000316616.pdf,18.0,14.0
japan_moe__japan_moe_13911-65-4_daphnia_48h_ec50_p29_r17,13911-65-4,Methylphenylarsenic acid,13911-65-4,DTXSID00160916,C[As](O)(=O)C1=CC=CC=C1,MROUTHHOGFJANY-UHFFFAOYSA-N,daphnia_48h_ec50,EC50,ITX,IMBL,Daphnia magna,Water Flea,Arthropoda,Branchiopoda,Diplostraca,Daphniidae,Daphnia,Crustaceans;Standard Test Species,48.0,FW,,,,2004.0,japan_moe_official_summary,dsstox_casrn,unclassified,4.0,mg/L,1.999310237967901e-05,-4.699119810092268,200.069,,True,False,1,1,,,,0.0,,,,official_summary_table,not specified in summary,test material,immobilisation (Japanese table header: acute swimming inhibition),True,True,,,,,,,,,,,,,,,,,,,,,,,,,,,,,,,,,,,,,japan_moe_13911-65-4_daphnia_48h_ec50_p29_r17,Japan_MOE_official_summary,official_summary_source,MOE:29:17:daphnia_48h_ec50,4.0,False,,,official_summary_source,official_summary_not_individual_report_reviewed,https://www.env.go.jp/content/000316616.pdf,29.0,17.0
japan_moe__japan_moe_140-88-5_algae_72_96h_ec50_p18_r16,140-88-5,Ethyl acrylate,140-88-5,DTXSID4020583,CCOC(=O)C=C,JIGUQPWFLRLWPJ-UHFFFAOYSA-N,algae_72_96h_ec50,EC50,GRO,GGRO,Pseudokirchneriella subcapitata,Green Alga,Chlorophyta,Chlorophyceae,Sphaeropleales,Selenastraceae,Pseudokirchneriella,Algae;Standard Test Species,72.0,FW,,,,1999.0,japan_moe_official_summary,dsstox_casrn,unclassified,2.3,mg/L,2.297312144790595e-05,-4.63877999150503,100.117,,True,False,1,1,,,,0.0,,,,official_summary_table,not specified in summary,test material,growth rate,True,True,,,,,,,,,,,,,,,,,,,,,,,,,,,,,,,,,,,,,japan_moe_140-88-5_algae_72_96h_ec50_p18_r16,Japan_MOE_official_summary,official_summary_source,MOE:18:16:algae_72_96h_ec50,2.3,False,,,official_summary_source,official_summary_not_individual_report_reviewed,https://www.env.go.jp/content/000316616.pdf,18.0,16.0
japan_moe__japan_moe_140-88-5_daphnia_48h_ec50_p18_r16,140-88-5,Ethyl acrylate,140-88-5,DTXSID4020583,CCOC(=O)C=C,JIGUQPWFLRLWPJ-UHFFFAOYSA-N,daphnia_48h_ec50,EC50,ITX,IMBL,Daphnia magna,Water Flea,Arthropoda,Branchiopoda,Diplostraca,Daphniidae,Daphnia,Crustaceans;Standard Test Species,48.0,FW,,,,1999.0,japan_moe_official_summary,dsstox_casrn,unclassified,4.4,mg/L,4.394858016121138e-05,-4.357055151036435,100.117,,True,False,1,1,,,,0.0,,,,official_summary_table,not specified in summary,test material,immobilisation (Japanese table header: acute swimming inhibition),True,True,,,,,,,,,,,,,,,,,,,,,,,,,,,,,,,,,,,,,japan_moe_140-88-5_daphnia_48h_ec50_p18_r16,Japan_MOE_official_summary,official_summary_source,MOE:18:16:daphnia_48h_ec50,4.4,False,,,official_summary_source,official_summary_not_individual_report_reviewed,https://www.env.go.jp/content/000316616.pdf,18.0,16.0
japan_moe__japan_moe_140-88-5_fish_96h_lc50_p18_r16,140-88-5,Ethyl acrylate,140-88-5,DTXSID4020583,CCOC(=O)C=C,JIGUQPWFLRLWPJ-UHFFFAOYSA-N,fish_96h_lc50,LC50,MOR,MORT,Oryzias latipes,Japanese Medaka,Chordata,Actinopterygii,Beloniformes,Adrianichthyidae,Oryzias,Fish;Standard Test Species,96.0,FW,,,,1999.0,japan_moe_official_summary,dsstox_casrn,unclassified,1.2,mg/L,1.1985976407603102e-05,-4.921326581474998,100.117,,True,False,1,1,,,,0.0,,,,official_summary_table,not specified in summary,test material,mortality,True,True,,,,,,,,,,,,,,,,,,,,,,,,,,,,,,,,,,,,,japan_moe_140-88-5_fish_96h_lc50_p18_r16,Japan_MOE_official_summary,official_summary_source,MOE:18:16:fish_96h_lc50,1.2,False,,,official_summary_source,official_summary_not_individual_report_reviewed,https://www.env.go.jp/content/000316616.pdf,18.0,16.0
japan_moe__japan_moe_141-32-2_algae_72_96h_ec50_p18_r17,141-32-2,n-Butyl acrylate,141-32-2,DTXSID6024676,CCCCOC(=O)C=C,CQEYYJKEWSMYFG-UHFFFAOYSA-N,algae_72_96h_ec50,EC50,GRO,GGRO,Pseudokirchneriella subcapitata,Green Alga,Chlorophyta,Chlorophyceae,Sphaeropleales,Selenastraceae,Pseudokirchneriella,Algae;Standard Test Species,72.0,FW,,,,1999.0,japan_moe_official_summary,dsstox_casrn,unclassified,1.7,mg/L,1.3263530751886154e-05,-4.877340851349849,128.17099999999996,,True,False,1,1,,,,0.0,,,,official_summary_table,not specified in summary,test material,growth rate,True,True,,,,,,,,,,,,,,,,,,,,,,,,,,,,,,,,,,,,,japan_moe_141-32-2_algae_72_96h_ec50_p18_r17,Japan_MOE_official_summary,official_summary_source,MOE:18:17:algae_72_96h_ec50,1.7,False,,,official_summary_source,official_summary_not_individual_report_reviewed,https://www.env.go.jp/content/000316616.pdf,18.0,17.0
japan_moe__japan_moe_141-32-2_daphnia_48h_ec50_p18_r17,141-32-2,n-Butyl acrylate,141-32-2,DTXSID6024676,CCCCOC(=O)C=C,CQEYYJKEWSMYFG-UHFFFAOYSA-N,daphnia_48h_ec50,EC50,ITX,IMBL,Daphnia magna,Water Flea,Arthropoda,Branchiopoda,Diplostraca,Daphniidae,Daphnia,Crustaceans;Standard Test Species,48.0,FW,,,,1999.0,japan_moe_official_summary,dsstox_casrn,unclassified,5.2,mg/L,4.057079994694589e-05,-4.391786429093323,128.17099999999996,,True,False,1,1,,,,0.0,,,,official_summary_table,not specified in summary,test material,immobilisation (Japanese table header: acute swimming inhibition),True,True,,,,,,,,,,,,,,,,,,,,,,,,,,,,,,,,,,,,,japan_moe_141-32-2_daphnia_48h_ec50_p18_r17,Japan_MOE_official_summary,official_summary_source,MOE:18:17:daphnia_48h_ec50,5.2,False,,,official_summary_source,official_summary_not_individual_report_reviewed,https://www.env.go.jp/content/000316616.pdf,18.0,17.0
japan_moe__japan_moe_141-32-2_fish_96h_lc50_p18_r17,141-32-2,n-Butyl acrylate,141-32-2,DTXSID6024676,CCCCOC(=O)C=C,CQEYYJKEWSMYFG-UHFFFAOYSA-N,fish_96h_lc50,LC50,MOR,MORT,Oryzias latipes,Japanese Medaka,Chordata,Actinopterygii,Beloniformes,Adrianichthyidae,Oryzias,Fish;Standard Test Species,96.0,FW,,,,1999.0,japan_moe_official_summary,dsstox_casrn,unclassified,2.4,mg/L,1.87249845908981e-05,-4.727578531016516,128.17099999999996,,True,False,1,1,,,,0.0,,,,official_summary_table,not specified in summary,test material,mortality,True,True,,,,,,,,,,,,,,,,,,,,,,,,,,,,,,,,,,,,,japan_moe_141-32-2_fish_96h_lc50_p18_r17,Japan_MOE_official_summary,official_summary_source,MOE:18:17:fish_96h_lc50,2.4,False,,,official_summary_source,official_summary_not_individual_report_reviewed,https://www.env.go.jp/content/000316616.pdf,18.0,17.0
japan_moe__japan_moe_143-10-2_algae_72_96h_ec50_p19_r1,143-10-2,1-Decanethiol,143-10-2,DTXSID7059727,CCCCCCCCCCS,VTXVGVNLYGSIAR-UHFFFAOYSA-N,algae_72_96h_ec50,EC50,GRO,GGRO,Pseudokirchneriella subcapitata,Green Alga,Chlorophyta,Chlorophyceae,Sphaeropleales,Selenastraceae,Pseudokirchneriella,Algae;Standard Test Species,72.0,FW,,,,2010.0,japan_moe_official_summary,dsstox_casrn,unclassified,0.0078,mg/L,4.4736827011866726e-08,-7.349334821761616,174.353,,True,False,1,1,,,,0.0,,,,official_summary_table,not specified in summary,test material,growth rate,True,True,,,,,,,,,,,,,,,,,,,,,,,,,,,,,,,,,,,,,japan_moe_143-10-2_algae_72_96h_ec50_p19_r1,Japan_MOE_official_summary,official_summary_source,MOE:19:1:algae_72_96h_ec50,0.0078,False,,,official_summary_source,official_summary_not_individual_report_reviewed,https://www.env.go.jp/content/000316616.pdf,19.0,1.0
japan_moe__japan_moe_143-10-2_daphnia_48h_ec50_p19_r1,143-10-2,1-Decanethiol,143-10-2,DTXSID7059727,CCCCCCCCCCS,VTXVGVNLYGSIAR-UHFFFAOYSA-N,daphnia_48h_ec50,EC50,ITX,IMBL,Daphnia magna,Water Flea,Arthropoda,Branchiopoda,Diplostraca,Daphniidae,Daphnia,Crustaceans;Standard Test Species,48.0,FW,,,,2010.0,japan_moe_official_summary,dsstox_casrn,unclassified,0.01,mg/L,5.735490642547018e-08,-7.241429424452097,174.353,,True,False,1,1,,,,0.0,,,,official_summary_table,not specified in summary,test material,immobilisation (Japanese table header: acute swimming inhibition),True,True,,,,,,,,,,,,,,,,,,,,,,,,,,,,,,,,,,,,,japan_moe_143-10-2_daphnia_48h_ec50_p19_r1,Japan_MOE_official_summary,official_summary_source,MOE:19:1:daphnia_48h_ec50,0.01,False,,,official_summary_source,official_summary_not_individual_report_reviewed,https://www.env.go.jp/content/000316616.pdf,19.0,1.0
japan_moe__japan_moe_144-49-0_algae_72_96h_ec50_p19_r4,144-49-0,Fluoroacetic acid,144-49-0,DTXSID0041981,OC(=O)CF,QEWYKACRFQMRMB-UHFFFAOYSA-N,algae_72_96h_ec50,EC50,GRO,GGRO,Pseudokirchneriella subcapitata,Green Alga,Chlorophyta,Chlorophyceae,Sphaeropleales,Selenastraceae,Pseudokirchneriella,Algae;Standard Test Species,72.0,FW,,,,2016.0,japan_moe_official_summary,dsstox_casrn,unclassified,0.0042,mg/L,5.381717536711001e-08,-7.269079100230192,78.042,,True,False,1,1,,,,0.0,,,,official_summary_table,not specified in summary,test material,growth rate,True,True,,,,,,,,,,,,,,,,,,,,,,,,,,,,,,,,,,,,,japan_moe_144-49-0_algae_72_96h_ec50_p19_r4,Japan_MOE_official_summary,official_summary_source,MOE:19:4:algae_72_96h_ec50,0.0042,False,,,official_summary_source,official_summary_not_individual_report_reviewed,https://www.env.go.jp/content/000316616.pdf,19.0,4.0
japan_moe__japan_moe_144-62-7_algae_72_96h_ec50_p19_r5,144-62-7,Oxalic acid,144-62-7,DTXSID0025816,OC(=O)C(O)=O,MUBZPKHOEPUJKR-UHFFFAOYSA-N,algae_72_96h_ec50,EC50,GRO,GGRO,Pseudokirchneriella subcapitata,Green Alga,Chlorophyta,Chlorophyceae,Sphaeropleales,Selenastraceae,Pseudokirchneriella,Algae;Standard Test Species,72.0,FW,,,,1998.0,japan_moe_official_summary,dsstox_casrn,unclassified,22.0,mg/L,0.0002443521336384,-3.6119838644388,90.03399999999999,,True,False,1,1,,,,0.0,,,,official_summary_table,not specified in summary,test material,growth rate,True,True,,,,,,,,,,,,,,,,,,,,,,,,,,,,,,,,,,,,,japan_moe_144-62-7_algae_72_96h_ec50_p19_r5,Japan_MOE_official_summary,official_summary_source,MOE:19:5:algae_72_96h_ec50,22.0,False,,,official_summary_source,official_summary_not_individual_report_reviewed,https://www.env.go.jp/content/000316616.pdf,19.0,5.0
japan_moe__japan_moe_144-62-7_daphnia_48h_ec50_p19_r5,144-62-7,Oxalic acid,144-62-7,DTXSID0025816,OC(=O)C(O)=O,MUBZPKHOEPUJKR-UHFFFAOYSA-N,daphnia_48h_ec50,EC50,ITX,IMBL,Daphnia magna,Water Flea,Arthropoda,Branchiopoda,Diplostraca,Daphniidae,Daphnia,Crustaceans;Standard Test Species,48.0,FW,,,,1998.0,japan_moe_official_summary,dsstox_casrn,unclassified,15.0,mg/L,0.0001666037274807,-3.778315286205325,90.03399999999999,,True,False,1,1,,,,0.0,,,,official_summary_table,not specified in summary,test material,immobilisation (Japanese table header: acute swimming inhibition),True,True,,,,,,,,,,,,,,,,,,,,,,,,,,,,,,,,,,,,,japan_moe_144-62-7_daphnia_48h_ec50_p19_r5,Japan_MOE_official_summary,official_summary_source,MOE:19:5:daphnia_48h_ec50,15.0,False,,,official_summary_source,official_summary_not_individual_report_reviewed,https://www.env.go.jp/content/000316616.pdf,19.0,5.0
japan_moe__japan_moe_144-62-7_fish_96h_lc50_p19_r5,144-62-7,Oxalic acid,144-62-7,DTXSID0025816,OC(=O)C(O)=O,MUBZPKHOEPUJKR-UHFFFAOYSA-N,fish_96h_lc50,LC50,MOR,MORT,Oryzias latipes,Japanese Medaka,Chordata,Actinopterygii,Beloniformes,Adrianichthyidae,Oryzias,Fish;Standard Test Species,96.0,FW,,,,1998.0,japan_moe_official_summary,dsstox_casrn,unclassified,27.0,mg/L,0.0002998867094653,-3.5230427811020184,90.03399999999999,,True,False,1,1,,,,0.0,,,,official_summary_table,not specified in summary,test material,mortality,True,True,,,,,,,,,,,,,,,,,,,,,,,,,,,,,,,,,,,,,japan_moe_144-62-7_fish_96h_lc50_p19_r5,Japan_MOE_official_summary,official_summary_source,MOE:19:5:fish_96h_lc50,27.0,False,,,official_summary_source,official_summary_not_individual_report_reviewed,https://www.env.go.jp/content/000316616.pdf,19.0,5.0
japan_moe__japan_moe_1477-55-0_algae_72_96h_ec50_p24_r21,1477-55-0,m-Phenylenebis(methylamine),1477-55-0,DTXSID9029649,NCC1=CC(CN)=CC=C1,FDLQZKYLHJJBHD-UHFFFAOYSA-N,algae_72_96h_ec50,EC50,GRO,GGRO,Pseudokirchneriella subcapitata,Green Alga,Chlorophyta,Chlorophyceae,Sphaeropleales,Selenastraceae,Pseudokirchneriella,Algae;Standard Test Species,72.0,FW,,,,1999.0,japan_moe_official_summary,dsstox_casrn,unclassified,28.0,mg/L,0.0002055830482092,-3.687012698882556,136.198,,True,False,1,1,,,,0.0,,,,official_summary_table,not specified in summary,test material,growth rate,True,True,,,,,,,,,,,,,,,,,,,,,,,,,,,,,,,,,,,,,japan_moe_1477-55-0_algae_72_96h_ec50_p24_r21,Japan_MOE_official_summary,official_summary_source,MOE:24:21:algae_72_96h_ec50,28.0,False,,,official_summary_source,official_summary_not_individual_report_reviewed,https://www.env.go.jp/content/000316616.pdf,24.0,21.0
japan_moe__japan_moe_1477-55-0_daphnia_48h_ec50_p24_r21,1477-55-0,m-Phenylenebis(methylamine),1477-55-0,DTXSID9029649,NCC1=CC(CN)=CC=C1,FDLQZKYLHJJBHD-UHFFFAOYSA-N,daphnia_48h_ec50,EC50,ITX,IMBL,Daphnia magna,Water Flea,Arthropoda,Branchiopoda,Diplostraca,Daphniidae,Daphnia,Crustaceans;Standard Test Species,48.0,FW,,,,1999.0,japan_moe_official_summary,dsstox_casrn,unclassified,15.0,mg/L,0.0001101337758263,-3.958079471169094,136.198,,True,False,1,1,,,,0.0,,,,official_summary_table,not specified in summary,test material,immobilisation (Japanese table header: acute swimming inhibition),True,True,,,,,,,,,,,,,,,,,,,,,,,,,,,,,,,,,,,,,japan_moe_1477-55-0_daphnia_48h_ec50_p24_r21,Japan_MOE_official_summary,official_summary_source,MOE:24:21:daphnia_48h_ec50,15.0,False,,,official_summary_source,official_summary_not_individual_report_reviewed,https://www.env.go.jp/content/000316616.pdf,24.0,21.0
japan_moe__japan_moe_1477-55-0_fish_96h_lc50_p24_r21,1477-55-0,m-Phenylenebis(methylamine),1477-55-0,DTXSID9029649,NCC1=CC(CN)=CC=C1,FDLQZKYLHJJBHD-UHFFFAOYSA-N,fish_96h_lc50,LC50,MOR,MORT,Oryzias latipes,Japanese Medaka,Chordata,Actinopterygii,Beloniformes,Adrianichthyidae,Oryzias,Fish;Standard Test Species,96.0,FW,,,,1999.0,japan_moe_official_summary,dsstox_casrn,unclassified,88.0,mg/L,0.0006461181515147,-3.1896880580746068,136.198,,True,False,1,1,,,,0.0,,,,official_summary_table,not specified in summary,test material,mortality,True,True,,,,,,,,,,,,,,,,,,,,,,,,,,,,,,,,,,,,,japan_moe_1477-55-0_fish_96h_lc50_p24_r21,Japan_MOE_official_summary,official_summary_source,MOE:24:21:fish_96h_lc50,88.0,False,,,official_summary_source,official_summary_not_individual_report_reviewed,https://www.env.go.jp/content/000316616.pdf,24.0,21.0
japan_moe__japan_moe_14802-03-0_algae_72_96h_ec50_p29_r19,14802-03-0,2-Ethylhexyl hydrogen (2- ethylhexyl)phosphonate,14802-03-0,DTXSID30864536,CCCCC(CC)COP(O)(=O)CC(CC)CCCC,ZDFBXXSHBTVQMB-UHFFFAOYSA-N,algae_72_96h_ec50,EC50,GRO,GGRO,Pseudokirchneriella subcapitata,Green Alga,Chlorophyta,Chlorophyceae,Sphaeropleales,Selenastraceae,Pseudokirchneriella,Algae;Standard Test Species,72.0,FW,,,,2008.0,japan_moe_official_summary,dsstox_casrn,unclassified,92.0,mg/L,0.0003002346398979,-3.522539202004031,306.4270000000001,,True,False,1,1,,,,0.0,,,,official_summary_table,not specified in summary,test material,growth rate,True,True,,,,,,,,,,,,,,,,,,,,,,,,,,,,,,,,,,,,,japan_moe_14802-03-0_algae_72_96h_ec50_p29_r19,Japan_MOE_official_summary,official_summary_source,MOE:29:19:algae_72_96h_ec50,92.0,False,,,official_summary_source,official_summary_not_individual_report_reviewed,https://www.env.go.jp/content/000316616.pdf,29.0,19.0
japan_moe__japan_moe_14802-03-0_daphnia_48h_ec50_p29_r19,14802-03-0,2-Ethylhexyl hydrogen (2- ethylhexyl)phosphonate,14802-03-0,DTXSID30864536,CCCCC(CC)COP(O)(=O)CC(CC)CCCC,ZDFBXXSHBTVQMB-UHFFFAOYSA-N,daphnia_48h_ec50,EC50,ITX,IMBL,Daphnia magna,Water Flea,Arthropoda,Branchiopoda,Diplostraca,Daphniidae,Daphnia,Crustaceans;Standard Test Species,48.0,FW,,,,2008.0,japan_moe_official_summary,dsstox_casrn,unclassified,43.0,mg/L,0.0001403270599522,-3.85285857377,306.4270000000001,,True,False,1,1,,,,0.0,,,,official_summary_table,not specified in summary,test material,immobilisation (Japanese table header: acute swimming inhibition),True,True,,,,,,,,,,,,,,,,,,,,,,,,,,,,,,,,,,,,,japan_moe_14802-03-0_daphnia_48h_ec50_p29_r19,Japan_MOE_official_summary,official_summary_source,MOE:29:19:daphnia_48h_ec50,43.0,False,,,official_summary_source,official_summary_not_individual_report_reviewed,https://www.env.go.jp/content/000316616.pdf,29.0,19.0
japan_moe__japan_moe_14802-03-0_fish_96h_lc50_p29_r19,14802-03-0,2-Ethylhexyl hydrogen (2- ethylhexyl)phosphonate,14802-03-0,DTXSID30864536,CCCCC(CC)COP(O)(=O)CC(CC)CCCC,ZDFBXXSHBTVQMB-UHFFFAOYSA-N,fish_96h_lc50,LC50,MOR,MORT,Oryzias latipes,Japanese Medaka,Chordata,Actinopterygii,Beloniformes,Adrianichthyidae,Oryzias,Fish;Standard Test Species,96.0,FW,,,,2008.0,japan_moe_official_summary,dsstox_casrn,unclassified,98.0,mg/L,0.0003198151598912,-3.4951009536570914,306.4270000000001,,True,False,1,1,,,,0.0,,,,official_summary_table,not specified in summary,test material,mortality,True,True,,,,,,,,,,,,,,,,,,,,,,,,,,,,,,,,,,,,,japan_moe_14802-03-0_fish_96h_lc50_p29_r19,Japan_MOE_official_summary,official_summary_source,MOE:29:19:fish_96h_lc50,98.0,False,,,official_summary_source,official_summary_not_individual_report_reviewed,https://www.env.go.jp/content/000316616.pdf,29.0,19.0
japan_moe__japan_moe_14938-35-3_algae_72_96h_ec50_p29_r20,14938-35-3,4-Pentylphenol,14938-35-3,DTXSID9044164,CCCCCC1=CC=C(O)C=C1,ZNPSUQQXTRRSBM-UHFFFAOYSA-N,algae_72_96h_ec50,EC50,GRO,GGRO,Pseudokirchneriella subcapitata,Green Alga,Chlorophyta,Chlorophyceae,Sphaeropleales,Selenastraceae,Pseudokirchneriella,Algae;Standard Test Species,72.0,FW,,,,2000.0,japan_moe_official_summary,dsstox_casrn,unclassified,2.2,mg/L,1.3394379231406168e-05,-4.873077409164546,164.248,,True,False,1,1,,,,0.0,,,,official_summary_table,not specified in summary,test material,growth rate,True,True,,,,,,,,,,,,,,,,,,,,,,,,,,,,,,,,,,,,,japan_moe_14938-35-3_algae_72_96h_ec50_p29_r20,Japan_MOE_official_summary,official_summary_source,MOE:29:20:algae_72_96h_ec50,2.2,False,,,official_summary_source,official_summary_not_individual_report_reviewed,https://www.env.go.jp/content/000316616.pdf,29.0,20.0
japan_moe__japan_moe_14938-35-3_daphnia_48h_ec50_p29_r20,14938-35-3,4-Pentylphenol,14938-35-3,DTXSID9044164,CCCCCC1=CC=C(O)C=C1,ZNPSUQQXTRRSBM-UHFFFAOYSA-N,daphnia_48h_ec50,EC50,ITX,IMBL,Daphnia magna,Water Flea,Arthropoda,Branchiopoda,Diplostraca,Daphniidae,Daphnia,Crustaceans;Standard Test Species,48.0,FW,,,,2000.0,japan_moe_official_summary,dsstox_casrn,unclassified,0.9,mg/L,5.479518776484341e-06,-5.261257580547428,164.248,,True,False,1,1,,,,0.0,,,,official_summary_table,not specified in summary,test material,immobilisation (Japanese table header: acute swimming inhibition),True,True,,,,,,,,,,,,,,,,,,,,,,,,,,,,,,,,,,,,,japan_moe_14938-35-3_daphnia_48h_ec50_p29_r20,Japan_MOE_official_summary,official_summary_source,MOE:29:20:daphnia_48h_ec50,0.9,False,,,official_summary_source,official_summary_not_individual_report_reviewed,https://www.env.go.jp/content/000316616.pdf,29.0,20.0
japan_moe__japan_moe_14938-35-3_fish_96h_lc50_p29_r20,14938-35-3,4-Pentylphenol,14938-35-3,DTXSID9044164,CCCCCC1=CC=C(O)C=C1,ZNPSUQQXTRRSBM-UHFFFAOYSA-N,fish_96h_lc50,LC50,MOR,MORT,Oryzias latipes,Japanese Medaka,Chordata,Actinopterygii,Beloniformes,Adrianichthyidae,Oryzias,Fish;Standard Test Species,96.0,FW,,,,2000.0,japan_moe_official_summary,dsstox_casrn,unclassified,1.4,mg/L,8.523695874531197e-06,-5.069372054308515,164.248,,True,False,1,1,,,,0.0,,,,official_summary_table,not specified in summary,test material,mortality,True,True,,,,,,,,,,,,,,,,,,,,,,,,,,,,,,,,,,,,,japan_moe_14938-35-3_fish_96h_lc50_p29_r20,Japan_MOE_official_summary,official_summary_source,MOE:29:20:fish_96h_lc50,1.4,False,,,official_summary_source,official_summary_not_individual_report_reviewed,https://www.env.go.jp/content/000316616.pdf,29.0,20.0
japan_moe__japan_moe_1502-22-3_algae_72_96h_ec50_p25_r1,1502-22-3,2-(1'-Cyclohexenyl)cyclohexanone,1502-22-3,DTXSID30870879,O=C1CCCCC1C1=CCCCC1,GVNVAWHJIKLAGL-UHFFFAOYSA-N,algae_72_96h_ec50,EC50,GRO,GGRO,Pseudokirchneriella subcapitata,Green Alga,Chlorophyta,Chlorophyceae,Sphaeropleales,Selenastraceae,Pseudokirchneriella,Algae;Standard Test Species,72.0,FW,,,,2007.0,japan_moe_official_summary,dsstox_casrn,unclassified,19.0,mg/L,0.0001065769176833,-3.9723368441670512,178.27499999999995,,True,False,1,1,,,,0.0,,,,official_summary_table,not specified in summary,test material,growth rate,True,True,,,,,,,,,,,,,,,,,,,,,,,,,,,,,,,,,,,,,japan_moe_1502-22-3_algae_72_96h_ec50_p25_r1,Japan_MOE_official_summary,official_summary_source,MOE:25:1:algae_72_96h_ec50,19.0,False,,,official_summary_source,official_summary_not_individual_report_reviewed,https://www.env.go.jp/content/000316616.pdf,25.0,1.0
japan_moe__japan_moe_1502-22-3_daphnia_48h_ec50_p25_r1,1502-22-3,2-(1'-Cyclohexenyl)cyclohexanone,1502-22-3,DTXSID30870879,O=C1CCCCC1C1=CCCCC1,GVNVAWHJIKLAGL-UHFFFAOYSA-N,daphnia_48h_ec50,EC50,ITX,IMBL,Daphnia magna,Water Flea,Arthropoda,Branchiopoda,Diplostraca,Daphniidae,Daphnia,Crustaceans;Standard Test Species,48.0,FW,,,,2007.0,japan_moe_official_summary,dsstox_casrn,unclassified,20.0,mg/L,0.0001121862291403,-3.950060449455899,178.27499999999995,,True,False,1,1,,,,0.0,,,,official_summary_table,not specified in summary,test material,immobilisation (Japanese table header: acute swimming inhibition),True,True,,,,,,,,,,,,,,,,,,,,,,,,,,,,,,,,,,,,,japan_moe_1502-22-3_daphnia_48h_ec50_p25_r1,Japan_MOE_official_summary,official_summary_source,MOE:25:1:daphnia_48h_ec50,20.0,False,,,official_summary_source,official_summary_not_individual_report_reviewed,https://www.env.go.jp/content/000316616.pdf,25.0,1.0
japan_moe__japan_moe_1502-22-3_fish_96h_lc50_p25_r1,1502-22-3,2-(1'-Cyclohexenyl)cyclohexanone,1502-22-3,DTXSID30870879,O=C1CCCCC1C1=CCCCC1,GVNVAWHJIKLAGL-UHFFFAOYSA-N,fish_96h_lc50,LC50,MOR,MORT,Oryzias latipes,Japanese Medaka,Chordata,Actinopterygii,Beloniformes,Adrianichthyidae,Oryzias,Fish;Standard Test Species,96.0,FW,,,,2007.0,japan_moe_official_summary,dsstox_casrn,unclassified,29.0,mg/L,0.0001626700322535,-3.788692447220924,178.27499999999995,,True,False,1,1,,,,0.0,,,,official_summary_table,not specified in summary,test material,mortality,True,True,,,,,,,,,,,,,,,,,,,,,,,,,,,,,,,,,,,,,japan_moe_1502-22-3_fish_96h_lc50_p25_r1,Japan_MOE_official_summary,official_summary_source,MOE:25:1:fish_96h_lc50,29.0,False,,,official_summary_source,official_summary_not_individual_report_reviewed,https://www.env.go.jp/content/000316616.pdf,25.0,1.0
japan_moe__japan_moe_15045-43-9_algae_72_96h_ec50_p29_r21,15045-43-9,"2,2,5,5-Tetramethyltetrahydrofuran",15045-43-9,DTXSID1022263,CC1(C)CCC(C)(C)O1,BBLDTXFLAHKYFJ-UHFFFAOYSA-N,algae_72_96h_ec50,EC50,GRO,GGRO,Pseudokirchneriella subcapitata,Green Alga,Chlorophyta,Chlorophyceae,Sphaeropleales,Selenastraceae,Pseudokirchneriella,Algae;Standard Test Species,72.0,FW,,,,2009.0,japan_moe_official_summary,dsstox_casrn,unclassified,590.0,mg/L,0.0046016456732831,-2.3370868250550823,128.215,,True,False,1,1,,,,0.0,,,,official_summary_table,not specified in summary,test material,growth rate,True,True,,,,,,,,,,,,,,,,,,,,,,,,,,,,,,,,,,,,,japan_moe_15045-43-9_algae_72_96h_ec50_p29_r21,Japan_MOE_official_summary,official_summary_source,MOE:29:21:algae_72_96h_ec50,590.0,False,,,official_summary_source,official_summary_not_individual_report_reviewed,https://www.env.go.jp/content/000316616.pdf,29.0,21.0
japan_moe__japan_moe_15045-43-9_daphnia_48h_ec50_p29_r21,15045-43-9,"2,2,5,5-Tetramethyltetrahydrofuran",15045-43-9,DTXSID1022263,CC1(C)CCC(C)(C)O1,BBLDTXFLAHKYFJ-UHFFFAOYSA-N,daphnia_48h_ec50,EC50,ITX,IMBL,Daphnia magna,Water Flea,Arthropoda,Branchiopoda,Diplostraca,Daphniidae,Daphnia,Crustaceans;Standard Test Species,48.0,FW,,,,2009.0,japan_moe_official_summary,dsstox_casrn,unclassified,200.0,mg/L,0.0015598798892485,-2.806908841033245,128.215,,True,False,1,1,,,,0.0,,,,official_summary_table,not specified in summary,test material,immobilisation (Japanese table header: acute swimming inhibition),True,True,,,,,,,,,,,,,,,,,,,,,,,,,,,,,,,,,,,,,japan_moe_15045-43-9_daphnia_48h_ec50_p29_r21,Japan_MOE_official_summary,official_summary_source,MOE:29:21:daphnia_48h_ec50,200.0,False,,,official_summary_source,official_summary_not_individual_report_reviewed,https://www.env.go.jp/content/000316616.pdf,29.0,21.0
japan_moe__japan_moe_1540-36-9_fish_96h_lc50_p25_r2,1540-36-9,"2,4-Pentanedione, 3-butyl-",1540-36-9,DTXSID50165512,CCCCC(C(C)=O)C(C)=O,MBXOOYPCIDHXGH-UHFFFAOYSA-N,fish_96h_lc50,LC50,MOR,MORT,Oryzias latipes,Japanese Medaka,Chordata,Actinopterygii,Beloniformes,Adrianichthyidae,Oryzias,Fish;Standard Test Species,96.0,FW,,,,2007.0,japan_moe_official_summary,dsstox_casrn,unclassified,210.0,mg/L,0.0013442150744119,-2.8715312386055265,156.22499999999997,,True,False,1,1,,,,0.0,,,,official_summary_table,not specified in summary,test material,mortality,True,True,,,,,,,,,,,,,,,,,,,,,,,,,,,,,,,,,,,,,japan_moe_1540-36-9_fish_96h_lc50_p25_r2,Japan_MOE_official_summary,official_summary_source,MOE:25:2:fish_96h_lc50,210.0,False,,,official_summary_source,official_summary_not_individual_report_reviewed,https://www.env.go.jp/content/000316616.pdf,25.0,2.0
japan_moe__japan_moe_156-59-2_daphnia_48h_ec50_p19_r10,156-59-2,"cis-1,2-Dichloroethene <cis-1,2- Dichloroethylene>",156-59-2,DTXSID2024030,Cl\C=C/Cl,KFUSEUYYWQURPO-UPHRSURJSA-N,daphnia_48h_ec50,EC50,ITX,IMBL,Daphnia magna,Water Flea,Arthropoda,Branchiopoda,Diplostraca,Daphniidae,Daphnia,Crustaceans;Standard Test Species,48.0,FW,,,,2003.0,japan_moe_official_summary,dsstox_casrn,unclassified,40.0,mg/L,0.0004126093414754,-3.384460943824492,96.94400000000002,,True,False,1,1,,,,0.0,,,,official_summary_table,not specified in summary,test material,immobilisation (Japanese table header: acute swimming inhibition),True,True,,,,,,,,,,,,,,,,,,,,,,,,,,,,,,,,,,,,,japan_moe_156-59-2_daphnia_48h_ec50_p19_r10,Japan_MOE_official_summary,official_summary_source,MOE:19:10:daphnia_48h_ec50,40.0,False,,,official_summary_source,official_summary_not_individual_report_reviewed,https://www.env.go.jp/content/000316616.pdf,19.0,10.0
japan_moe__japan_moe_156-59-2_fish_96h_lc50_p19_r10,156-59-2,"cis-1,2-Dichloroethene <cis-1,2- Dichloroethylene>",156-59-2,DTXSID2024030,Cl\C=C/Cl,KFUSEUYYWQURPO-UPHRSURJSA-N,fish_96h_lc50,LC50,MOR,MORT,Oryzias latipes,Japanese Medaka,Chordata,Actinopterygii,Beloniformes,Adrianichthyidae,Oryzias,Fish;Standard Test Species,96.0,FW,,,,2003.0,japan_moe_official_summary,dsstox_casrn,unclassified,67.0,mg/L,0.0006911206469714,-3.160446132451628,96.94400000000002,,True,False,1,1,,,,0.0,,,,official_summary_table,not specified in summary,test material,mortality,True,True,,,,,,,,,,,,,,,,,,,,,,,,,,,,,,,,,,,,,japan_moe_156-59-2_fish_96h_lc50_p19_r10,Japan_MOE_official_summary,official_summary_source,MOE:19:10:fish_96h_lc50,67.0,False,,,official_summary_source,official_summary_not_individual_report_reviewed,https://www.env.go.jp/content/000316616.pdf,19.0,10.0
japan_moe__japan_moe_16219-75-3_algae_72_96h_ec50_p30_r1,16219-75-3,"5-Ethylidene-8,9,10-trinorborn-2-ene",16219-75-3,DTXSID1025306,CC=C1CC2CC1C=C2,OJOWICOBYCXEKR-UHFFFAOYSA-N,algae_72_96h_ec50,EC50,GRO,GGRO,Pseudokirchneriella subcapitata,Green Alga,Chlorophyta,Chlorophyceae,Sphaeropleales,Selenastraceae,Pseudokirchneriella,Algae;Standard Test Species,72.0,FW,,,,1998.0,japan_moe_official_summary,dsstox_casrn,unclassified,4.9,mg/L,4.0767086817255314e-05,-4.389690321768203,120.19499999999996,,True,False,1,1,,,,0.0,,,,official_summary_table,not specified in summary,test material,growth rate,True,True,,,,,,,,,,,,,,,,,,,,,,,,,,,,,,,,,,,,,japan_moe_16219-75-3_algae_72_96h_ec50_p30_r1,Japan_MOE_official_summary,official_summary_source,MOE:30:1:algae_72_96h_ec50,4.9,False,,,official_summary_source,official_summary_not_individual_report_reviewed,https://www.env.go.jp/content/000316616.pdf,30.0,1.0
japan_moe__japan_moe_16219-75-3_daphnia_48h_ec50_p30_r1,16219-75-3,"5-Ethylidene-8,9,10-trinorborn-2-ene",16219-75-3,DTXSID1025306,CC=C1CC2CC1C=C2,OJOWICOBYCXEKR-UHFFFAOYSA-N,daphnia_48h_ec50,EC50,ITX,IMBL,Daphnia magna,Water Flea,Arthropoda,Branchiopoda,Diplostraca,Daphniidae,Daphnia,Crustaceans;Standard Test Species,48.0,FW,,,,1998.0,japan_moe_official_summary,dsstox_casrn,unclassified,3.3,mg/L,2.7455384999376025e-05,-4.561372461918829,120.19499999999996,,True,False,1,1,,,,0.0,,,,official_summary_table,not specified in summary,test material,immobilisation (Japanese table header: acute swimming inhibition),True,True,,,,,,,,,,,,,,,,,,,,,,,,,,,,,,,,,,,,,japan_moe_16219-75-3_daphnia_48h_ec50_p30_r1,Japan_MOE_official_summary,official_summary_source,MOE:30:1:daphnia_48h_ec50,3.3,False,,,official_summary_source,official_summary_not_individual_report_reviewed,https://www.env.go.jp/content/000316616.pdf,30.0,1.0
japan_moe__japan_moe_16219-75-3_fish_96h_lc50_p30_r1,16219-75-3,"5-Ethylidene-8,9,10-trinorborn-2-ene",16219-75-3,DTXSID1025306,CC=C1CC2CC1C=C2,OJOWICOBYCXEKR-UHFFFAOYSA-N,fish_96h_lc50,LC50,MOR,MORT,Oryzias latipes,Japanese Medaka,Chordata,Actinopterygii,Beloniformes,Adrianichthyidae,Oryzias,Fish;Standard Test Species,96.0,FW,,,,1998.0,japan_moe_official_summary,dsstox_casrn,unclassified,7.0,mg/L,5.8238695453221866e-05,-4.23478836178246,120.19499999999996,,True,False,1,1,,,,0.0,,,,official_summary_table,not specified in summary,test material,mortality,True,True,,,,,,,,,,,,,,,,,,,,,,,,,,,,,,,,,,,,,japan_moe_16219-75-3_fish_96h_lc50_p30_r1,Japan_MOE_official_summary,official_summary_source,MOE:30:1:fish_96h_lc50,7.0,False,,,official_summary_source,official_summary_not_individual_report_reviewed,https://www.env.go.jp/content/000316616.pdf,30.0,1.0
japan_moe__japan_moe_16245-79-7_daphnia_48h_ec50_p30_r2,16245-79-7,4-Octylbenzenamine,16245-79-7,DTXSID6022266,CCCCCCCCC1=CC=C(N)C=C1,ORKQJTBYQZITLA-UHFFFAOYSA-N,daphnia_48h_ec50,EC50,ITX,IMBL,Daphnia magna,Water Flea,Arthropoda,Branchiopoda,Diplostraca,Daphniidae,Daphnia,Crustaceans;Standard Test Species,48.0,FW,,,,2007.0,japan_moe_official_summary,dsstox_casrn,unclassified,0.03,mg/L,1.4609559521780417e-07,-6.835362877846945,205.34500000000003,,True,False,1,1,,,,0.0,,,,official_summary_table,not specified in summary,test material,immobilisation (Japanese table header: acute swimming inhibition),True,True,,,,,,,,,,,,,,,,,,,,,,,,,,,,,,,,,,,,,japan_moe_16245-79-7_daphnia_48h_ec50_p30_r2,Japan_MOE_official_summary,official_summary_source,MOE:30:2:daphnia_48h_ec50,0.03,False,,,official_summary_source,official_summary_not_individual_report_reviewed,https://www.env.go.jp/content/000316616.pdf,30.0,2.0
japan_moe__japan_moe_1643-20-5_algae_72_96h_ec50_p25_r5,1643-20-5,Dodecyldimethylamine oxide,1643-20-5,DTXSID1020514,CCCCCCCCCCCC[N+](C)(C)[O-],SYELZBGXAIXKHU-UHFFFAOYSA-N,algae_72_96h_ec50,EC50,GRO,GGRO,Pseudokirchneriella subcapitata,Green Alga,Chlorophyta,Chlorophyceae,Sphaeropleales,Selenastraceae,Pseudokirchneriella,Algae;Standard Test Species,72.0,FW,,,,1998.0,japan_moe_official_summary,dsstox_casrn,unclassified,0.11,mg/L,4.794950481238667e-07,-6.319215873547717,229.408,,True,False,1,1,,,,0.0,,,,official_summary_table,not specified in summary,test material,growth rate,True,True,,,,,,,,,,,,,,,,,,,,,,,,,,,,,,,,,,,,,japan_moe_1643-20-5_algae_72_96h_ec50_p25_r5,Japan_MOE_official_summary,official_summary_source,MOE:25:5:algae_72_96h_ec50,0.11,False,,,official_summary_source,official_summary_not_individual_report_reviewed,https://www.env.go.jp/content/000316616.pdf,25.0,5.0
japan_moe__japan_moe_1643-20-5_daphnia_48h_ec50_p25_r5,1643-20-5,Dodecyldimethylamine oxide,1643-20-5,DTXSID1020514,CCCCCCCCCCCC[N+](C)(C)[O-],SYELZBGXAIXKHU-UHFFFAOYSA-N,daphnia_48h_ec50,EC50,ITX,IMBL,Daphnia magna,Water Flea,Arthropoda,Branchiopoda,Diplostraca,Daphniidae,Daphnia,Crustaceans;Standard Test Species,48.0,FW,,,,1998.0,japan_moe_official_summary,dsstox_casrn,unclassified,2.2,mg/L,9.589900962477334e-06,-5.018185877883735,229.408,,True,False,1,1,,,,0.0,,,,official_summary_table,not specified in summary,test material,immobilisation (Japanese table header: acute swimming inhibition),True,True,,,,,,,,,,,,,,,,,,,,,,,,,,,,,,,,,,,,,japan_moe_1643-20-5_daphnia_48h_ec50_p25_r5,Japan_MOE_official_summary,official_summary_source,MOE:25:5:daphnia_48h_ec50,2.2,False,,,official_summary_source,official_summary_not_individual_report_reviewed,https://www.env.go.jp/content/000316616.pdf,25.0,5.0
japan_moe__japan_moe_1643-20-5_fish_96h_lc50_p25_r5,1643-20-5,Dodecyldimethylamine oxide,1643-20-5,DTXSID1020514,CCCCCCCCCCCC[N+](C)(C)[O-],SYELZBGXAIXKHU-UHFFFAOYSA-N,fish_96h_lc50,LC50,MOR,MORT,Oryzias latipes,Japanese Medaka,Chordata,Actinopterygii,Beloniformes,Adrianichthyidae,Oryzias,Fish;Standard Test Species,96.0,FW,,,,1998.0,japan_moe_official_summary,dsstox_casrn,unclassified,30.0,mg/L,0.000130771376761,-3.88348730398628,229.408,,True,False,1,1,,,,0.0,,,,official_summary_table,not specified in summary,test material,mortality,True,True,,,,,,,,,,,,,,,,,,,,,,,,,,,,,,,,,,,,,japan_moe_1643-20-5_fish_96h_lc50_p25_r5,Japan_MOE_official_summary,official_summary_source,MOE:25:5:fish_96h_lc50,30.0,False,,,official_summary_source,official_summary_not_individual_report_reviewed,https://www.env.go.jp/content/000316616.pdf,25.0,5.0
japan_moe__japan_moe_16669-59-3_fish_96h_lc50_p30_r3,16669-59-3,N-(Isobutoxymethyl)acrylamide,16669-59-3,DTXSID2044848,CC(C)COCNC(=O)C=C,KCTMTGOHHMRJHZ-UHFFFAOYSA-N,fish_96h_lc50,LC50,MOR,MORT,Oryzias latipes,Japanese Medaka,Chordata,Actinopterygii,Beloniformes,Adrianichthyidae,Oryzias,Fish;Standard Test Species,96.0,FW,,,,2006.0,japan_moe_official_summary,dsstox_casrn,unclassified,60.0,mg/L,0.0003816478281058,-3.418337204772866,157.213,,True,False,1,1,,,,0.0,,,,official_summary_table,not specified in summary,test material,mortality,True,True,,,,,,,,,,,,,,,,,,,,,,,,,,,,,,,,,,,,,japan_moe_16669-59-3_fish_96h_lc50_p30_r3,Japan_MOE_official_summary,official_summary_source,MOE:30:3:fish_96h_lc50,60.0,False,,,official_summary_source,official_summary_not_individual_report_reviewed,https://www.env.go.jp/content/000316616.pdf,30.0,3.0
japan_moe__japan_moe_16691-43-3_daphnia_48h_ec50_p30_r4,16691-43-3,"3-Amino-5-mercapto-1H-1,2,4-triazole",16691-43-3,DTXSID7044849,NC1=NC(=S)NN1,WZUUZPAYWFIBDF-UHFFFAOYSA-N,daphnia_48h_ec50,EC50,ITX,IMBL,Daphnia magna,Water Flea,Arthropoda,Branchiopoda,Diplostraca,Daphniidae,Daphnia,Crustaceans;Standard Test Species,48.0,FW,,,,2007.0,japan_moe_official_summary,dsstox_casrn,unclassified,0.53,mg/L,4.563104288457068e-06,-5.340739605436442,116.149,,True,False,1,1,,,,0.0,,,,official_summary_table,not specified in summary,test material,immobilisation (Japanese table header: acute swimming inhibition),True,True,,,,,,,,,,,,,,,,,,,,,,,,,,,,,,,,,,,,,japan_moe_16691-43-3_daphnia_48h_ec50_p30_r4,Japan_MOE_official_summary,official_summary_source,MOE:30:4:daphnia_48h_ec50,0.53,False,,,official_summary_source,official_summary_not_individual_report_reviewed,https://www.env.go.jp/content/000316616.pdf,30.0,4.0
japan_moe__japan_moe_1678-91-7_algae_72_96h_ec50_p25_r7,1678-91-7,Ethylcyclohexane,1678-91-7,DTXSID1051779,CCC1CCCCC1,IIEWJVIFRVWJOD-UHFFFAOYSA-N,algae_72_96h_ec50,EC50,GRO,GGRO,Pseudokirchneriella subcapitata,Green Alga,Chlorophyta,Chlorophyceae,Sphaeropleales,Selenastraceae,Pseudokirchneriella,Algae;Standard Test Species,72.0,FW,,,,2004.0,japan_moe_official_summary,dsstox_casrn,unclassified,0.63,mg/L,5.614172666999359e-06,-5.250714234528109,112.216,,True,False,1,1,,,,0.0,,,,official_summary_table,not specified in summary,test material,growth rate,True,True,,,,,,,,,,,,,,,,,,,,,,,,,,,,,,,,,,,,,japan_moe_1678-91-7_algae_72_96h_ec50_p25_r7,Japan_MOE_official_summary,official_summary_source,MOE:25:7:algae_72_96h_ec50,0.63,False,,,official_summary_source,official_summary_not_individual_report_reviewed,https://www.env.go.jp/content/000316616.pdf,25.0,7.0
japan_moe__japan_moe_1678-91-7_daphnia_48h_ec50_p25_r7,1678-91-7,Ethylcyclohexane,1678-91-7,DTXSID1051779,CCC1CCCCC1,IIEWJVIFRVWJOD-UHFFFAOYSA-N,daphnia_48h_ec50,EC50,ITX,IMBL,Daphnia magna,Water Flea,Arthropoda,Branchiopoda,Diplostraca,Daphniidae,Daphnia,Crustaceans;Standard Test Species,48.0,FW,,,,2004.0,japan_moe_official_summary,dsstox_casrn,unclassified,0.67,mg/L,5.97062807442789e-06,-5.2239799812808645,112.216,,True,False,1,1,,,,0.0,,,,official_summary_table,not specified in summary,test material,immobilisation (Japanese table header: acute swimming inhibition),True,True,,,,,,,,,,,,,,,,,,,,,,,,,,,,,,,,,,,,,japan_moe_1678-91-7_daphnia_48h_ec50_p25_r7,Japan_MOE_official_summary,official_summary_source,MOE:25:7:daphnia_48h_ec50,0.67,False,,,official_summary_source,official_summary_not_individual_report_reviewed,https://www.env.go.jp/content/000316616.pdf,25.0,7.0
japan_moe__japan_moe_1678-91-7_fish_96h_lc50_p25_r7,1678-91-7,Ethylcyclohexane,1678-91-7,DTXSID1051779,CCC1CCCCC1,IIEWJVIFRVWJOD-UHFFFAOYSA-N,fish_96h_lc50,LC50,MOR,MORT,Oryzias latipes,Japanese Medaka,Chordata,Actinopterygii,Beloniformes,Adrianichthyidae,Oryzias,Fish;Standard Test Species,96.0,FW,,,,2004.0,japan_moe_official_summary,dsstox_casrn,unclassified,0.75,mg/L,6.683538889284951e-06,-5.174993520589991,112.216,,True,False,1,1,,,,0.0,,,,official_summary_table,not specified in summary,test material,mortality,True,True,,,,,,,,,,,,,,,,,,,,,,,,,,,,,,,,,,,,,japan_moe_1678-91-7_fish_96h_lc50_p25_r7,Japan_MOE_official_summary,official_summary_source,MOE:25:7:fish_96h_lc50,0.75,False,,,official_summary_source,official_summary_not_individual_report_reviewed,https://www.env.go.jp/content/000316616.pdf,25.0,7.0
japan_moe__japan_moe_1855-63-6_algae_72_96h_ec50_p25_r11,1855-63-6,1-Cyclohexene-1-carbonitrile,1855-63-6,DTXSID101015401,N#CC1=CCCCC1,GTMWGXABXQTZRJ-UHFFFAOYSA-N,algae_72_96h_ec50,EC50,GRO,GGRO,Pseudokirchneriella subcapitata,Green Alga,Chlorophyta,Chlorophyceae,Sphaeropleales,Selenastraceae,Pseudokirchneriella,Algae;Standard Test Species,72.0,FW,,,,2010.0,japan_moe_official_summary,dsstox_casrn,unclassified,41.0,mg/L,0.0003826197319795,-3.417232636846983,107.156,,True,False,1,1,,,,0.0,,,,official_summary_table,not specified in summary,test material,growth rate,True,True,,,,,,,,,,,,,,,,,,,,,,,,,,,,,,,,,,,,,japan_moe_1855-63-6_algae_72_96h_ec50_p25_r11,Japan_MOE_official_summary,official_summary_source,MOE:25:11:algae_72_96h_ec50,41.0,False,,,official_summary_source,official_summary_not_individual_report_reviewed,https://www.env.go.jp/content/000316616.pdf,25.0,11.0
japan_moe__japan_moe_1855-63-6_daphnia_48h_ec50_p25_r11,1855-63-6,1-Cyclohexene-1-carbonitrile,1855-63-6,DTXSID101015401,N#CC1=CCCCC1,GTMWGXABXQTZRJ-UHFFFAOYSA-N,daphnia_48h_ec50,EC50,ITX,IMBL,Daphnia magna,Water Flea,Arthropoda,Branchiopoda,Diplostraca,Daphniidae,Daphnia,Crustaceans;Standard Test Species,48.0,FW,,,,2010.0,japan_moe_official_summary,dsstox_casrn,unclassified,48.0,mg/L,0.0004479450520736,-3.3487752561911317,107.156,,True,False,1,1,,,,0.0,,,,official_summary_table,not specified in summary,test material,immobilisation (Japanese table header: acute swimming inhibition),True,True,,,,,,,,,,,,,,,,,,,,,,,,,,,,,,,,,,,,,japan_moe_1855-63-6_daphnia_48h_ec50_p25_r11,Japan_MOE_official_summary,official_summary_source,MOE:25:11:daphnia_48h_ec50,48.0,False,,,official_summary_source,official_summary_not_individual_report_reviewed,https://www.env.go.jp/content/000316616.pdf,25.0,11.0
japan_moe__japan_moe_1855-63-6_fish_96h_lc50_p25_r10,1855-63-6,1-Cyclohexene-1-carbonitrile,1855-63-6,DTXSID101015401,N#CC1=CCCCC1,GTMWGXABXQTZRJ-UHFFFAOYSA-N,fish_96h_lc50,LC50,MOR,MORT,Oryzias latipes,Japanese Medaka,Chordata,Actinopterygii,Beloniformes,Adrianichthyidae,Oryzias,Fish;Standard Test Species,96.0,FW,,,,2006.0,japan_moe_official_summary,dsstox_casrn,unclassified,41.0,mg/L,0.0003826197319795,-3.417232636846983,107.156,,True,False,1,1,,,,0.0,,,,official_summary_table,not specified in summary,test material,mortality,True,True,,,,,,,,,,,,,,,,,,,,,,,,,,,,,,,,,,,,,japan_moe_1855-63-6_fish_96h_lc50_p25_r10,Japan_MOE_official_summary,official_summary_source,MOE:25:10:fish_96h_lc50,41.0,False,,,official_summary_source,official_summary_not_individual_report_reviewed,https://www.env.go.jp/content/000316616.pdf,25.0,10.0
japan_moe__japan_moe_1879-09-0_algae_72_96h_ec50_p25_r12,1879-09-0,"2-(1,1-Dimethylethyl)-4,6- dimethylphenol",1879-09-0,DTXSID6041551,CC1=CC(C)=C(O)C(=C1)C(C)(C)C,OPLCSTZDXXUYDU-UHFFFAOYSA-N,algae_72_96h_ec50,EC50,GRO,GGRO,Pseudokirchneriella subcapitata,Green Alga,Chlorophyta,Chlorophyceae,Sphaeropleales,Selenastraceae,Pseudokirchneriella,Algae;Standard Test Species,72.0,FW,,,,2006.0,japan_moe_official_summary,dsstox_casrn,unclassified,7.1,mg/L,3.982611134483242e-05,-4.399832096400805,178.27499999999998,,True,False,1,1,,,,0.0,,,,official_summary_table,not specified in summary,test material,growth rate,True,True,,,,,,,,,,,,,,,,,,,,,,,,,,,,,,,,,,,,,japan_moe_1879-09-0_algae_72_96h_ec50_p25_r12,Japan_MOE_official_summary,official_summary_source,MOE:25:12:algae_72_96h_ec50,7.1,False,,,official_summary_source,official_summary_not_individual_report_reviewed,https://www.env.go.jp/content/000316616.pdf,25.0,12.0
japan_moe__japan_moe_1879-09-0_daphnia_48h_ec50_p25_r12,1879-09-0,"2-(1,1-Dimethylethyl)-4,6- dimethylphenol",1879-09-0,DTXSID6041551,CC1=CC(C)=C(O)C(=C1)C(C)(C)C,OPLCSTZDXXUYDU-UHFFFAOYSA-N,daphnia_48h_ec50,EC50,ITX,IMBL,Daphnia magna,Water Flea,Arthropoda,Branchiopoda,Diplostraca,Daphniidae,Daphnia,Crustaceans;Standard Test Species,48.0,FW,,,,2006.0,japan_moe_official_summary,dsstox_casrn,unclassified,2.9,mg/L,1.6267003225354088e-05,-4.7886924472209245,178.27499999999998,,True,False,1,1,,,,0.0,,,,official_summary_table,not specified in summary,test material,immobilisation (Japanese table header: acute swimming inhibition),True,True,,,,,,,,,,,,,,,,,,,,,,,,,,,,,,,,,,,,,japan_moe_1879-09-0_daphnia_48h_ec50_p25_r12,Japan_MOE_official_summary,official_summary_source,MOE:25:12:daphnia_48h_ec50,2.9,False,,,official_summary_source,official_summary_not_individual_report_reviewed,https://www.env.go.jp/content/000316616.pdf,25.0,12.0
japan_moe__japan_moe_1879-09-0_fish_96h_lc50_p25_r12,1879-09-0,"2-(1,1-Dimethylethyl)-4,6- dimethylphenol",1879-09-0,DTXSID6041551,CC1=CC(C)=C(O)C(=C1)C(C)(C)C,OPLCSTZDXXUYDU-UHFFFAOYSA-N,fish_96h_lc50,LC50,MOR,MORT,Oryzias latipes,Japanese Medaka,Chordata,Actinopterygii,Beloniformes,Adrianichthyidae,Oryzias,Fish;Standard Test Species,96.0,FW,,,,2006.0,japan_moe_official_summary,dsstox_casrn,unclassified,2.5,mg/L,1.4023278642546629e-05,-4.853150436447843,178.27499999999998,,True,False,1,1,,,,0.0,,,,official_summary_table,not specified in summary,test material,mortality,True,True,,,,,,,,,,,,,,,,,,,,,,,,,,,,,,,,,,,,,japan_moe_1879-09-0_fish_96h_lc50_p25_r12,Japan_MOE_official_summary,official_summary_source,MOE:25:12:fish_96h_lc50,2.5,False,,,official_summary_source,official_summary_not_individual_report_reviewed,https://www.env.go.jp/content/000316616.pdf,25.0,12.0
japan_moe__japan_moe_18854-01-8_algae_72_96h_ec50_p30_r10,18854-01-8,Isoxathion,18854-01-8,DTXSID0042080,CCOP(=S)(OCC)OC1=NOC(=C1)C1=CC=CC=C1,SDMSCIWHRZJSRN-UHFFFAOYSA-N,algae_72_96h_ec50,EC50,GRO,GGRO,Pseudokirchneriella subcapitata,Green Alga,Chlorophyta,Chlorophyceae,Sphaeropleales,Selenastraceae,Pseudokirchneriella,Algae;Standard Test Species,72.0,FW,,,,2003.0,japan_moe_official_summary,dsstox_casrn,unclassified,0.87,mg/L,2.776758214576385e-06,-5.556461934670641,313.315,,True,False,1,1,,,,0.0,,,,official_summary_table,not specified in summary,test material,growth rate,True,True,,,,,,,,,,,,,,,,,,,,,,,,,,,,,,,,,,,,,japan_moe_18854-01-8_algae_72_96h_ec50_p30_r10,Japan_MOE_official_summary,official_summary_source,MOE:30:10:algae_72_96h_ec50,0.87,False,,,official_summary_source,official_summary_not_individual_report_reviewed,https://www.env.go.jp/content/000316616.pdf,30.0,10.0
japan_moe__japan_moe_18854-01-8_daphnia_48h_ec50_p30_r10,18854-01-8,Isoxathion,18854-01-8,DTXSID0042080,CCOP(=S)(OCC)OC1=NOC(=C1)C1=CC=CC=C1,SDMSCIWHRZJSRN-UHFFFAOYSA-N,daphnia_48h_ec50,EC50,ITX,IMBL,Daphnia magna,Water Flea,Arthropoda,Branchiopoda,Diplostraca,Daphniidae,Daphnia,Crustaceans;Standard Test Species,48.0,FW,,,,2003.0,japan_moe_official_summary,dsstox_casrn,unclassified,0.00019,mg/L,6.064184606546128e-10,-9.217227586336431,313.315,,True,False,1,1,,,,0.0,,,,official_summary_table,not specified in summary,test material,immobilisation (Japanese table header: acute swimming inhibition),True,True,,,,,,,,,,,,,,,,,,,,,,,,,,,,,,,,,,,,,japan_moe_18854-01-8_daphnia_48h_ec50_p30_r10,Japan_MOE_official_summary,official_summary_source,MOE:30:10:daphnia_48h_ec50,0.00019,False,,,official_summary_source,official_summary_not_individual_report_reviewed,https://www.env.go.jp/content/000316616.pdf,30.0,10.0
japan_moe__japan_moe_193-39-5_algae_72_96h_ec50_p19_r11,193-39-5,"Indeno[1,2,3-cd]pyrene",193-39-5,DTXSID8024153,C1=CC2=C(C=C1)C1=C3C2=CC2=C4C(C=CC(C=C1)=C34)=CC=C2,SXQBHARYMNFBPS-UHFFFAOYSA-N,algae_72_96h_ec50,EC50,GRO,GGRO,Pseudokirchneriella subcapitata,Green Alga,Chlorophyta,Chlorophyceae,Sphaeropleales,Selenastraceae,Pseudokirchneriella,Algae;Standard Test Species,72.0,FW,,,,2002.0,japan_moe_official_summary,dsstox_casrn,unclassified,0.0002,mg/L,7.237513479868855e-10,-9.140410614390282,276.338,,True,False,1,1,,,,0.0,,,,official_summary_table,not specified in summary,test material,growth rate,True,True,,,,,,,,,,,,,,,,,,,,,,,,,,,,,,,,,,,,,japan_moe_193-39-5_algae_72_96h_ec50_p19_r11,Japan_MOE_official_summary,official_summary_source,MOE:19:11:algae_72_96h_ec50,0.0002,False,,,official_summary_source,official_summary_not_individual_report_reviewed,https://www.env.go.jp/content/000316616.pdf,19.0,11.0
japan_moe__japan_moe_193-39-5_daphnia_48h_ec50_p19_r11,193-39-5,"Indeno[1,2,3-cd]pyrene",193-39-5,DTXSID8024153,C1=CC2=C(C=C1)C1=C3C2=CC2=C4C(C=CC(C=C1)=C34)=CC=C2,SXQBHARYMNFBPS-UHFFFAOYSA-N,daphnia_48h_ec50,EC50,ITX,IMBL,Daphnia magna,Water Flea,Arthropoda,Branchiopoda,Diplostraca,Daphniidae,Daphnia,Crustaceans;Standard Test Species,48.0,FW,,,,2002.0,japan_moe_official_summary,dsstox_casrn,unclassified,0.0013,mg/L,4.704383761914755e-09,-8.327497257747426,276.338,,True,False,1,1,,,,0.0,,,,official_summary_table,not specified in summary,test material,immobilisation (Japanese table header: acute swimming inhibition),True,True,,,,,,,,,,,,,,,,,,,,,,,,,,,,,,,,,,,,,japan_moe_193-39-5_daphnia_48h_ec50_p19_r11,Japan_MOE_official_summary,official_summary_source,MOE:19:11:daphnia_48h_ec50,0.0013,False,,,official_summary_source,official_summary_not_individual_report_reviewed,https://www.env.go.jp/content/000316616.pdf,19.0,11.0
japan_moe__japan_moe_19398-61-9_daphnia_48h_ec50_p30_r11,19398-61-9,"2,5-Dichlorotoluene",19398-61-9,DTXSID2066484,CC1=C(Cl)C=CC(Cl)=C1,KFAKZJUYBOYVKA-UHFFFAOYSA-N,daphnia_48h_ec50,EC50,ITX,IMBL,Daphnia magna,Water Flea,Arthropoda,Branchiopoda,Diplostraca,Daphniidae,Daphnia,Crustaceans;Standard Test Species,48.0,FW,,,,2009.0,japan_moe_official_summary,dsstox_casrn,unclassified,1.1,mg/L,6.830982854233036e-06,-5.1655168047429765,161.031,,True,False,1,1,,,,0.0,,,,official_summary_table,not specified in summary,test material,immobilisation (Japanese table header: acute swimming inhibition),True,True,,,,,,,,,,,,,,,,,,,,,,,,,,,,,,,,,,,,,japan_moe_19398-61-9_daphnia_48h_ec50_p30_r11,Japan_MOE_official_summary,official_summary_source,MOE:30:11:daphnia_48h_ec50,1.1,False,,,official_summary_source,official_summary_not_individual_report_reviewed,https://www.env.go.jp/content/000316616.pdf,30.0,11.0
japan_moe__japan_moe_19398-61-9_fish_96h_lc50_p30_r11,19398-61-9,"2,5-Dichlorotoluene",19398-61-9,DTXSID2066484,CC1=C(Cl)C=CC(Cl)=C1,KFAKZJUYBOYVKA-UHFFFAOYSA-N,fish_96h_lc50,LC50,MOR,MORT,Oryzias latipes,Japanese Medaka,Chordata,Actinopterygii,Beloniformes,Adrianichthyidae,Oryzias,Fish;Standard Test Species,96.0,FW,,,,2009.0,japan_moe_official_summary,dsstox_casrn,unclassified,4.0,mg/L,2.483993765175649e-05,-4.604849498573239,161.031,,True,False,1,1,,,,0.0,,,,official_summary_table,not specified in summary,test material,mortality,True,True,,,,,,,,,,,,,,,,,,,,,,,,,,,,,,,,,,,,,japan_moe_19398-61-9_fish_96h_lc50_p30_r11,Japan_MOE_official_summary,official_summary_source,MOE:30:11:fish_96h_lc50,4.0,False,,,official_summary_source,official_summary_not_individual_report_reviewed,https://www.env.go.jp/content/000316616.pdf,30.0,11.0
japan_moe__japan_moe_1953-99-7_daphnia_48h_ec50_p25_r13,1953-99-7,"3,4,5,6-Tetrachlorobenzene-1,2- dicarbonitrile",1953-99-7,DTXSID20173189,ClC1=C(Cl)C(C#N)=C(C#N)C(Cl)=C1Cl,OQHXZZGZASQSOB-UHFFFAOYSA-N,daphnia_48h_ec50,EC50,ITX,IMBL,Daphnia magna,Water Flea,Arthropoda,Branchiopoda,Diplostraca,Daphniidae,Daphnia,Crustaceans;Standard Test Species,48.0,FW,,,,2005.0,japan_moe_official_summary,dsstox_casrn,unclassified,0.3,mg/L,1.1281843001872786e-06,-5.947619948210584,265.914,,True,False,1,1,,,,0.0,,,,official_summary_table,not specified in summary,test material,immobilisation (Japanese table header: acute swimming inhibition),True,True,,,,,,,,,,,,,,,,,,,,,,,,,,,,,,,,,,,,,japan_moe_1953-99-7_daphnia_48h_ec50_p25_r13,Japan_MOE_official_summary,official_summary_source,MOE:25:13:daphnia_48h_ec50,0.3,False,,,official_summary_source,official_summary_not_individual_report_reviewed,https://www.env.go.jp/content/000316616.pdf,25.0,13.0
japan_moe__japan_moe_1953-99-7_fish_96h_lc50_p25_r13,1953-99-7,"3,4,5,6-Tetrachlorobenzene-1,2- dicarbonitrile",1953-99-7,DTXSID20173189,ClC1=C(Cl)C(C#N)=C(C#N)C(Cl)=C1Cl,OQHXZZGZASQSOB-UHFFFAOYSA-N,fish_96h_lc50,LC50,MOR,MORT,Oryzias latipes,Japanese Medaka,Chordata,Actinopterygii,Beloniformes,Adrianichthyidae,Oryzias,Fish;Standard Test Species,96.0,FW,,,,2005.0,japan_moe_official_summary,dsstox_casrn,unclassified,0.12,mg/L,4.512737200749114e-07,-6.345559956882622,265.914,,True,False,1,1,,,,0.0,,,,official_summary_table,not specified in summary,test material,mortality,True,True,,,,,,,,,,,,,,,,,,,,,,,,,,,,,,,,,,,,,japan_moe_1953-99-7_fish_96h_lc50_p25_r13,Japan_MOE_official_summary,official_summary_source,MOE:25:13:fish_96h_lc50,0.12,False,,,official_summary_source,official_summary_not_individual_report_reviewed,https://www.env.go.jp/content/000316616.pdf,25.0,13.0
japan_moe__japan_moe_19715-19-6_algae_72_96h_ec50_p30_r12,19715-19-6,"3,5-Di-tert-butylsalicylic acid",19715-19-6,DTXSID2066519,CC(C)(C)C1=CC(C(O)=O)=C(O)C(=C1)C(C)(C)C,ZWQBZEFLFSFEOS-UHFFFAOYSA-N,algae_72_96h_ec50,EC50,GRO,GGRO,Pseudokirchneriella subcapitata,Green Alga,Chlorophyta,Chlorophyceae,Sphaeropleales,Selenastraceae,Pseudokirchneriella,Algae;Standard Test Species,72.0,FW,,,,2006.0,japan_moe_official_summary,dsstox_casrn,unclassified,6.8,mg/L,2.7163275251859487e-05,-4.566017865538423,250.338,,True,False,1,1,,,,0.0,,,,official_summary_table,not specified in summary,test material,growth rate,True,True,,,,,,,,,,,,,,,,,,,,,,,,,,,,,,,,,,,,,japan_moe_19715-19-6_algae_72_96h_ec50_p30_r12,Japan_MOE_official_summary,official_summary_source,MOE:30:12:algae_72_96h_ec50,6.8,False,,,official_summary_source,official_summary_not_individual_report_reviewed,https://www.env.go.jp/content/000316616.pdf,30.0,12.0
japan_moe__japan_moe_19715-19-6_daphnia_48h_ec50_p30_r12,19715-19-6,"3,5-Di-tert-butylsalicylic acid",19715-19-6,DTXSID2066519,CC(C)(C)C1=CC(C(O)=O)=C(O)C(=C1)C(C)(C)C,ZWQBZEFLFSFEOS-UHFFFAOYSA-N,daphnia_48h_ec50,EC50,ITX,IMBL,Daphnia magna,Water Flea,Arthropoda,Branchiopoda,Diplostraca,Daphniidae,Daphnia,Crustaceans;Standard Test Species,48.0,FW,,,,2006.0,japan_moe_official_summary,dsstox_casrn,unclassified,3.2,mg/L,1.2782717765580936e-05,-4.893376799924753,250.338,,True,False,1,1,,,,0.0,,,,official_summary_table,not specified in summary,test material,immobilisation (Japanese table header: acute swimming inhibition),True,True,,,,,,,,,,,,,,,,,,,,,,,,,,,,,,,,,,,,,japan_moe_19715-19-6_daphnia_48h_ec50_p30_r12,Japan_MOE_official_summary,official_summary_source,MOE:30:12:daphnia_48h_ec50,3.2,False,,,official_summary_source,official_summary_not_individual_report_reviewed,https://www.env.go.jp/content/000316616.pdf,30.0,12.0
japan_moe__japan_moe_19715-19-6_fish_96h_lc50_p30_r12,19715-19-6,"3,5-Di-tert-butylsalicylic acid",19715-19-6,DTXSID2066519,CC(C)(C)C1=CC(C(O)=O)=C(O)C(=C1)C(C)(C)C,ZWQBZEFLFSFEOS-UHFFFAOYSA-N,fish_96h_lc50,LC50,MOR,MORT,Oryzias latipes,Japanese Medaka,Chordata,Actinopterygii,Beloniformes,Adrianichthyidae,Oryzias,Fish;Standard Test Species,96.0,FW,,,,2006.0,japan_moe_official_summary,dsstox_casrn,unclassified,2.7,mg/L,1.0785418114708914e-05,-4.967163014085672,250.338,,True,False,1,1,,,,0.0,,,,official_summary_table,not specified in summary,test material,mortality,True,True,,,,,,,,,,,,,,,,,,,,,,,,,,,,,,,,,,,,,japan_moe_19715-19-6_fish_96h_lc50_p30_r12,Japan_MOE_official_summary,official_summary_source,MOE:30:12:fish_96h_lc50,2.7,False,,,official_summary_source,official_summary_not_individual_report_reviewed,https://www.env.go.jp/content/000316616.pdf,30.0,12.0
japan_moe__japan_moe_20103-09-7_daphnia_48h_ec50_p30_r14,20103-09-7,"2,5-Dichloro-1,4-benzenediamine",20103-09-7,DTXSID8066557,NC1=CC(Cl)=C(N)C=C1Cl,QAYVHDDEMLNVMO-UHFFFAOYSA-N,daphnia_48h_ec50,EC50,ITX,IMBL,Daphnia magna,Water Flea,Arthropoda,Branchiopoda,Diplostraca,Daphniidae,Daphnia,Crustaceans;Standard Test Species,48.0,FW,,,,2007.0,japan_moe_official_summary,dsstox_casrn,unclassified,0.85,mg/L,4.801337596167967e-06,-5.318637756434868,177.03400000000002,,True,False,1,1,,,,0.0,,,,official_summary_table,not specified in summary,test material,immobilisation (Japanese table header: acute swimming inhibition),True,True,,,,,,,,,,,,,,,,,,,,,,,,,,,,,,,,,,,,,japan_moe_20103-09-7_daphnia_48h_ec50_p30_r14,Japan_MOE_official_summary,official_summary_source,MOE:30:14:daphnia_48h_ec50,0.85,False,,,official_summary_source,official_summary_not_individual_report_reviewed,https://www.env.go.jp/content/000316616.pdf,30.0,14.0
japan_moe__japan_moe_20103-09-7_fish_96h_lc50_p30_r14,20103-09-7,"2,5-Dichloro-1,4-benzenediamine",20103-09-7,DTXSID8066557,NC1=CC(Cl)=C(N)C=C1Cl,QAYVHDDEMLNVMO-UHFFFAOYSA-N,fish_96h_lc50,LC50,MOR,MORT,Oryzias latipes,Japanese Medaka,Chordata,Actinopterygii,Beloniformes,Adrianichthyidae,Oryzias,Fish;Standard Test Species,96.0,FW,,,,2007.0,japan_moe_official_summary,dsstox_casrn,unclassified,22.0,mg/L,0.0001242699142537,-3.905634001326955,177.03400000000002,,True,False,1,1,,,,0.0,,,,official_summary_table,not specified in summary,test material,mortality,True,True,,,,,,,,,,,,,,,,,,,,,,,,,,,,,,,,,,,,,japan_moe_20103-09-7_fish_96h_lc50_p30_r14,Japan_MOE_official_summary,official_summary_source,MOE:30:14:fish_96h_lc50,22.0,False,,,official_summary_source,official_summary_not_individual_report_reviewed,https://www.env.go.jp/content/000316616.pdf,30.0,14.0
japan_moe__japan_moe_205-82-3_daphnia_48h_ec50_p19_r12,205-82-3,Benzo[j]fluoranthene,205-82-3,DTXSID8052691,C1=CC2=C(C=C1)C1=C(C=C2)C2=CC=CC3=CC=CC1=C23,KHNYNFUTFKJLDD-UHFFFAOYSA-N,daphnia_48h_ec50,EC50,ITX,IMBL,Daphnia magna,Water Flea,Arthropoda,Branchiopoda,Diplostraca,Daphniidae,Daphnia,Crustaceans;Standard Test Species,48.0,FW,,,,2002.0,japan_moe_official_summary,dsstox_casrn,unclassified,0.0023,mg/L,9.1155535122624e-09,-8.040216955092086,252.316,,True,False,1,1,,,,0.0,,,,official_summary_table,not specified in summary,test material,immobilisation (Japanese table header: acute swimming inhibition),True,True,,,,,,,,,,,,,,,,,,,,,,,,,,,,,,,,,,,,,japan_moe_205-82-3_daphnia_48h_ec50_p19_r12,Japan_MOE_official_summary,official_summary_source,MOE:19:12:daphnia_48h_ec50,0.0023,False,,,official_summary_source,official_summary_not_individual_report_reviewed,https://www.env.go.jp/content/000316616.pdf,19.0,12.0
japan_moe__japan_moe_20766-36-3_daphnia_48h_ec50_p30_r15,20766-36-3,"3-Buten-2-one, 4-(3-chlorophenyl)-",20766-36-3,DTXSID20876244,CC(=O)\C=C\C1=CC(Cl)=CC=C1,VWEPXSRBBXPYSM-AATRIKPKSA-N,daphnia_48h_ec50,EC50,ITX,IMBL,Daphnia magna,Water Flea,Arthropoda,Branchiopoda,Diplostraca,Daphniidae,Daphnia,Crustaceans;Standard Test Species,48.0,FW,,,,2005.0,japan_moe_official_summary,dsstox_casrn,unclassified,4.4,mg/L,2.4358647873600765e-05,-4.613346822661978,180.634,,True,False,1,1,,,,0.0,,,,official_summary_table,not specified in summary,test material,immobilisation (Japanese table header: acute swimming inhibition),True,True,,,,,,,,,,,,,,,,,,,,,,,,,,,,,,,,,,,,,japan_moe_20766-36-3_daphnia_48h_ec50_p30_r15,Japan_MOE_official_summary,official_summary_source,MOE:30:15:daphnia_48h_ec50,4.4,False,,,official_summary_source,official_summary_not_individual_report_reviewed,https://www.env.go.jp/content/000316616.pdf,30.0,15.0
japan_moe__japan_moe_20766-36-3_fish_96h_lc50_p30_r15,20766-36-3,"3-Buten-2-one, 4-(3-chlorophenyl)-",20766-36-3,DTXSID20876244,CC(=O)\C=C\C1=CC(Cl)=CC=C1,VWEPXSRBBXPYSM-AATRIKPKSA-N,fish_96h_lc50,LC50,MOR,MORT,Oryzias latipes,Japanese Medaka,Chordata,Actinopterygii,Beloniformes,Adrianichthyidae,Oryzias,Fish;Standard Test Species,96.0,FW,,,,2005.0,japan_moe_official_summary,dsstox_casrn,unclassified,3.0,mg/L,1.6608169004727792e-05,-4.779678244428502,180.634,,True,False,1,1,,,,0.0,,,,official_summary_table,not specified in summary,test material,mortality,True,True,,,,,,,,,,,,,,,,,,,,,,,,,,,,,,,,,,,,,japan_moe_20766-36-3_fish_96h_lc50_p30_r15,Japan_MOE_official_summary,official_summary_source,MOE:30:15:fish_96h_lc50,3.0,False,,,official_summary_source,official_summary_not_individual_report_reviewed,https://www.env.go.jp/content/000316616.pdf,30.0,15.0
japan_moe__japan_moe_2100-42-7_algae_72_96h_ec50_p25_r15,2100-42-7,2-Chlorohydroquinonedimethylether,2100-42-7,DTXSID3041403,COC1=CC=C(OC)C(Cl)=C1,QMXZSRVFIWACJH-UHFFFAOYSA-N,algae_72_96h_ec50,EC50,GRO,GGRO,Pseudokirchneriella subcapitata,Green Alga,Chlorophyta,Chlorophyceae,Sphaeropleales,Selenastraceae,Pseudokirchneriella,Algae;Standard Test Species,72.0,FW,,,,2007.0,japan_moe_official_summary,dsstox_casrn,unclassified,10.0,mg/L,5.793373539345697e-05,-4.237068468592852,172.611,,True,False,1,1,,,,0.0,,,,official_summary_table,not specified in summary,test material,growth rate,True,True,,,,,,,,,,,,,,,,,,,,,,,,,,,,,,,,,,,,,japan_moe_2100-42-7_algae_72_96h_ec50_p25_r15,Japan_MOE_official_summary,official_summary_source,MOE:25:15:algae_72_96h_ec50,10.0,False,,,official_summary_source,official_summary_not_individual_report_reviewed,https://www.env.go.jp/content/000316616.pdf,25.0,15.0
japan_moe__japan_moe_2100-42-7_daphnia_48h_ec50_p25_r15,2100-42-7,2-Chlorohydroquinonedimethylether,2100-42-7,DTXSID3041403,COC1=CC=C(OC)C(Cl)=C1,QMXZSRVFIWACJH-UHFFFAOYSA-N,daphnia_48h_ec50,EC50,ITX,IMBL,Daphnia magna,Water Flea,Arthropoda,Branchiopoda,Diplostraca,Daphniidae,Daphnia,Crustaceans;Standard Test Species,48.0,FW,,,,2007.0,japan_moe_official_summary,dsstox_casrn,unclassified,17.0,mg/L,9.848735016887684e-05,-4.006619547214577,172.611,,True,False,1,1,,,,0.0,,,,official_summary_table,not specified in summary,test material,immobilisation (Japanese table header: acute swimming inhibition),True,True,,,,,,,,,,,,,,,,,,,,,,,,,,,,,,,,,,,,,japan_moe_2100-42-7_daphnia_48h_ec50_p25_r15,Japan_MOE_official_summary,official_summary_source,MOE:25:15:daphnia_48h_ec50,17.0,False,,,official_summary_source,official_summary_not_individual_report_reviewed,https://www.env.go.jp/content/000316616.pdf,25.0,15.0
japan_moe__japan_moe_2100-42-7_fish_96h_lc50_p25_r15,2100-42-7,2-Chlorohydroquinonedimethylether,2100-42-7,DTXSID3041403,COC1=CC=C(OC)C(Cl)=C1,QMXZSRVFIWACJH-UHFFFAOYSA-N,fish_96h_lc50,LC50,MOR,MORT,Oryzias latipes,Japanese Medaka,Chordata,Actinopterygii,Beloniformes,Adrianichthyidae,Oryzias,Fish;Standard Test Species,96.0,FW,,,,2007.0,japan_moe_official_summary,dsstox_casrn,unclassified,28.0,mg/L,0.0001622144591016,-3.789910437250633,172.611,,True,False,1,1,,,,0.0,,,,official_summary_table,not specified in summary,test material,mortality,True,True,,,,,,,,,,,,,,,,,,,,,,,,,,,,,,,,,,,,,japan_moe_2100-42-7_fish_96h_lc50_p25_r15,Japan_MOE_official_summary,official_summary_source,MOE:25:15:fish_96h_lc50,28.0,False,,,official_summary_source,official_summary_not_individual_report_reviewed,https://www.env.go.jp/content/000316616.pdf,25.0,15.0
japan_moe__japan_moe_2219-82-1_algae_72_96h_ec50_p25_r16,2219-82-1,6-tert-Butyl-o-cresol,2219-82-1,DTXSID4047468,CC1=CC=CC(=C1O)C(C)(C)C,BKZXZGWHTRCFPX-UHFFFAOYSA-N,algae_72_96h_ec50,EC50,GRO,GGRO,Pseudokirchneriella subcapitata,Green Alga,Chlorophyta,Chlorophyceae,Sphaeropleales,Selenastraceae,Pseudokirchneriella,Algae;Standard Test Species,72.0,FW,,,,2007.0,japan_moe_official_summary,dsstox_casrn,unclassified,6.3,mg/L,3.835663143539039e-05,-4.416159540533171,164.248,,True,False,1,1,,,,0.0,,,,official_summary_table,not specified in summary,test material,growth rate,True,True,,,,,,,,,,,,,,,,,,,,,,,,,,,,,,,,,,,,,japan_moe_2219-82-1_algae_72_96h_ec50_p25_r16,Japan_MOE_official_summary,official_summary_source,MOE:25:16:algae_72_96h_ec50,6.3,False,,,official_summary_source,official_summary_not_individual_report_reviewed,https://www.env.go.jp/content/000316616.pdf,25.0,16.0
japan_moe__japan_moe_2219-82-1_daphnia_48h_ec50_p25_r16,2219-82-1,6-tert-Butyl-o-cresol,2219-82-1,DTXSID4047468,CC1=CC=CC(=C1O)C(C)(C)C,BKZXZGWHTRCFPX-UHFFFAOYSA-N,daphnia_48h_ec50,EC50,ITX,IMBL,Daphnia magna,Water Flea,Arthropoda,Branchiopoda,Diplostraca,Daphniidae,Daphnia,Crustaceans;Standard Test Species,48.0,FW,,,,2007.0,japan_moe_official_summary,dsstox_casrn,unclassified,5.3,mg/L,3.2268277239296675e-05,-4.491224220385964,164.248,,True,False,1,1,,,,0.0,,,,official_summary_table,not specified in summary,test material,immobilisation (Japanese table header: acute swimming inhibition),True,True,,,,,,,,,,,,,,,,,,,,,,,,,,,,,,,,,,,,,japan_moe_2219-82-1_daphnia_48h_ec50_p25_r16,Japan_MOE_official_summary,official_summary_source,MOE:25:16:daphnia_48h_ec50,5.3,False,,,official_summary_source,official_summary_not_individual_report_reviewed,https://www.env.go.jp/content/000316616.pdf,25.0,16.0
japan_moe__japan_moe_2219-82-1_fish_96h_lc50_p25_r16,2219-82-1,6-tert-Butyl-o-cresol,2219-82-1,DTXSID4047468,CC1=CC=CC(=C1O)C(C)(C)C,BKZXZGWHTRCFPX-UHFFFAOYSA-N,fish_96h_lc50,LC50,MOR,MORT,Oryzias latipes,Japanese Medaka,Chordata,Actinopterygii,Beloniformes,Adrianichthyidae,Oryzias,Fish;Standard Test Species,96.0,FW,,,,2007.0,japan_moe_official_summary,dsstox_casrn,unclassified,4.3,mg/L,2.617992304320296e-05,-4.582031634407166,164.248,,True,False,1,1,,,,0.0,,,,official_summary_table,not specified in summary,test material,mortality,True,True,,,,,,,,,,,,,,,,,,,,,,,,,,,,,,,,,,,,,japan_moe_2219-82-1_fish_96h_lc50_p25_r16,Japan_MOE_official_summary,official_summary_source,MOE:25:16:fish_96h_lc50,4.3,False,,,official_summary_source,official_summary_not_individual_report_reviewed,https://www.env.go.jp/content/000316616.pdf,25.0,16.0
japan_moe__japan_moe_2222-33-5_algae_72_96h_ec50_p25_r17,2222-33-5,"Dibenzo[b,f]cyclohepten-1-one",2222-33-5,DTXSID4062274,O=C1C2=CC=CC=C2C=CC2=CC=CC=C12,SNVTZAIYUGUKNI-UHFFFAOYSA-N,algae_72_96h_ec50,EC50,GRO,GGRO,Pseudokirchneriella subcapitata,Green Alga,Chlorophyta,Chlorophyceae,Sphaeropleales,Selenastraceae,Pseudokirchneriella,Algae;Standard Test Species,72.0,FW,,,,2000.0,japan_moe_official_summary,dsstox_casrn,unclassified,0.14,mg/L,6.788076259188146e-07,-6.168253287338662,206.244,,True,False,1,1,,,,0.0,,,,official_summary_table,not specified in summary,test material,growth rate,True,True,,,,,,,,,,,,,,,,,,,,,,,,,,,,,,,,,,,,,japan_moe_2222-33-5_algae_72_96h_ec50_p25_r17,Japan_MOE_official_summary,official_summary_source,MOE:25:17:algae_72_96h_ec50,0.14,False,,,official_summary_source,official_summary_not_individual_report_reviewed,https://www.env.go.jp/content/000316616.pdf,25.0,17.0
japan_moe__japan_moe_2222-33-5_daphnia_48h_ec50_p25_r17,2222-33-5,"Dibenzo[b,f]cyclohepten-1-one",2222-33-5,DTXSID4062274,O=C1C2=CC=CC=C2C=CC2=CC=CC=C12,SNVTZAIYUGUKNI-UHFFFAOYSA-N,daphnia_48h_ec50,EC50,ITX,IMBL,Daphnia magna,Water Flea,Arthropoda,Branchiopoda,Diplostraca,Daphniidae,Daphnia,Crustaceans;Standard Test Species,48.0,FW,,,,2000.0,japan_moe_official_summary,dsstox_casrn,unclassified,1.9,mg/L,9.212389208898198e-06,-5.035627722064071,206.244,,True,False,1,1,,,,0.0,,,,official_summary_table,not specified in summary,test material,immobilisation (Japanese table header: acute swimming inhibition),True,True,,,,,,,,,,,,,,,,,,,,,,,,,,,,,,,,,,,,,japan_moe_2222-33-5_daphnia_48h_ec50_p25_r17,Japan_MOE_official_summary,official_summary_source,MOE:25:17:daphnia_48h_ec50,1.9,False,,,official_summary_source,official_summary_not_individual_report_reviewed,https://www.env.go.jp/content/000316616.pdf,25.0,17.0
japan_moe__japan_moe_2232-08-8_daphnia_48h_ec50_p25_r18,2232-08-8,1-(p-Toluenesulphonyl)imidazole,2232-08-8,DTXSID6022181,CC1=CC=C(C=C1)S(=O)(=O)N1C=CN=C1,YJYMYJRAQYREBT-UHFFFAOYSA-N,daphnia_48h_ec50,EC50,ITX,IMBL,Daphnia magna,Water Flea,Arthropoda,Branchiopoda,Diplostraca,Daphniidae,Daphnia,Crustaceans;Standard Test Species,48.0,FW,,,,2006.0,japan_moe_official_summary,dsstox_casrn,unclassified,35.0,mg/L,0.0001574668532273,-3.802810851242323,222.269,,True,False,1,1,,,,0.0,,,,official_summary_table,not specified in summary,test material,immobilisation (Japanese table header: acute swimming inhibition),True,True,,,,,,,,,,,,,,,,,,,,,,,,,,,,,,,,,,,,,japan_moe_2232-08-8_daphnia_48h_ec50_p25_r18,Japan_MOE_official_summary,official_summary_source,MOE:25:18:daphnia_48h_ec50,35.0,False,,,official_summary_source,official_summary_not_individual_report_reviewed,https://www.env.go.jp/content/000316616.pdf,25.0,18.0
japan_moe__japan_moe_2243-62-1_algae_72_96h_ec50_p25_r19,2243-62-1,"1,5-Naphthalenediamine",2243-62-1,DTXSID3020916,NC1=CC=CC2=C(N)C=CC=C12,KQSABULTKYLFEV-UHFFFAOYSA-N,algae_72_96h_ec50,EC50,GRO,GGRO,Pseudokirchneriella subcapitata,Green Alga,Chlorophyta,Chlorophyceae,Sphaeropleales,Selenastraceae,Pseudokirchneriella,Algae;Standard Test Species,72.0,FW,,,,2007.0,japan_moe_official_summary,dsstox_casrn,unclassified,2.1,mg/L,1.327400065737908e-05,-4.876998165186058,158.204,,True,False,1,1,,,,0.0,,,,official_summary_table,not specified in summary,test material,growth rate,True,True,,,,,,,,,,,,,,,,,,,,,,,,,,,,,,,,,,,,,japan_moe_2243-62-1_algae_72_96h_ec50_p25_r19,Japan_MOE_official_summary,official_summary_source,MOE:25:19:algae_72_96h_ec50,2.1,False,,,official_summary_source,official_summary_not_individual_report_reviewed,https://www.env.go.jp/content/000316616.pdf,25.0,19.0
japan_moe__japan_moe_2243-62-1_daphnia_48h_ec50_p25_r19,2243-62-1,"1,5-Naphthalenediamine",2243-62-1,DTXSID3020916,NC1=CC=CC2=C(N)C=CC=C12,KQSABULTKYLFEV-UHFFFAOYSA-N,daphnia_48h_ec50,EC50,ITX,IMBL,Daphnia magna,Water Flea,Arthropoda,Branchiopoda,Diplostraca,Daphniidae,Daphnia,Crustaceans;Standard Test Species,48.0,FW,,,,2007.0,japan_moe_official_summary,dsstox_casrn,unclassified,3.8,mg/L,2.4019620237162145e-05,-4.619433863303168,158.204,,True,False,1,1,,,,0.0,,,,official_summary_table,not specified in summary,test material,immobilisation (Japanese table header: acute swimming inhibition),True,True,,,,,,,,,,,,,,,,,,,,,,,,,,,,,,,,,,,,,japan_moe_2243-62-1_daphnia_48h_ec50_p25_r19,Japan_MOE_official_summary,official_summary_source,MOE:25:19:daphnia_48h_ec50,3.8,False,,,official_summary_source,official_summary_not_individual_report_reviewed,https://www.env.go.jp/content/000316616.pdf,25.0,19.0
japan_moe__japan_moe_2243-62-1_fish_96h_lc50_p25_r19,2243-62-1,"1,5-Naphthalenediamine",2243-62-1,DTXSID3020916,NC1=CC=CC2=C(N)C=CC=C12,KQSABULTKYLFEV-UHFFFAOYSA-N,fish_96h_lc50,LC50,MOR,MORT,Oryzias latipes,Japanese Medaka,Chordata,Actinopterygii,Beloniformes,Adrianichthyidae,Oryzias,Fish;Standard Test Species,96.0,FW,,,,2007.0,japan_moe_official_summary,dsstox_casrn,unclassified,17.0,mg/L,0.0001074561957978,-3.968768538541704,158.204,,True,False,1,1,,,,0.0,,,,official_summary_table,not specified in summary,test material,mortality,True,True,,,,,,,,,,,,,,,,,,,,,,,,,,,,,,,,,,,,,japan_moe_2243-62-1_fish_96h_lc50_p25_r19,Japan_MOE_official_summary,official_summary_source,MOE:25:19:fish_96h_lc50,17.0,False,,,official_summary_source,official_summary_not_individual_report_reviewed,https://www.env.go.jp/content/000316616.pdf,25.0,19.0
japan_moe__japan_moe_22509-74-6_fish_96h_lc50_p30_r17,22509-74-6,N-Carboethoxyphthalimide,22509-74-6,DTXSID7066805,CCOC(=O)N1C(=O)C2=CC=CC=C2C1=O,VRHAQNTWKSVEEC-UHFFFAOYSA-N,fish_96h_lc50,LC50,MOR,MORT,Oryzias latipes,Japanese Medaka,Chordata,Actinopterygii,Beloniformes,Adrianichthyidae,Oryzias,Fish;Standard Test Species,96.0,FW,,,,2005.0,japan_moe_official_summary,dsstox_casrn,unclassified,1.4,mg/L,6.386977864559572e-06,-5.194704588979997,219.196,,True,False,1,1,,,,0.0,,,,official_summary_table,not specified in summary,test material,mortality,True,True,,,,,,,,,,,,,,,,,,,,,,,,,,,,,,,,,,,,,japan_moe_22509-74-6_fish_96h_lc50_p30_r17,Japan_MOE_official_summary,official_summary_source,MOE:30:17:fish_96h_lc50,1.4,False,,,official_summary_source,official_summary_not_individual_report_reviewed,https://www.env.go.jp/content/000316616.pdf,30.0,17.0
japan_moe__japan_moe_22720-75-8_algae_72_96h_ec50_p30_r18,22720-75-8,1-Benzo[b]thien-2-ylethan-1-one,22720-75-8,DTXSID3057692,CC(=O)C1=CC2=C(S1)C=CC=C2,SGSGCQGCVKWRNM-UHFFFAOYSA-N,algae_72_96h_ec50,EC50,GRO,GGRO,Pseudokirchneriella subcapitata,Green Alga,Chlorophyta,Chlorophyceae,Sphaeropleales,Selenastraceae,Pseudokirchneriella,Algae;Standard Test Species,72.0,FW,,,,2001.0,japan_moe_official_summary,dsstox_casrn,unclassified,5.4,mg/L,3.064003631411711e-05,-4.513710724319743,176.24,,True,False,1,1,,,,0.0,,,,official_summary_table,not specified in summary,test material,growth rate,True,True,,,,,,,,,,,,,,,,,,,,,,,,,,,,,,,,,,,,,japan_moe_22720-75-8_algae_72_96h_ec50_p30_r18,Japan_MOE_official_summary,official_summary_source,MOE:30:18:algae_72_96h_ec50,5.4,False,,,official_summary_source,official_summary_not_individual_report_reviewed,https://www.env.go.jp/content/000316616.pdf,30.0,18.0
japan_moe__japan_moe_22720-75-8_daphnia_48h_ec50_p30_r18,22720-75-8,1-Benzo[b]thien-2-ylethan-1-one,22720-75-8,DTXSID3057692,CC(=O)C1=CC2=C(S1)C=CC=C2,SGSGCQGCVKWRNM-UHFFFAOYSA-N,daphnia_48h_ec50,EC50,ITX,IMBL,Daphnia magna,Water Flea,Arthropoda,Branchiopoda,Diplostraca,Daphniidae,Daphnia,Crustaceans;Standard Test Species,48.0,FW,,,,2001.0,japan_moe_official_summary,dsstox_casrn,unclassified,11.0,mg/L,6.241488878801633e-05,-4.204711798984486,176.24,,True,False,1,1,,,,0.0,,,,official_summary_table,not specified in summary,test material,immobilisation (Japanese table header: acute swimming inhibition),True,True,,,,,,,,,,,,,,,,,,,,,,,,,,,,,,,,,,,,,japan_moe_22720-75-8_daphnia_48h_ec50_p30_r18,Japan_MOE_official_summary,official_summary_source,MOE:30:18:daphnia_48h_ec50,11.0,False,,,official_summary_source,official_summary_not_individual_report_reviewed,https://www.env.go.jp/content/000316616.pdf,30.0,18.0
japan_moe__japan_moe_22720-75-8_fish_96h_lc50_p30_r18,22720-75-8,1-Benzo[b]thien-2-ylethan-1-one,22720-75-8,DTXSID3057692,CC(=O)C1=CC2=C(S1)C=CC=C2,SGSGCQGCVKWRNM-UHFFFAOYSA-N,fish_96h_lc50,LC50,MOR,MORT,Oryzias latipes,Japanese Medaka,Chordata,Actinopterygii,Beloniformes,Adrianichthyidae,Oryzias,Fish;Standard Test Species,96.0,FW,,,,2001.0,japan_moe_official_summary,dsstox_casrn,unclassified,10.0,mg/L,5.6740807989105766e-05,-4.246104484142712,176.24,,True,False,1,1,,,,0.0,,,,official_summary_table,not specified in summary,test material,mortality,True,True,,,,,,,,,,,,,,,,,,,,,,,,,,,,,,,,,,,,,japan_moe_22720-75-8_fish_96h_lc50_p30_r18,Japan_MOE_official_summary,official_summary_source,MOE:30:18:fish_96h_lc50,10.0,False,,,official_summary_source,official_summary_not_individual_report_reviewed,https://www.env.go.jp/content/000316616.pdf,30.0,18.0
japan_moe__japan_moe_2403-88-5_algae_72_96h_ec50_p25_r20,2403-88-5,"2,2,6,6-Tetramethylpiperidin-4-ol",2403-88-5,DTXSID3029655,CC1(C)CC(O)CC(C)(C)N1,VDVUCLWJZJHFAV-UHFFFAOYSA-N,algae_72_96h_ec50,EC50,GRO,GGRO,Pseudokirchneriella subcapitata,Green Alga,Chlorophyta,Chlorophyceae,Sphaeropleales,Selenastraceae,Pseudokirchneriella,Algae;Standard Test Species,72.0,FW,,,,1997.0,japan_moe_official_summary,dsstox_casrn,unclassified,120.0,mg/L,0.0007630820885556,-3.117428740303138,157.257,,True,False,1,1,,,,0.0,,,,official_summary_table,not specified in summary,test material,growth rate,True,True,,,,,,,,,,,,,,,,,,,,,,,,,,,,,,,,,,,,,japan_moe_2403-88-5_algae_72_96h_ec50_p25_r20,Japan_MOE_official_summary,official_summary_source,MOE:25:20:algae_72_96h_ec50,120.0,False,,,official_summary_source,official_summary_not_individual_report_reviewed,https://www.env.go.jp/content/000316616.pdf,25.0,20.0
japan_moe__japan_moe_2403-88-5_daphnia_48h_ec50_p25_r20,2403-88-5,"2,2,6,6-Tetramethylpiperidin-4-ol",2403-88-5,DTXSID3029655,CC1(C)CC(O)CC(C)(C)N1,VDVUCLWJZJHFAV-UHFFFAOYSA-N,daphnia_48h_ec50,EC50,ITX,IMBL,Daphnia magna,Water Flea,Arthropoda,Branchiopoda,Diplostraca,Daphniidae,Daphnia,Crustaceans;Standard Test Species,48.0,FW,,,,1997.0,japan_moe_official_summary,dsstox_casrn,unclassified,100.0,mg/L,0.000635901740463,-3.196609986350763,157.257,,True,False,1,1,,,,0.0,,,,official_summary_table,not specified in summary,test material,immobilisation (Japanese table header: acute swimming inhibition),True,True,,,,,,,,,,,,,,,,,,,,,,,,,,,,,,,,,,,,,japan_moe_2403-88-5_daphnia_48h_ec50_p25_r20,Japan_MOE_official_summary,official_summary_source,MOE:25:20:daphnia_48h_ec50,100.0,False,,,official_summary_source,official_summary_not_individual_report_reviewed,https://www.env.go.jp/content/000316616.pdf,25.0,20.0
japan_moe__japan_moe_2409-55-4_algae_72_96h_ec50_p25_r22,2409-55-4,2-tert-Butyl-p-cresol,2409-55-4,DTXSID2020212,CC1=CC(=C(O)C=C1)C(C)(C)C,IKEHOXWJQXIQAG-UHFFFAOYSA-N,algae_72_96h_ec50,EC50,GRO,GGRO,Pseudokirchneriella subcapitata,Green Alga,Chlorophyta,Chlorophyceae,Sphaeropleales,Selenastraceae,Pseudokirchneriella,Algae;Standard Test Species,72.0,FW,,,,2004.0,japan_moe_official_summary,dsstox_casrn,unclassified,1.8,mg/L,1.0959037552968684e-05,-4.960227584883446,164.24799999999996,,True,False,1,1,,,,0.0,,,,official_summary_table,not specified in summary,test material,growth rate,True,True,,,,,,,,,,,,,,,,,,,,,,,,,,,,,,,,,,,,,japan_moe_2409-55-4_algae_72_96h_ec50_p25_r22,Japan_MOE_official_summary,official_summary_source,MOE:25:22:algae_72_96h_ec50,1.8,False,,,official_summary_source,official_summary_not_individual_report_reviewed,https://www.env.go.jp/content/000316616.pdf,25.0,22.0
japan_moe__japan_moe_2409-55-4_daphnia_48h_ec50_p25_r22,2409-55-4,2-tert-Butyl-p-cresol,2409-55-4,DTXSID2020212,CC1=CC(=C(O)C=C1)C(C)(C)C,IKEHOXWJQXIQAG-UHFFFAOYSA-N,daphnia_48h_ec50,EC50,ITX,IMBL,Daphnia magna,Water Flea,Arthropoda,Branchiopoda,Diplostraca,Daphniidae,Daphnia,Crustaceans;Standard Test Species,48.0,FW,,,,2004.0,japan_moe_official_summary,dsstox_casrn,unclassified,2.7,mg/L,1.6438556329453026e-05,-4.784136325827765,164.24799999999996,,True,False,1,1,,,,0.0,,,,official_summary_table,not specified in summary,test material,immobilisation (Japanese table header: acute swimming inhibition),True,True,,,,,,,,,,,,,,,,,,,,,,,,,,,,,,,,,,,,,japan_moe_2409-55-4_daphnia_48h_ec50_p25_r22,Japan_MOE_official_summary,official_summary_source,MOE:25:22:daphnia_48h_ec50,2.7,False,,,official_summary_source,official_summary_not_individual_report_reviewed,https://www.env.go.jp/content/000316616.pdf,25.0,22.0
japan_moe__japan_moe_2409-55-4_fish_96h_lc50_p25_r22,2409-55-4,2-tert-Butyl-p-cresol,2409-55-4,DTXSID2020212,CC1=CC(=C(O)C=C1)C(C)(C)C,IKEHOXWJQXIQAG-UHFFFAOYSA-N,fish_96h_lc50,LC50,MOR,MORT,Oryzias latipes,Japanese Medaka,Chordata,Actinopterygii,Beloniformes,Adrianichthyidae,Oryzias,Fish;Standard Test Species,96.0,FW,,,,2004.0,japan_moe_official_summary,dsstox_casrn,unclassified,1.9,mg/L,1.1567872972578056e-05,-4.936746489033924,164.24799999999996,,True,False,1,1,,,,0.0,,,,official_summary_table,not specified in summary,test material,mortality,True,True,,,,,,,,,,,,,,,,,,,,,,,,,,,,,,,,,,,,,japan_moe_2409-55-4_fish_96h_lc50_p25_r22,Japan_MOE_official_summary,official_summary_source,MOE:25:22:fish_96h_lc50,1.9,False,,,official_summary_source,official_summary_not_individual_report_reviewed,https://www.env.go.jp/content/000316616.pdf,25.0,22.0
japan_moe__japan_moe_2425-79-8_daphnia_48h_ec50_p26_r1,2425-79-8,"1,4-Bis(2,3-epoxypropoxy)butane",2425-79-8,DTXSID7024667,C(CCOCC1CO1)COCC1CO1,SHKUUQIDMUMQQK-UHFFFAOYSA-N,daphnia_48h_ec50,EC50,ITX,IMBL,Daphnia magna,Water Flea,Arthropoda,Branchiopoda,Diplostraca,Daphniidae,Daphnia,Crustaceans;Standard Test Species,48.0,FW,,,,2006.0,japan_moe_official_summary,dsstox_casrn,unclassified,22.0,mg/L,0.0001087762669962,-3.963465849462104,202.25,,True,False,1,1,,,,0.0,,,,official_summary_table,not specified in summary,test material,immobilisation (Japanese table header: acute swimming inhibition),True,True,,,,,,,,,,,,,,,,,,,,,,,,,,,,,,,,,,,,,japan_moe_2425-79-8_daphnia_48h_ec50_p26_r1,Japan_MOE_official_summary,official_summary_source,MOE:26:1:daphnia_48h_ec50,22.0,False,,,official_summary_source,official_summary_not_individual_report_reviewed,https://www.env.go.jp/content/000316616.pdf,26.0,1.0
japan_moe__japan_moe_2425-79-8_fish_96h_lc50_p26_r1,2425-79-8,"1,4-Bis(2,3-epoxypropoxy)butane",2425-79-8,DTXSID7024667,C(CCOCC1CO1)COCC1CO1,SHKUUQIDMUMQQK-UHFFFAOYSA-N,fish_96h_lc50,LC50,MOR,MORT,Oryzias latipes,Japanese Medaka,Chordata,Actinopterygii,Beloniformes,Adrianichthyidae,Oryzias,Fish;Standard Test Species,96.0,FW,,,,2006.0,japan_moe_official_summary,dsstox_casrn,unclassified,13.0,mg/L,6.427688504326328e-05,-4.191945177977473,202.25,,True,False,1,1,,,,0.0,,,,official_summary_table,not specified in summary,test material,mortality,True,True,,,,,,,,,,,,,,,,,,,,,,,,,,,,,,,,,,,,,japan_moe_2425-79-8_fish_96h_lc50_p26_r1,Japan_MOE_official_summary,official_summary_source,MOE:26:1:fish_96h_lc50,13.0,False,,,official_summary_source,official_summary_not_individual_report_reviewed,https://www.env.go.jp/content/000316616.pdf,26.0,1.0
japan_moe__japan_moe_2439-35-2_daphnia_48h_ec50_p26_r4,2439-35-2,2-(Dimethylamino)ethyl acrylate,2439-35-2,DTXSID5025100,CN(C)CCOC(=O)C=C,DPBJAVGHACCNRL-UHFFFAOYSA-N,daphnia_48h_ec50,EC50,ITX,IMBL,Daphnia magna,Water Flea,Arthropoda,Branchiopoda,Diplostraca,Daphniidae,Daphnia,Crustaceans;Standard Test Species,48.0,FW,,,,1996.0,japan_moe_official_summary,dsstox_casrn,unclassified,9.9,mg/L,6.914083779140421e-05,-4.160265362340915,143.18599999999998,,True,False,1,1,,,,0.0,,,,official_summary_table,not specified in summary,test material,immobilisation (Japanese table header: acute swimming inhibition),True,True,,,,,,,,,,,,,,,,,,,,,,,,,,,,,,,,,,,,,japan_moe_2439-35-2_daphnia_48h_ec50_p26_r4,Japan_MOE_official_summary,official_summary_source,MOE:26:4:daphnia_48h_ec50,9.9,False,,,official_summary_source,official_summary_not_individual_report_reviewed,https://www.env.go.jp/content/000316616.pdf,26.0,4.0
japan_moe__japan_moe_2439-35-2_fish_96h_lc50_p26_r4,2439-35-2,2-(Dimethylamino)ethyl acrylate,2439-35-2,DTXSID5025100,CN(C)CCOC(=O)C=C,DPBJAVGHACCNRL-UHFFFAOYSA-N,fish_96h_lc50,LC50,MOR,MORT,Oryzias latipes,Japanese Medaka,Chordata,Actinopterygii,Beloniformes,Adrianichthyidae,Oryzias,Fish;Standard Test Species,96.0,FW,,,,1996.0,japan_moe_official_summary,dsstox_casrn,unclassified,8.5,mg/L,5.936334557847836e-05,-4.226481631224173,143.18599999999998,,True,False,1,1,,,,0.0,,,,official_summary_table,not specified in summary,test material,mortality,True,True,,,,,,,,,,,,,,,,,,,,,,,,,,,,,,,,,,,,,japan_moe_2439-35-2_fish_96h_lc50_p26_r4,Japan_MOE_official_summary,official_summary_source,MOE:26:4:fish_96h_lc50,8.5,False,,,official_summary_source,official_summary_not_individual_report_reviewed,https://www.env.go.jp/content/000316616.pdf,26.0,4.0
japan_moe__japan_moe_2479-46-1_daphnia_48h_ec50_p26_r6,2479-46-1,"4,4'-(m-Phenylenedioxy)dianiline",2479-46-1,DTXSID8051914,NC1=CC=C(OC2=CC(OC3=CC=C(N)C=C3)=CC=C2)C=C1,WUPRYUDHUFLKFL-UHFFFAOYSA-N,daphnia_48h_ec50,EC50,ITX,IMBL,Daphnia magna,Water Flea,Arthropoda,Branchiopoda,Diplostraca,Daphniidae,Daphnia,Crustaceans;Standard Test Species,48.0,FW,,,,2001.0,japan_moe_official_summary,dsstox_casrn,unclassified,2.9,mg/L,9.920024081713632e-06,-5.003487273557248,292.338,,True,False,1,1,,,,0.0,,,,official_summary_table,not specified in summary,test material,immobilisation (Japanese table header: acute swimming inhibition),True,True,,,,,,,,,,,,,,,,,,,,,,,,,,,,,,,,,,,,,japan_moe_2479-46-1_daphnia_48h_ec50_p26_r6,Japan_MOE_official_summary,official_summary_source,MOE:26:6:daphnia_48h_ec50,2.9,False,,,official_summary_source,official_summary_not_individual_report_reviewed,https://www.env.go.jp/content/000316616.pdf,26.0,6.0
japan_moe__japan_moe_2479-46-1_fish_96h_lc50_p26_r6,2479-46-1,"4,4'-(m-Phenylenedioxy)dianiline",2479-46-1,DTXSID8051914,NC1=CC=C(OC2=CC(OC3=CC=C(N)C=C3)=CC=C2)C=C1,WUPRYUDHUFLKFL-UHFFFAOYSA-N,fish_96h_lc50,LC50,MOR,MORT,Oryzias latipes,Japanese Medaka,Chordata,Actinopterygii,Beloniformes,Adrianichthyidae,Oryzias,Fish;Standard Test Species,96.0,FW,,,,2001.0,japan_moe_official_summary,dsstox_casrn,unclassified,1.9,mg/L,6.499326122502035e-06,-5.187131670503375,292.338,,True,False,1,1,,,,0.0,,,,official_summary_table,not specified in summary,test material,mortality,True,True,,,,,,,,,,,,,,,,,,,,,,,,,,,,,,,,,,,,,japan_moe_2479-46-1_fish_96h_lc50_p26_r6,Japan_MOE_official_summary,official_summary_source,MOE:26:6:fish_96h_lc50,1.9,False,,,official_summary_source,official_summary_not_individual_report_reviewed,https://www.env.go.jp/content/000316616.pdf,26.0,6.0
japan_moe__japan_moe_25103-58-6_daphnia_48h_ec50_p30_r22,25103-58-6,tert-Dodecanethiol,25103-58-6,DTXSID1025221,CC(C)C(C)(C)C(C)(C)C(C)(C)S,YAJYJWXEWKRTPO-UHFFFAOYSA-N,daphnia_48h_ec50,EC50,ITX,IMBL,Daphnia magna,Water Flea,Arthropoda,Branchiopoda,Diplostraca,Daphniidae,Daphnia,Crustaceans;Standard Test Species,48.0,FW,,,,1999.0,japan_moe_official_summary,dsstox_casrn,unclassified,0.075,mg/L,3.705405445463842e-07,-6.431164264582407,202.407,,True,False,1,1,,,,0.0,,,,official_summary_table,not specified in summary,test material,immobilisation (Japanese table header: acute swimming inhibition),True,True,,,,,,,,,,,,,,,,,,,,,,,,,,,,,,,,,,,,,japan_moe_25103-58-6_daphnia_48h_ec50_p30_r22,Japan_MOE_official_summary,official_summary_source,MOE:30:22:daphnia_48h_ec50,0.075,False,,,official_summary_source,official_summary_not_individual_report_reviewed,https://www.env.go.jp/content/000316616.pdf,30.0,22.0
japan_moe__japan_moe_25103-58-6_fish_96h_lc50_p30_r22,25103-58-6,tert-Dodecanethiol,25103-58-6,DTXSID1025221,CC(C)C(C)(C)C(C)(C)C(C)(C)S,YAJYJWXEWKRTPO-UHFFFAOYSA-N,fish_96h_lc50,LC50,MOR,MORT,Oryzias latipes,Japanese Medaka,Chordata,Actinopterygii,Beloniformes,Adrianichthyidae,Oryzias,Fish;Standard Test Species,96.0,FW,,,,1999.0,japan_moe_official_summary,dsstox_casrn,unclassified,0.38,mg/L,1.8774054257016803e-06,-5.7264419313572965,202.407,,True,False,1,1,,,,0.0,,,,official_summary_table,not specified in summary,test material,mortality,True,True,,,,,,,,,,,,,,,,,,,,,,,,,,,,,,,,,,,,,japan_moe_25103-58-6_fish_96h_lc50_p30_r22,Japan_MOE_official_summary,official_summary_source,MOE:30:22:fish_96h_lc50,0.38,False,,,official_summary_source,official_summary_not_individual_report_reviewed,https://www.env.go.jp/content/000316616.pdf,30.0,22.0
japan_moe__japan_moe_26087-47-8_algae_72_96h_ec50_p31_r10,26087-47-8,Iprobenfos,26087-47-8,DTXSID7058040,CC(C)OP(=O)(OC(C)C)SCC1=CC=CC=C1,FCOAHACKGGIURQ-UHFFFAOYSA-N,algae_72_96h_ec50,EC50,GRO,GGRO,Pseudokirchneriella subcapitata,Green Alga,Chlorophyta,Chlorophyceae,Sphaeropleales,Selenastraceae,Pseudokirchneriella,Algae;Standard Test Species,72.0,FW,,,,1997.0,japan_moe_official_summary,dsstox_casrn,unclassified,9.4,mg/L,3.25993847733129e-05,-4.486790596008029,288.349,,True,False,1,1,,,,0.0,,,,official_summary_table,not specified in summary,test material,growth rate,True,True,,,,,,,,,,,,,,,,,,,,,,,,,,,,,,,,,,,,,japan_moe_26087-47-8_algae_72_96h_ec50_p31_r10,Japan_MOE_official_summary,official_summary_source,MOE:31:10:algae_72_96h_ec50,9.4,False,,,official_summary_source,official_summary_not_individual_report_reviewed,https://www.env.go.jp/content/000316616.pdf,31.0,10.0
japan_moe__japan_moe_26087-47-8_daphnia_48h_ec50_p31_r10,26087-47-8,Iprobenfos,26087-47-8,DTXSID7058040,CC(C)OP(=O)(OC(C)C)SCC1=CC=CC=C1,FCOAHACKGGIURQ-UHFFFAOYSA-N,daphnia_48h_ec50,EC50,ITX,IMBL,Daphnia magna,Water Flea,Arthropoda,Branchiopoda,Diplostraca,Daphniidae,Daphnia,Crustaceans;Standard Test Species,48.0,FW,,,,1997.0,japan_moe_official_summary,dsstox_casrn,unclassified,0.86,mg/L,2.9824969047924565e-06,-5.52541999836416,288.349,,True,False,1,1,,,,0.0,,,,official_summary_table,not specified in summary,test material,immobilisation (Japanese table header: acute swimming inhibition),True,True,,,,,,,,,,,,,,,,,,,,,,,,,,,,,,,,,,,,,japan_moe_26087-47-8_daphnia_48h_ec50_p31_r10,Japan_MOE_official_summary,official_summary_source,MOE:31:10:daphnia_48h_ec50,0.86,False,,,official_summary_source,official_summary_not_individual_report_reviewed,https://www.env.go.jp/content/000316616.pdf,31.0,10.0
japan_moe__japan_moe_26087-47-8_fish_96h_lc50_p31_r10,26087-47-8,Iprobenfos,26087-47-8,DTXSID7058040,CC(C)OP(=O)(OC(C)C)SCC1=CC=CC=C1,FCOAHACKGGIURQ-UHFFFAOYSA-N,fish_96h_lc50,LC50,MOR,MORT,Oryzias latipes,Japanese Medaka,Chordata,Actinopterygii,Beloniformes,Adrianichthyidae,Oryzias,Fish;Standard Test Species,96.0,FW,,,,1997.0,japan_moe_official_summary,dsstox_casrn,unclassified,3.4,mg/L,1.1791266832900408e-05,-4.928439532565473,288.349,,True,False,1,1,,,,0.0,,,,official_summary_table,not specified in summary,test material,mortality,True,True,,,,,,,,,,,,,,,,,,,,,,,,,,,,,,,,,,,,,japan_moe_26087-47-8_fish_96h_lc50_p31_r10,Japan_MOE_official_summary,official_summary_source,MOE:31:10:fish_96h_lc50,3.4,False,,,official_summary_source,official_summary_not_individual_report_reviewed,https://www.env.go.jp/content/000316616.pdf,31.0,10.0
japan_moe__japan_moe_27955-94-8_algae_72_96h_ec50_p31_r15,27955-94-8,"Phenol, 4,4',4''-ethylidynetris-",27955-94-8,DTXSID2037712,CC(C1=CC=C(O)C=C1)(C1=CC=C(O)C=C1)C1=CC=C(O)C=C1,BRPSWMCDEYMRPE-UHFFFAOYSA-N,algae_72_96h_ec50,EC50,GRO,GGRO,Pseudokirchneriella subcapitata,Green Alga,Chlorophyta,Chlorophyceae,Sphaeropleales,Selenastraceae,Pseudokirchneriella,Algae;Standard Test Species,72.0,FW,,,,2001.0,japan_moe_official_summary,dsstox_casrn,unclassified,3.9,mg/L,1.2730079873090894e-05,-4.895168871418316,306.36100000000005,,True,False,1,1,,,,0.0,,,,official_summary_table,not specified in summary,test material,growth rate,True,True,,,,,,,,,,,,,,,,,,,,,,,,,,,,,,,,,,,,,japan_moe_27955-94-8_algae_72_96h_ec50_p31_r15,Japan_MOE_official_summary,official_summary_source,MOE:31:15:algae_72_96h_ec50,3.9,False,,,official_summary_source,official_summary_not_individual_report_reviewed,https://www.env.go.jp/content/000316616.pdf,31.0,15.0
japan_moe__japan_moe_2840-28-0_algae_72_96h_ec50_p26_r9,2840-28-0,3-Amino-4-chlorobenzoic acid,2840-28-0,DTXSID8044414,NC1=C(Cl)C=CC(=C1)C(O)=O,DMGFVJVLVZOSOE-UHFFFAOYSA-N,algae_72_96h_ec50,EC50,GRO,GGRO,Pseudokirchneriella subcapitata,Green Alga,Chlorophyta,Chlorophyceae,Sphaeropleales,Selenastraceae,Pseudokirchneriella,Algae;Standard Test Species,72.0,FW,,,,2007.0,japan_moe_official_summary,dsstox_casrn,unclassified,11.0,mg/L,6.410891521887367e-05,-4.193081571711542,171.58299999999997,,True,False,1,1,,,,0.0,,,,official_summary_table,not specified in summary,test material,growth rate,True,True,,,,,,,,,,,,,,,,,,,,,,,,,,,,,,,,,,,,,japan_moe_2840-28-0_algae_72_96h_ec50_p26_r9,Japan_MOE_official_summary,official_summary_source,MOE:26:9:algae_72_96h_ec50,11.0,False,,,official_summary_source,official_summary_not_individual_report_reviewed,https://www.env.go.jp/content/000316616.pdf,26.0,9.0
japan_moe__japan_moe_2840-28-0_daphnia_48h_ec50_p26_r9,2840-28-0,3-Amino-4-chlorobenzoic acid,2840-28-0,DTXSID8044414,NC1=C(Cl)C=CC(=C1)C(O)=O,DMGFVJVLVZOSOE-UHFFFAOYSA-N,daphnia_48h_ec50,EC50,ITX,IMBL,Daphnia magna,Water Flea,Arthropoda,Branchiopoda,Diplostraca,Daphniidae,Daphnia,Crustaceans;Standard Test Species,48.0,FW,,,,2007.0,japan_moe_official_summary,dsstox_casrn,unclassified,6.9,mg/L,4.0213774091838944e-05,-4.395625166132512,171.58299999999997,,True,False,1,1,,,,0.0,,,,official_summary_table,not specified in summary,test material,immobilisation (Japanese table header: acute swimming inhibition),True,True,,,,,,,,,,,,,,,,,,,,,,,,,,,,,,,,,,,,,japan_moe_2840-28-0_daphnia_48h_ec50_p26_r9,Japan_MOE_official_summary,official_summary_source,MOE:26:9:daphnia_48h_ec50,6.9,False,,,official_summary_source,official_summary_not_individual_report_reviewed,https://www.env.go.jp/content/000316616.pdf,26.0,9.0
japan_moe__japan_moe_286-62-4_daphnia_48h_ec50_p19_r13,286-62-4,Cyclooctene oxide,286-62-4,DTXSID20951267,C1CCCC2OC2CC1,MELPJGOMEMRMPL-UHFFFAOYSA-N,daphnia_48h_ec50,EC50,ITX,IMBL,Daphnia magna,Water Flea,Arthropoda,Branchiopoda,Diplostraca,Daphniidae,Daphnia,Crustaceans;Standard Test Species,48.0,FW,,,,2007.0,japan_moe_official_summary,dsstox_casrn,unclassified,24.0,mg/L,0.0001901758334059,-3.720844671863684,126.19899999999998,,True,False,1,1,,,,0.0,,,,official_summary_table,not specified in summary,test material,immobilisation (Japanese table header: acute swimming inhibition),True,True,,,,,,,,,,,,,,,,,,,,,,,,,,,,,,,,,,,,,japan_moe_286-62-4_daphnia_48h_ec50_p19_r13,Japan_MOE_official_summary,official_summary_source,MOE:19:13:daphnia_48h_ec50,24.0,False,,,official_summary_source,official_summary_not_individual_report_reviewed,https://www.env.go.jp/content/000316616.pdf,19.0,13.0
japan_moe__japan_moe_286-62-4_fish_96h_lc50_p19_r13,286-62-4,Cyclooctene oxide,286-62-4,DTXSID20951267,C1CCCC2OC2CC1,MELPJGOMEMRMPL-UHFFFAOYSA-N,fish_96h_lc50,LC50,MOR,MORT,Oryzias latipes,Japanese Medaka,Chordata,Actinopterygii,Beloniformes,Adrianichthyidae,Oryzias,Fish;Standard Test Species,96.0,FW,,,,2007.0,japan_moe_official_summary,dsstox_casrn,unclassified,200.0,mg/L,0.0015847986117164,-2.800025917911309,126.19899999999998,,True,False,1,1,,,,0.0,,,,official_summary_table,not specified in summary,test material,mortality,True,True,,,,,,,,,,,,,,,,,,,,,,,,,,,,,,,,,,,,,japan_moe_286-62-4_fish_96h_lc50_p19_r13,Japan_MOE_official_summary,official_summary_source,MOE:19:13:fish_96h_lc50,200.0,False,,,official_summary_source,official_summary_not_individual_report_reviewed,https://www.env.go.jp/content/000316616.pdf,19.0,13.0
japan_moe__japan_moe_2867-47-2_algae_72_96h_ec50_p26_r10,2867-47-2,2-(Dimethylamino)ethyl methacrylate <DMMA>,2867-47-2,DTXSID1027504,CN(C)CCOC(=O)C(C)=C,JKNCOURZONDCGV-UHFFFAOYSA-N,algae_72_96h_ec50,EC50,GRO,GGRO,Pseudokirchneriella subcapitata,Green Alga,Chlorophyta,Chlorophyceae,Sphaeropleales,Selenastraceae,Pseudokirchneriella,Algae;Standard Test Species,72.0,FW,,,,1997.0,japan_moe_official_summary,dsstox_casrn,unclassified,9.0,mg/L,5.724717421587274e-05,-4.242245945717184,157.21299999999997,,True,False,1,1,,,,0.0,,,,official_summary_table,not specified in summary,test material,growth rate,True,True,,,,,,,,,,,,,,,,,,,,,,,,,,,,,,,,,,,,,japan_moe_2867-47-2_algae_72_96h_ec50_p26_r10,Japan_MOE_official_summary,official_summary_source,MOE:26:10:algae_72_96h_ec50,9.0,False,,,official_summary_source,official_summary_not_individual_report_reviewed,https://www.env.go.jp/content/000316616.pdf,26.0,10.0
japan_moe__japan_moe_2867-47-2_daphnia_48h_ec50_p26_r10,2867-47-2,2-(Dimethylamino)ethyl methacrylate <DMMA>,2867-47-2,DTXSID1027504,CN(C)CCOC(=O)C(C)=C,JKNCOURZONDCGV-UHFFFAOYSA-N,daphnia_48h_ec50,EC50,ITX,IMBL,Daphnia magna,Water Flea,Arthropoda,Branchiopoda,Diplostraca,Daphniidae,Daphnia,Crustaceans;Standard Test Species,48.0,FW,,,,1997.0,japan_moe_official_summary,dsstox_casrn,unclassified,33.0,mg/L,0.0002099063054582,-3.677974515278622,157.21299999999997,,True,False,1,1,,,,0.0,,,,official_summary_table,not specified in summary,test material,immobilisation (Japanese table header: acute swimming inhibition),True,True,,,,,,,,,,,,,,,,,,,,,,,,,,,,,,,,,,,,,japan_moe_2867-47-2_daphnia_48h_ec50_p26_r10,Japan_MOE_official_summary,official_summary_source,MOE:26:10:daphnia_48h_ec50,33.0,False,,,official_summary_source,official_summary_not_individual_report_reviewed,https://www.env.go.jp/content/000316616.pdf,26.0,10.0
japan_moe__japan_moe_2867-47-2_fish_96h_lc50_p26_r10,2867-47-2,2-(Dimethylamino)ethyl methacrylate <DMMA>,2867-47-2,DTXSID1027504,CN(C)CCOC(=O)C(C)=C,JKNCOURZONDCGV-UHFFFAOYSA-N,fish_96h_lc50,LC50,MOR,MORT,Oryzias latipes,Japanese Medaka,Chordata,Actinopterygii,Beloniformes,Adrianichthyidae,Oryzias,Fish;Standard Test Species,96.0,FW,,,,1997.0,japan_moe_official_summary,dsstox_casrn,unclassified,19.0,mg/L,0.0001208551455668,-3.917734854203681,157.21299999999997,,True,False,1,1,,,,0.0,,,,official_summary_table,not specified in summary,test material,mortality,True,True,,,,,,,,,,,,,,,,,,,,,,,,,,,,,,,,,,,,,japan_moe_2867-47-2_fish_96h_lc50_p26_r10,Japan_MOE_official_summary,official_summary_source,MOE:26:10:fish_96h_lc50,19.0,False,,,official_summary_source,official_summary_not_individual_report_reviewed,https://www.env.go.jp/content/000316616.pdf,26.0,10.0
japan_moe__japan_moe_29082-74-4_daphnia_48h_ec50_p31_r17,29082-74-4,Octachlorostyrene,29082-74-4,DTXSID2021074,ClC(Cl)=C(Cl)C1=C(Cl)C(Cl)=C(Cl)C(Cl)=C1Cl,RUYUCCQRWINUHE-UHFFFAOYSA-N,daphnia_48h_ec50,EC50,ITX,IMBL,Daphnia magna,Water Flea,Arthropoda,Branchiopoda,Diplostraca,Daphniidae,Daphnia,Crustaceans;Standard Test Species,48.0,FW,,,,2000.0,japan_moe_official_summary,dsstox_casrn,unclassified,0.0058,mg/L,1.5274734535648066e-08,-7.8160263287584035,379.7120000000001,,True,False,1,1,,,,0.0,,,,official_summary_table,not specified in summary,test material,immobilisation (Japanese table header: acute swimming inhibition),True,True,,,,,,,,,,,,,,,,,,,,,,,,,,,,,,,,,,,,,japan_moe_29082-74-4_daphnia_48h_ec50_p31_r17,Japan_MOE_official_summary,official_summary_source,MOE:31:17:daphnia_48h_ec50,0.0058,False,,,official_summary_source,official_summary_not_individual_report_reviewed,https://www.env.go.jp/content/000316616.pdf,31.0,17.0
japan_moe__japan_moe_298-06-6_daphnia_48h_ec50_p19_r14,298-06-6,"O,O-Diethyldithio phosphate",298-06-6,DTXSID6027133,CCOP(S)(=S)OCC,IRDLUHRVLVEUHA-UHFFFAOYSA-N,daphnia_48h_ec50,EC50,ITX,IMBL,Daphnia magna,Water Flea,Arthropoda,Branchiopoda,Diplostraca,Daphniidae,Daphnia,Crustaceans;Standard Test Species,48.0,FW,,,,2003.0,japan_moe_official_summary,dsstox_casrn,unclassified,4.5,mg/L,2.416263061244214e-05,-4.616855785354097,186.238,,True,False,1,1,,,,0.0,,,,official_summary_table,not specified in summary,test material,immobilisation (Japanese table header: acute swimming inhibition),True,True,,,,,,,,,,,,,,,,,,,,,,,,,,,,,,,,,,,,,japan_moe_298-06-6_daphnia_48h_ec50_p19_r14,Japan_MOE_official_summary,official_summary_source,MOE:19:14:daphnia_48h_ec50,4.5,False,,,official_summary_source,official_summary_not_individual_report_reviewed,https://www.env.go.jp/content/000316616.pdf,19.0,14.0
japan_moe__japan_moe_298-06-6_fish_96h_lc50_p19_r14,298-06-6,"O,O-Diethyldithio phosphate",298-06-6,DTXSID6027133,CCOP(S)(=S)OCC,IRDLUHRVLVEUHA-UHFFFAOYSA-N,fish_96h_lc50,LC50,MOR,MORT,Oryzias latipes,Japanese Medaka,Chordata,Actinopterygii,Beloniformes,Adrianichthyidae,Oryzias,Fish;Standard Test Species,96.0,FW,,,,2003.0,japan_moe_official_summary,dsstox_casrn,unclassified,66.0,mg/L,0.0003543852489824,-3.4505243635875718,186.238,,True,False,1,1,,,,0.0,,,,official_summary_table,not specified in summary,test material,mortality,True,True,,,,,,,,,,,,,,,,,,,,,,,,,,,,,,,,,,,,,japan_moe_298-06-6_fish_96h_lc50_p19_r14,Japan_MOE_official_summary,official_summary_source,MOE:19:14:fish_96h_lc50,66.0,False,,,official_summary_source,official_summary_not_individual_report_reviewed,https://www.env.go.jp/content/000316616.pdf,19.0,14.0
japan_moe__japan_moe_298-07-7_daphnia_48h_ec50_p19_r15,298-07-7,Di(2-ethylhexyl) phosphate,298-07-7,DTXSID1027134,CCCCC(CC)COP(O)(=O)OCC(CC)CCCC,SEGLCEQVOFDUPX-UHFFFAOYSA-N,daphnia_48h_ec50,EC50,ITX,IMBL,Daphnia magna,Water Flea,Arthropoda,Branchiopoda,Diplostraca,Daphniidae,Daphnia,Crustaceans;Standard Test Species,48.0,FW,,,,2009.0,japan_moe_official_summary,dsstox_casrn,unclassified,15.0,mg/L,4.652230279195845e-05,-4.33233879641374,322.4260000000001,,True,False,1,1,,,,0.0,,,,official_summary_table,not specified in summary,test material,immobilisation (Japanese table header: acute swimming inhibition),True,True,,,,,,,,,,,,,,,,,,,,,,,,,,,,,,,,,,,,,japan_moe_298-07-7_daphnia_48h_ec50_p19_r15,Japan_MOE_official_summary,official_summary_source,MOE:19:15:daphnia_48h_ec50,15.0,False,,,official_summary_source,official_summary_not_individual_report_reviewed,https://www.env.go.jp/content/000316616.pdf,19.0,15.0
japan_moe__japan_moe_298-12-4_algae_72_96h_ec50_p19_r16,298-12-4,Glyoxylic acid,298-12-4,DTXSID5021594,OC(=O)C=O,HHLFWLYXYJOTON-UHFFFAOYSA-N,algae_72_96h_ec50,EC50,GRO,GGRO,Pseudokirchneriella subcapitata,Green Alga,Chlorophyta,Chlorophyceae,Sphaeropleales,Selenastraceae,Pseudokirchneriella,Algae;Standard Test Species,72.0,FW,,,,1998.0,japan_moe_official_summary,dsstox_casrn,unclassified,33.0,mg/L,0.0004457351252785,-3.3509231408440683,74.03500000000001,,True,False,1,1,,,,0.0,,,,official_summary_table,not specified in summary,test material,growth rate,True,True,,,,,,,,,,,,,,,,,,,,,,,,,,,,,,,,,,,,,japan_moe_298-12-4_algae_72_96h_ec50_p19_r16,Japan_MOE_official_summary,official_summary_source,MOE:19:16:algae_72_96h_ec50,33.0,False,,,official_summary_source,official_summary_not_individual_report_reviewed,https://www.env.go.jp/content/000316616.pdf,19.0,16.0
japan_moe__japan_moe_298-12-4_daphnia_48h_ec50_p19_r16,298-12-4,Glyoxylic acid,298-12-4,DTXSID5021594,OC(=O)C=O,HHLFWLYXYJOTON-UHFFFAOYSA-N,daphnia_48h_ec50,EC50,ITX,IMBL,Daphnia magna,Water Flea,Arthropoda,Branchiopoda,Diplostraca,Daphniidae,Daphnia,Crustaceans;Standard Test Species,48.0,FW,,,,1998.0,japan_moe_official_summary,dsstox_casrn,unclassified,51.0,mg/L,0.0006888633754305,-3.1618669046240195,74.03500000000001,,True,False,1,1,,,,0.0,,,,official_summary_table,not specified in summary,test material,immobilisation (Japanese table header: acute swimming inhibition),True,True,,,,,,,,,,,,,,,,,,,,,,,,,,,,,,,,,,,,,japan_moe_298-12-4_daphnia_48h_ec50_p19_r16,Japan_MOE_official_summary,official_summary_source,MOE:19:16:daphnia_48h_ec50,51.0,False,,,official_summary_source,official_summary_not_individual_report_reviewed,https://www.env.go.jp/content/000316616.pdf,19.0,16.0
japan_moe__japan_moe_298-12-4_fish_96h_lc50_p19_r16,298-12-4,Glyoxylic acid,298-12-4,DTXSID5021594,OC(=O)C=O,HHLFWLYXYJOTON-UHFFFAOYSA-N,fish_96h_lc50,LC50,MOR,MORT,Oryzias latipes,Japanese Medaka,Chordata,Actinopterygii,Beloniformes,Adrianichthyidae,Oryzias,Fish;Standard Test Species,96.0,FW,,,,1998.0,japan_moe_official_summary,dsstox_casrn,unclassified,41.0,mg/L,0.0005537921253461,-3.2566532240022203,74.03500000000001,,True,False,1,1,,,,0.0,,,,official_summary_table,not specified in summary,test material,mortality,True,True,,,,,,,,,,,,,,,,,,,,,,,,,,,,,,,,,,,,,japan_moe_298-12-4_fish_96h_lc50_p19_r16,Japan_MOE_official_summary,official_summary_source,MOE:19:16:fish_96h_lc50,41.0,False,,,official_summary_source,official_summary_not_individual_report_reviewed,https://www.env.go.jp/content/000316616.pdf,19.0,16.0
japan_moe__japan_moe_3006-82-4_algae_72_96h_ec50_p26_r11,3006-82-4,tert-Butyl 2-ethylperoxyhexanoate,3006-82-4,DTXSID0027511,CCCCC(CC)C(=O)OOC(C)(C)C,WYKYCHHWIJXDAO-UHFFFAOYSA-N,algae_72_96h_ec50,EC50,GRO,GGRO,Pseudokirchneriella subcapitata,Green Alga,Chlorophyta,Chlorophyceae,Sphaeropleales,Selenastraceae,Pseudokirchneriella,Algae;Standard Test Species,72.0,FW,,,,2002.0,japan_moe_official_summary,dsstox_casrn,unclassified,0.3,mg/L,1.386827908524831e-06,-5.8579774271855465,216.321,,True,False,1,1,,,,0.0,,,,official_summary_table,not specified in summary,test material,growth rate,True,True,,,,,,,,,,,,,,,,,,,,,,,,,,,,,,,,,,,,,japan_moe_3006-82-4_algae_72_96h_ec50_p26_r11,Japan_MOE_official_summary,official_summary_source,MOE:26:11:algae_72_96h_ec50,0.3,False,,,official_summary_source,official_summary_not_individual_report_reviewed,https://www.env.go.jp/content/000316616.pdf,26.0,11.0
japan_moe__japan_moe_3006-82-4_daphnia_48h_ec50_p26_r11,3006-82-4,tert-Butyl 2-ethylperoxyhexanoate,3006-82-4,DTXSID0027511,CCCCC(CC)C(=O)OOC(C)(C)C,WYKYCHHWIJXDAO-UHFFFAOYSA-N,daphnia_48h_ec50,EC50,ITX,IMBL,Daphnia magna,Water Flea,Arthropoda,Branchiopoda,Diplostraca,Daphniidae,Daphnia,Crustaceans;Standard Test Species,48.0,FW,,,,2002.0,japan_moe_official_summary,dsstox_casrn,unclassified,3.9,mg/L,1.802876281082281e-05,-4.7440340748787095,216.321,,True,False,1,1,,,,0.0,,,,official_summary_table,not specified in summary,test material,immobilisation (Japanese table header: acute swimming inhibition),True,True,,,,,,,,,,,,,,,,,,,,,,,,,,,,,,,,,,,,,japan_moe_3006-82-4_daphnia_48h_ec50_p26_r11,Japan_MOE_official_summary,official_summary_source,MOE:26:11:daphnia_48h_ec50,3.9,False,,,official_summary_source,official_summary_not_individual_report_reviewed,https://www.env.go.jp/content/000316616.pdf,26.0,11.0
japan_moe__japan_moe_3006-82-4_fish_96h_lc50_p26_r11,3006-82-4,tert-Butyl 2-ethylperoxyhexanoate,3006-82-4,DTXSID0027511,CCCCC(CC)C(=O)OOC(C)(C)C,WYKYCHHWIJXDAO-UHFFFAOYSA-N,fish_96h_lc50,LC50,MOR,MORT,Oryzias latipes,Japanese Medaka,Chordata,Actinopterygii,Beloniformes,Adrianichthyidae,Oryzias,Fish;Standard Test Species,96.0,FW,,,,2002.0,japan_moe_official_summary,dsstox_casrn,unclassified,4.6,mg/L,2.1264694597380744e-05,-4.672340850223635,216.321,,True,False,1,1,,,,0.0,,,,official_summary_table,not specified in summary,test material,mortality,True,True,,,,,,,,,,,,,,,,,,,,,,,,,,,,,,,,,,,,,japan_moe_3006-82-4_fish_96h_lc50_p26_r11,Japan_MOE_official_summary,official_summary_source,MOE:26:11:fish_96h_lc50,4.6,False,,,official_summary_source,official_summary_not_individual_report_reviewed,https://www.env.go.jp/content/000316616.pdf,26.0,11.0
japan_moe__japan_moe_30171-80-3_algae_72_96h_ec50_p31_r20,30171-80-3,Dibromocresyl glycidyl ether,30171-80-3,DTXSID90865529,BrC(Br)C1=CC=CC=C1OCC1CO1,RUBIQRSGTVJYHR-UHFFFAOYSA-N,algae_72_96h_ec50,EC50,GRO,GGRO,Pseudokirchneriella subcapitata,Green Alga,Chlorophyta,Chlorophyceae,Sphaeropleales,Selenastraceae,Pseudokirchneriella,Algae;Standard Test Species,72.0,FW,,,,2004.0,japan_moe_official_summary,dsstox_casrn,unclassified,0.61,mg/L,1.8944334712232444e-06,-5.722520641689046,321.9960000000001,,True,False,1,1,,,,0.0,,,,official_summary_table,not specified in summary,test material,growth rate,True,True,,,,,,,,,,,,,,,,,,,,,,,,,,,,,,,,,,,,,japan_moe_30171-80-3_algae_72_96h_ec50_p31_r20,Japan_MOE_official_summary,official_summary_source,MOE:31:20:algae_72_96h_ec50,0.61,False,,,official_summary_source,official_summary_not_individual_report_reviewed,https://www.env.go.jp/content/000316616.pdf,31.0,20.0
japan_moe__japan_moe_30171-80-3_daphnia_48h_ec50_p31_r20,30171-80-3,Dibromocresyl glycidyl ether,30171-80-3,DTXSID90865529,BrC(Br)C1=CC=CC=C1OCC1CO1,RUBIQRSGTVJYHR-UHFFFAOYSA-N,daphnia_48h_ec50,EC50,ITX,IMBL,Daphnia magna,Water Flea,Arthropoda,Branchiopoda,Diplostraca,Daphniidae,Daphnia,Crustaceans;Standard Test Species,48.0,FW,,,,2004.0,japan_moe_official_summary,dsstox_casrn,unclassified,1.3,mg/L,4.037317233754455e-06,-5.393907124392976,321.9960000000001,,True,False,1,1,,,,0.0,,,,official_summary_table,not specified in summary,test material,immobilisation (Japanese table header: acute swimming inhibition),True,True,,,,,,,,,,,,,,,,,,,,,,,,,,,,,,,,,,,,,japan_moe_30171-80-3_daphnia_48h_ec50_p31_r20,Japan_MOE_official_summary,official_summary_source,MOE:31:20:daphnia_48h_ec50,1.3,False,,,official_summary_source,official_summary_not_individual_report_reviewed,https://www.env.go.jp/content/000316616.pdf,31.0,20.0
japan_moe__japan_moe_30171-80-3_fish_96h_lc50_p31_r20,30171-80-3,Dibromocresyl glycidyl ether,30171-80-3,DTXSID90865529,BrC(Br)C1=CC=CC=C1OCC1CO1,RUBIQRSGTVJYHR-UHFFFAOYSA-N,fish_96h_lc50,LC50,MOR,MORT,Oryzias latipes,Japanese Medaka,Chordata,Actinopterygii,Beloniformes,Adrianichthyidae,Oryzias,Fish;Standard Test Species,96.0,FW,,,,2004.0,japan_moe_official_summary,dsstox_casrn,unclassified,1.3,mg/L,4.037317233754455e-06,-5.393907124392976,321.9960000000001,,True,False,1,1,,,,0.0,,,,official_summary_table,not specified in summary,test material,mortality,True,True,,,,,,,,,,,,,,,,,,,,,,,,,,,,,,,,,,,,,japan_moe_30171-80-3_fish_96h_lc50_p31_r20,Japan_MOE_official_summary,official_summary_source,MOE:31:20:fish_96h_lc50,1.3,False,,,official_summary_source,official_summary_not_individual_report_reviewed,https://www.env.go.jp/content/000316616.pdf,31.0,20.0
japan_moe__japan_moe_3030-47-5_algae_72_96h_ec50_p26_r13,3030-47-5,"N-Methyl-N,N-bis(2- dimethylaminoethyl)amine",3030-47-5,DTXSID7029249,CN(C)CCN(C)CCN(C)C,UKODFQOELJFMII-UHFFFAOYSA-N,algae_72_96h_ec50,EC50,GRO,GGRO,Pseudokirchneriella subcapitata,Green Alga,Chlorophyta,Chlorophyceae,Sphaeropleales,Selenastraceae,Pseudokirchneriella,Algae;Standard Test Species,72.0,FW,,,,2007.0,japan_moe_official_summary,dsstox_casrn,unclassified,52.0,mg/L,0.0003000507778239,-3.5228052430715,173.304,,True,False,1,1,,,,0.0,,,,official_summary_table,not specified in summary,test material,growth rate,True,True,,,,,,,,,,,,,,,,,,,,,,,,,,,,,,,,,,,,,japan_moe_3030-47-5_algae_72_96h_ec50_p26_r13,Japan_MOE_official_summary,official_summary_source,MOE:26:13:algae_72_96h_ec50,52.0,False,,,official_summary_source,official_summary_not_individual_report_reviewed,https://www.env.go.jp/content/000316616.pdf,26.0,13.0
japan_moe__japan_moe_3030-47-5_daphnia_48h_ec50_p26_r13,3030-47-5,"N-Methyl-N,N-bis(2- dimethylaminoethyl)amine",3030-47-5,DTXSID7029249,CN(C)CCN(C)CCN(C)C,UKODFQOELJFMII-UHFFFAOYSA-N,daphnia_48h_ec50,EC50,ITX,IMBL,Daphnia magna,Water Flea,Arthropoda,Branchiopoda,Diplostraca,Daphniidae,Daphnia,Crustaceans;Standard Test Species,48.0,FW,,,,2007.0,japan_moe_official_summary,dsstox_casrn,unclassified,51.0,mg/L,0.000294280570558,-3.531238410608362,173.304,,True,False,1,1,,,,0.0,,,,official_summary_table,not specified in summary,test material,immobilisation (Japanese table header: acute swimming inhibition),True,True,,,,,,,,,,,,,,,,,,,,,,,,,,,,,,,,,,,,,japan_moe_3030-47-5_daphnia_48h_ec50_p26_r13,Japan_MOE_official_summary,official_summary_source,MOE:26:13:daphnia_48h_ec50,51.0,False,,,official_summary_source,official_summary_not_individual_report_reviewed,https://www.env.go.jp/content/000316616.pdf,26.0,13.0
japan_moe__japan_moe_3048-65-5_algae_72_96h_ec50_p26_r14,3048-65-5,"3a,4,7,7a-Tetrahydro-1H-indene",3048-65-5,DTXSID0027515,C1C=CC2CC=CCC12,UFERIGCCDYCZLN-UHFFFAOYSA-N,algae_72_96h_ec50,EC50,GRO,GGRO,Pseudokirchneriella subcapitata,Green Alga,Chlorophyta,Chlorophyceae,Sphaeropleales,Selenastraceae,Pseudokirchneriella,Algae;Standard Test Species,72.0,FW,,,,1996.0,japan_moe_official_summary,dsstox_casrn,unclassified,7.0,mg/L,5.823869545322186e-05,-4.23478836178246,120.19499999999998,,True,False,1,1,,,,0.0,,,,official_summary_table,not specified in summary,test material,growth rate,True,True,,,,,,,,,,,,,,,,,,,,,,,,,,,,,,,,,,,,,japan_moe_3048-65-5_algae_72_96h_ec50_p26_r14,Japan_MOE_official_summary,official_summary_source,MOE:26:14:algae_72_96h_ec50,7.0,False,,,official_summary_source,official_summary_not_individual_report_reviewed,https://www.env.go.jp/content/000316616.pdf,26.0,14.0
japan_moe__japan_moe_3048-65-5_daphnia_48h_ec50_p26_r14,3048-65-5,"3a,4,7,7a-Tetrahydro-1H-indene",3048-65-5,DTXSID0027515,C1C=CC2CC=CCC12,UFERIGCCDYCZLN-UHFFFAOYSA-N,daphnia_48h_ec50,EC50,ITX,IMBL,Daphnia magna,Water Flea,Arthropoda,Branchiopoda,Diplostraca,Daphniidae,Daphnia,Crustaceans;Standard Test Species,48.0,FW,,,,1996.0,japan_moe_official_summary,dsstox_casrn,unclassified,0.73,mg/L,6.073463954407422e-06,-5.216563541676261,120.19499999999998,,True,False,1,1,,,,0.0,,,,official_summary_table,not specified in summary,test material,immobilisation (Japanese table header: acute swimming inhibition),True,True,,,,,,,,,,,,,,,,,,,,,,,,,,,,,,,,,,,,,japan_moe_3048-65-5_daphnia_48h_ec50_p26_r14,Japan_MOE_official_summary,official_summary_source,MOE:26:14:daphnia_48h_ec50,0.73,False,,,official_summary_source,official_summary_not_individual_report_reviewed,https://www.env.go.jp/content/000316616.pdf,26.0,14.0
japan_moe__japan_moe_3048-65-5_fish_96h_lc50_p26_r14,3048-65-5,"3a,4,7,7a-Tetrahydro-1H-indene",3048-65-5,DTXSID0027515,C1C=CC2CC=CCC12,UFERIGCCDYCZLN-UHFFFAOYSA-N,fish_96h_lc50,LC50,MOR,MORT,Oryzias latipes,Japanese Medaka,Chordata,Actinopterygii,Beloniformes,Adrianichthyidae,Oryzias,Fish;Standard Test Species,96.0,FW,,,,1996.0,japan_moe_official_summary,dsstox_casrn,unclassified,4.4,mg/L,3.660717999916803e-05,-4.436433725310529,120.19499999999998,,True,False,1,1,,,,0.0,,,,official_summary_table,not specified in summary,test material,mortality,True,True,,,,,,,,,,,,,,,,,,,,,,,,,,,,,,,,,,,,,japan_moe_3048-65-5_fish_96h_lc50_p26_r14,Japan_MOE_official_summary,official_summary_source,MOE:26:14:fish_96h_lc50,4.4,False,,,official_summary_source,official_summary_not_individual_report_reviewed,https://www.env.go.jp/content/000316616.pdf,26.0,14.0
japan_moe__japan_moe_31127-54-5_algae_72_96h_ec50_p31_r21,31127-54-5,"2,3,4,4'-Tetrahydroxybenzophenone",31127-54-5,DTXSID5047956,OC1=CC=C(C=C1)C(=O)C1=CC=C(O)C(O)=C1O,ZRDYULMDEGRWRC-UHFFFAOYSA-N,algae_72_96h_ec50,EC50,GRO,GGRO,Pseudokirchneriella subcapitata,Green Alga,Chlorophyta,Chlorophyceae,Sphaeropleales,Selenastraceae,Pseudokirchneriella,Algae;Standard Test Species,72.0,FW,,,,2005.0,japan_moe_official_summary,dsstox_casrn,unclassified,0.54,mg/L,2.19317840287875e-06,-5.658926039442198,246.218,,True,False,1,1,,,,0.0,,,,official_summary_table,not specified in summary,test material,growth rate,True,True,,,,,,,,,,,,,,,,,,,,,,,,,,,,,,,,,,,,,japan_moe_31127-54-5_algae_72_96h_ec50_p31_r21,Japan_MOE_official_summary,official_summary_source,MOE:31:21:algae_72_96h_ec50,0.54,False,,,official_summary_source,official_summary_not_individual_report_reviewed,https://www.env.go.jp/content/000316616.pdf,31.0,21.0
japan_moe__japan_moe_31127-54-5_daphnia_48h_ec50_p31_r21,31127-54-5,"2,3,4,4'-Tetrahydroxybenzophenone",31127-54-5,DTXSID5047956,OC1=CC=C(C=C1)C(=O)C1=CC=C(O)C(O)=C1O,ZRDYULMDEGRWRC-UHFFFAOYSA-N,daphnia_48h_ec50,EC50,ITX,IMBL,Daphnia magna,Water Flea,Arthropoda,Branchiopoda,Diplostraca,Daphniidae,Daphnia,Crustaceans;Standard Test Species,48.0,FW,,,,2005.0,japan_moe_official_summary,dsstox_casrn,unclassified,39.0,mg/L,0.0001583962179856,-3.800255192238667,246.218,,True,False,1,1,,,,0.0,,,,official_summary_table,not specified in summary,test material,immobilisation (Japanese table header: acute swimming inhibition),True,True,,,,,,,,,,,,,,,,,,,,,,,,,,,,,,,,,,,,,japan_moe_31127-54-5_daphnia_48h_ec50_p31_r21,Japan_MOE_official_summary,official_summary_source,MOE:31:21:daphnia_48h_ec50,39.0,False,,,official_summary_source,official_summary_not_individual_report_reviewed,https://www.env.go.jp/content/000316616.pdf,31.0,21.0
japan_moe__japan_moe_31127-54-5_fish_96h_lc50_p31_r21,31127-54-5,"2,3,4,4'-Tetrahydroxybenzophenone",31127-54-5,DTXSID5047956,OC1=CC=C(C=C1)C(=O)C1=CC=C(O)C(O)=C1O,ZRDYULMDEGRWRC-UHFFFAOYSA-N,fish_96h_lc50,LC50,MOR,MORT,Oryzias latipes,Japanese Medaka,Chordata,Actinopterygii,Beloniformes,Adrianichthyidae,Oryzias,Fish;Standard Test Species,96.0,FW,,,,2005.0,japan_moe_official_summary,dsstox_casrn,unclassified,36.0,mg/L,0.0001462118935252,-3.835017298497879,246.218,,True,False,1,1,,,,0.0,,,,official_summary_table,not specified in summary,test material,mortality,True,True,,,,,,,,,,,,,,,,,,,,,,,,,,,,,,,,,,,,,japan_moe_31127-54-5_fish_96h_lc50_p31_r21,Japan_MOE_official_summary,official_summary_source,MOE:31:21:fish_96h_lc50,36.0,False,,,official_summary_source,official_summary_not_individual_report_reviewed,https://www.env.go.jp/content/000316616.pdf,31.0,21.0
japan_moe__japan_moe_3268-49-3_algae_72_96h_ec50_p26_r15,3268-49-3,3-(Methylthio)propionaldehyde,3268-49-3,DTXSID9027528,CSCCC=O,CLUWOWRTHNNBBU-UHFFFAOYSA-N,algae_72_96h_ec50,EC50,GRO,GGRO,Pseudokirchneriella subcapitata,Green Alga,Chlorophyta,Chlorophyceae,Sphaeropleales,Selenastraceae,Pseudokirchneriella,Algae;Standard Test Species,72.0,FW,,,,1998.0,japan_moe_official_summary,dsstox_casrn,unclassified,0.99,mg/L,9.503330965500029e-06,-5.022124145618242,104.174,,True,False,1,1,,,,0.0,,,,official_summary_table,not specified in summary,test material,growth rate,True,True,,,,,,,,,,,,,,,,,,,,,,,,,,,,,,,,,,,,,japan_moe_3268-49-3_algae_72_96h_ec50_p26_r15,Japan_MOE_official_summary,official_summary_source,MOE:26:15:algae_72_96h_ec50,0.99,False,,,official_summary_source,official_summary_not_individual_report_reviewed,https://www.env.go.jp/content/000316616.pdf,26.0,15.0
japan_moe__japan_moe_3268-49-3_daphnia_48h_ec50_p26_r15,3268-49-3,3-(Methylthio)propionaldehyde,3268-49-3,DTXSID9027528,CSCCC=O,CLUWOWRTHNNBBU-UHFFFAOYSA-N,daphnia_48h_ec50,EC50,ITX,IMBL,Daphnia magna,Water Flea,Arthropoda,Branchiopoda,Diplostraca,Daphniidae,Daphnia,Crustaceans;Standard Test Species,48.0,FW,,,,1998.0,japan_moe_official_summary,dsstox_casrn,unclassified,7.2,mg/L,6.911513429454566e-05,-4.160426843784523,104.174,,True,False,1,1,,,,0.0,,,,official_summary_table,not specified in summary,test material,immobilisation (Japanese table header: acute swimming inhibition),True,True,,,,,,,,,,,,,,,,,,,,,,,,,,,,,,,,,,,,,japan_moe_3268-49-3_daphnia_48h_ec50_p26_r15,Japan_MOE_official_summary,official_summary_source,MOE:26:15:daphnia_48h_ec50,7.2,False,,,official_summary_source,official_summary_not_individual_report_reviewed,https://www.env.go.jp/content/000316616.pdf,26.0,15.0
japan_moe__japan_moe_3268-49-3_fish_96h_lc50_p26_r15,3268-49-3,3-(Methylthio)propionaldehyde,3268-49-3,DTXSID9027528,CSCCC=O,CLUWOWRTHNNBBU-UHFFFAOYSA-N,fish_96h_lc50,LC50,MOR,MORT,Oryzias latipes,Japanese Medaka,Chordata,Actinopterygii,Beloniformes,Adrianichthyidae,Oryzias,Fish;Standard Test Species,96.0,FW,,,,1998.0,japan_moe_official_summary,dsstox_casrn,unclassified,7.0,mg/L,6.719526945303051e-05,-4.172661300201535,104.174,,True,False,1,1,,,,0.0,,,,official_summary_table,not specified in summary,test material,mortality,True,True,,,,,,,,,,,,,,,,,,,,,,,,,,,,,,,,,,,,,japan_moe_3268-49-3_fish_96h_lc50_p26_r15,Japan_MOE_official_summary,official_summary_source,MOE:26:15:fish_96h_lc50,7.0,False,,,official_summary_source,official_summary_not_individual_report_reviewed,https://www.env.go.jp/content/000316616.pdf,26.0,15.0
japan_moe__japan_moe_3295-94-1_daphnia_48h_ec50_p26_r17,3295-94-1,Allyl n-hexyl ether,3295-94-1,DTXSID00294987,CCCCCCOCC=C,SNUXIIWZWKDULZ-UHFFFAOYSA-N,daphnia_48h_ec50,EC50,ITX,IMBL,Daphnia magna,Water Flea,Arthropoda,Branchiopoda,Diplostraca,Daphniidae,Daphnia,Crustaceans;Standard Test Species,48.0,FW,,,,2005.0,japan_moe_official_summary,dsstox_casrn,unclassified,2.4,mg/L,1.687265364660227e-05,-4.772816608374441,142.242,,True,False,1,1,,,,0.0,,,,official_summary_table,not specified in summary,test material,immobilisation (Japanese table header: acute swimming inhibition),True,True,,,,,,,,,,,,,,,,,,,,,,,,,,,,,,,,,,,,,japan_moe_3295-94-1_daphnia_48h_ec50_p26_r17,Japan_MOE_official_summary,official_summary_source,MOE:26:17:daphnia_48h_ec50,2.4,False,,,official_summary_source,official_summary_not_individual_report_reviewed,https://www.env.go.jp/content/000316616.pdf,26.0,17.0
japan_moe__japan_moe_3295-94-1_fish_96h_lc50_p26_r17,3295-94-1,Allyl n-hexyl ether,3295-94-1,DTXSID00294987,CCCCCCOCC=C,SNUXIIWZWKDULZ-UHFFFAOYSA-N,fish_96h_lc50,LC50,MOR,MORT,Oryzias latipes,Japanese Medaka,Chordata,Actinopterygii,Beloniformes,Adrianichthyidae,Oryzias,Fish;Standard Test Species,96.0,FW,,,,2005.0,japan_moe_official_summary,dsstox_casrn,unclassified,4.9,mg/L,3.444833452847964e-05,-4.462831770057533,142.242,,True,False,1,1,,,,0.0,,,,official_summary_table,not specified in summary,test material,mortality,True,True,,,,,,,,,,,,,,,,,,,,,,,,,,,,,,,,,,,,,japan_moe_3295-94-1_fish_96h_lc50_p26_r17,Japan_MOE_official_summary,official_summary_source,MOE:26:17:fish_96h_lc50,4.9,False,,,official_summary_source,official_summary_not_individual_report_reviewed,https://www.env.go.jp/content/000316616.pdf,26.0,17.0
japan_moe__japan_moe_334-48-5_algae_72_96h_ec50_p19_r18,334-48-5,Decanoic acid,334-48-5,DTXSID9021554,CCCCCCCCCC(O)=O,GHVNFZFCNZKVNT-UHFFFAOYSA-N,algae_72_96h_ec50,EC50,GRO,GGRO,Pseudokirchneriella subcapitata,Green Alga,Chlorophyta,Chlorophyceae,Sphaeropleales,Selenastraceae,Pseudokirchneriella,Algae;Standard Test Species,72.0,FW,,,,1998.0,japan_moe_official_summary,dsstox_casrn,unclassified,12.0,mg/L,6.965890356885783e-05,-4.15702336561913,172.268,,True,False,1,1,,,,0.0,,,,official_summary_table,not specified in summary,test material,growth rate,True,True,,,,,,,,,,,,,,,,,,,,,,,,,,,,,,,,,,,,,japan_moe_334-48-5_algae_72_96h_ec50_p19_r18,Japan_MOE_official_summary,official_summary_source,MOE:19:18:algae_72_96h_ec50,12.0,False,,,official_summary_source,official_summary_not_individual_report_reviewed,https://www.env.go.jp/content/000316616.pdf,19.0,18.0
japan_moe__japan_moe_3452-97-9_daphnia_48h_ec50_p26_r20,3452-97-9,"3,5,5-Trimethyl-1-hexanol",3452-97-9,DTXSID7029661,CC(CCO)CC(C)(C)C,BODRLKRKPXBDBN-UHFFFAOYSA-N,daphnia_48h_ec50,EC50,ITX,IMBL,Daphnia magna,Water Flea,Arthropoda,Branchiopoda,Diplostraca,Daphniidae,Daphnia,Crustaceans;Standard Test Species,48.0,FW,,,,1996.0,japan_moe_official_summary,dsstox_casrn,unclassified,6.8,mg/L,4.713776705624645e-05,-4.326630994109513,144.25799999999998,,True,False,1,1,,,,0.0,,,,official_summary_table,not specified in summary,test material,immobilisation (Japanese table header: acute swimming inhibition),True,True,,,,,,,,,,,,,,,,,,,,,,,,,,,,,,,,,,,,,japan_moe_3452-97-9_daphnia_48h_ec50_p26_r20,Japan_MOE_official_summary,official_summary_source,MOE:26:20:daphnia_48h_ec50,6.8,False,,,official_summary_source,official_summary_not_individual_report_reviewed,https://www.env.go.jp/content/000316616.pdf,26.0,20.0
japan_moe__japan_moe_3452-97-9_fish_96h_lc50_p26_r20,3452-97-9,"3,5,5-Trimethyl-1-hexanol",3452-97-9,DTXSID7029661,CC(CCO)CC(C)(C)C,BODRLKRKPXBDBN-UHFFFAOYSA-N,fish_96h_lc50,LC50,MOR,MORT,Oryzias latipes,Japanese Medaka,Chordata,Actinopterygii,Beloniformes,Adrianichthyidae,Oryzias,Fish;Standard Test Species,96.0,FW,,,,1996.0,japan_moe_official_summary,dsstox_casrn,unclassified,28.0,mg/L,0.0001940966878786,-3.71198187547353,144.25799999999998,,True,False,1,1,,,,0.0,,,,official_summary_table,not specified in summary,test material,mortality,True,True,,,,,,,,,,,,,,,,,,,,,,,,,,,,,,,,,,,,,japan_moe_3452-97-9_fish_96h_lc50_p26_r20,Japan_MOE_official_summary,official_summary_source,MOE:26:20:fish_96h_lc50,28.0,False,,,official_summary_source,official_summary_not_individual_report_reviewed,https://www.env.go.jp/content/000316616.pdf,26.0,20.0
japan_moe__japan_moe_348-54-9_daphnia_48h_ec50_p19_r19,348-54-9,o-Fluoroaniline,348-54-9,DTXSID8059843,NC1=C(F)C=CC=C1,FTZQXOJYPFINKJ-UHFFFAOYSA-N,daphnia_48h_ec50,EC50,ITX,IMBL,Daphnia magna,Water Flea,Arthropoda,Branchiopoda,Diplostraca,Daphniidae,Daphnia,Crustaceans;Standard Test Species,48.0,FW,,,,2012.0,japan_moe_official_summary,dsstox_casrn,unclassified,0.26,mg/L,2.339833871795104e-06,-5.630814976403484,111.11899999999996,,True,False,1,1,,,,0.0,,,,official_summary_table,not specified in summary,test material,immobilisation (Japanese table header: acute swimming inhibition),True,True,,,,,,,,,,,,,,,,,,,,,,,,,,,,,,,,,,,,,japan_moe_348-54-9_daphnia_48h_ec50_p19_r19,Japan_MOE_official_summary,official_summary_source,MOE:19:19:daphnia_48h_ec50,0.26,False,,,official_summary_source,official_summary_not_individual_report_reviewed,https://www.env.go.jp/content/000316616.pdf,19.0,19.0
japan_moe__japan_moe_348-54-9_fish_96h_lc50_p19_r19,348-54-9,o-Fluoroaniline,348-54-9,DTXSID8059843,NC1=C(F)C=CC=C1,FTZQXOJYPFINKJ-UHFFFAOYSA-N,fish_96h_lc50,LC50,MOR,MORT,Oryzias latipes,Japanese Medaka,Chordata,Actinopterygii,Beloniformes,Adrianichthyidae,Oryzias,Fish;Standard Test Species,96.0,FW,,,,2012.0,japan_moe_official_summary,dsstox_casrn,unclassified,75.0,mg/L,0.0006749520784024,-3.170727060982603,111.11899999999996,,True,False,1,1,,,,0.0,,,,official_summary_table,not specified in summary,test material,mortality,True,True,,,,,,,,,,,,,,,,,,,,,,,,,,,,,,,,,,,,,japan_moe_348-54-9_fish_96h_lc50_p19_r19,Japan_MOE_official_summary,official_summary_source,MOE:19:19:fish_96h_lc50,75.0,False,,,official_summary_source,official_summary_not_individual_report_reviewed,https://www.env.go.jp/content/000316616.pdf,19.0,19.0
japan_moe__japan_moe_348-61-8_algae_72_96h_ec50_p19_r20,348-61-8,"4-Bromo-1,2-difluorobenzene",348-61-8,DTXSID60188338,FC1=C(F)C=C(Br)C=C1,YMQPKONILWWJQG-UHFFFAOYSA-N,algae_72_96h_ec50,EC50,GRO,GGRO,Pseudokirchneriella subcapitata,Green Alga,Chlorophyta,Chlorophyceae,Sphaeropleales,Selenastraceae,Pseudokirchneriella,Algae;Standard Test Species,72.0,FW,,,,2001.0,japan_moe_official_summary,dsstox_casrn,unclassified,14.0,mg/L,7.254261878853827e-05,-4.139406770441792,192.99,,True,False,1,1,,,,0.0,,,,official_summary_table,not specified in summary,test material,growth rate,True,True,,,,,,,,,,,,,,,,,,,,,,,,,,,,,,,,,,,,,japan_moe_348-61-8_algae_72_96h_ec50_p19_r20,Japan_MOE_official_summary,official_summary_source,MOE:19:20:algae_72_96h_ec50,14.0,False,,,official_summary_source,official_summary_not_individual_report_reviewed,https://www.env.go.jp/content/000316616.pdf,19.0,20.0
japan_moe__japan_moe_348-61-8_daphnia_48h_ec50_p19_r20,348-61-8,"4-Bromo-1,2-difluorobenzene",348-61-8,DTXSID60188338,FC1=C(F)C=C(Br)C=C1,YMQPKONILWWJQG-UHFFFAOYSA-N,daphnia_48h_ec50,EC50,ITX,IMBL,Daphnia magna,Water Flea,Arthropoda,Branchiopoda,Diplostraca,Daphniidae,Daphnia,Crustaceans;Standard Test Species,48.0,FW,,,,2001.0,japan_moe_official_summary,dsstox_casrn,unclassified,6.3,mg/L,3.264417845484222e-05,-4.486194256666449,192.99,,True,False,1,1,,,,0.0,,,,official_summary_table,not specified in summary,test material,immobilisation (Japanese table header: acute swimming inhibition),True,True,,,,,,,,,,,,,,,,,,,,,,,,,,,,,,,,,,,,,japan_moe_348-61-8_daphnia_48h_ec50_p19_r20,Japan_MOE_official_summary,official_summary_source,MOE:19:20:daphnia_48h_ec50,6.3,False,,,official_summary_source,official_summary_not_individual_report_reviewed,https://www.env.go.jp/content/000316616.pdf,19.0,20.0
japan_moe__japan_moe_348-61-8_fish_96h_lc50_p19_r20,348-61-8,"4-Bromo-1,2-difluorobenzene",348-61-8,DTXSID60188338,FC1=C(F)C=C(Br)C=C1,YMQPKONILWWJQG-UHFFFAOYSA-N,fish_96h_lc50,LC50,MOR,MORT,Oryzias latipes,Japanese Medaka,Chordata,Actinopterygii,Beloniformes,Adrianichthyidae,Oryzias,Fish;Standard Test Species,96.0,FW,,,,2001.0,japan_moe_official_summary,dsstox_casrn,unclassified,7.8,mg/L,4.041660189647132e-05,-4.393440203429551,192.99,,True,False,1,1,,,,0.0,,,,official_summary_table,not specified in summary,test material,mortality,True,True,,,,,,,,,,,,,,,,,,,,,,,,,,,,,,,,,,,,,japan_moe_348-61-8_fish_96h_lc50_p19_r20,Japan_MOE_official_summary,official_summary_source,MOE:19:20:fish_96h_lc50,7.8,False,,,official_summary_source,official_summary_not_individual_report_reviewed,https://www.env.go.jp/content/000316616.pdf,19.0,20.0
japan_moe__japan_moe_350-30-1_algae_72_96h_ec50_p19_r21,350-30-1,2-Chloro-1-fluoro-4-nitrobenzene,350-30-1,DTXSID6049278,[O-][N+](=O)C1=CC=C(F)C(Cl)=C1,DPHCXXYPSYMICK-UHFFFAOYSA-N,algae_72_96h_ec50,EC50,GRO,GGRO,Pseudokirchneriella subcapitata,Green Alga,Chlorophyta,Chlorophyceae,Sphaeropleales,Selenastraceae,Pseudokirchneriella,Algae;Standard Test Species,72.0,FW,,,,2001.0,japan_moe_official_summary,dsstox_casrn,unclassified,0.6,mg/L,3.4179075569936084e-06,-5.466239687674524,175.546,,True,False,1,1,,,,0.0,,,,official_summary_table,not specified in summary,test material,growth rate,True,True,,,,,,,,,,,,,,,,,,,,,,,,,,,,,,,,,,,,,japan_moe_350-30-1_algae_72_96h_ec50_p19_r21,Japan_MOE_official_summary,official_summary_source,MOE:19:21:algae_72_96h_ec50,0.6,False,,,official_summary_source,official_summary_not_individual_report_reviewed,https://www.env.go.jp/content/000316616.pdf,19.0,21.0
japan_moe__japan_moe_350-30-1_daphnia_48h_ec50_p19_r21,350-30-1,2-Chloro-1-fluoro-4-nitrobenzene,350-30-1,DTXSID6049278,[O-][N+](=O)C1=CC=C(F)C(Cl)=C1,DPHCXXYPSYMICK-UHFFFAOYSA-N,daphnia_48h_ec50,EC50,ITX,IMBL,Daphnia magna,Water Flea,Arthropoda,Branchiopoda,Diplostraca,Daphniidae,Daphnia,Crustaceans;Standard Test Species,48.0,FW,,,,2001.0,japan_moe_official_summary,dsstox_casrn,unclassified,8.2,mg/L,4.6711403278912645e-05,-4.330577085674451,175.546,,True,False,1,1,,,,0.0,,,,official_summary_table,not specified in summary,test material,immobilisation (Japanese table header: acute swimming inhibition),True,True,,,,,,,,,,,,,,,,,,,,,,,,,,,,,,,,,,,,,japan_moe_350-30-1_daphnia_48h_ec50_p19_r21,Japan_MOE_official_summary,official_summary_source,MOE:19:21:daphnia_48h_ec50,8.2,False,,,official_summary_source,official_summary_not_individual_report_reviewed,https://www.env.go.jp/content/000316616.pdf,19.0,21.0
japan_moe__japan_moe_350-30-1_fish_96h_lc50_p19_r21,350-30-1,2-Chloro-1-fluoro-4-nitrobenzene,350-30-1,DTXSID6049278,[O-][N+](=O)C1=CC=C(F)C(Cl)=C1,DPHCXXYPSYMICK-UHFFFAOYSA-N,fish_96h_lc50,LC50,MOR,MORT,Oryzias latipes,Japanese Medaka,Chordata,Actinopterygii,Beloniformes,Adrianichthyidae,Oryzias,Fish;Standard Test Species,96.0,FW,,,,2001.0,japan_moe_official_summary,dsstox_casrn,unclassified,2.0,mg/L,1.1393025189978696e-05,-4.943360942394186,175.546,,True,False,1,1,,,,0.0,,,,official_summary_table,not specified in summary,test material,mortality,True,True,,,,,,,,,,,,,,,,,,,,,,,,,,,,,,,,,,,,,japan_moe_350-30-1_fish_96h_lc50_p19_r21,Japan_MOE_official_summary,official_summary_source,MOE:19:21:fish_96h_lc50,2.0,False,,,official_summary_source,official_summary_not_individual_report_reviewed,https://www.env.go.jp/content/000316616.pdf,19.0,21.0
japan_moe__japan_moe_352-87-4_daphnia_48h_ec50_p19_r22,352-87-4,"2,2,2-Trifluoroethyl methacrylate",352-87-4,DTXSID7059856,CC(=C)C(=O)OCC(F)(F)F,QTKPMCIBUROOGY-UHFFFAOYSA-N,daphnia_48h_ec50,EC50,ITX,IMBL,Daphnia magna,Water Flea,Arthropoda,Branchiopoda,Diplostraca,Daphniidae,Daphnia,Crustaceans;Standard Test Species,48.0,FW,,,,2005.0,japan_moe_official_summary,dsstox_casrn,unclassified,22.0,mg/L,0.0001308635806655,-3.8831812007884303,168.11399999999998,,True,False,1,1,,,,0.0,,,,official_summary_table,not specified in summary,test material,immobilisation (Japanese table header: acute swimming inhibition),True,True,,,,,,,,,,,,,,,,,,,,,,,,,,,,,,,,,,,,,japan_moe_352-87-4_daphnia_48h_ec50_p19_r22,Japan_MOE_official_summary,official_summary_source,MOE:19:22:daphnia_48h_ec50,22.0,False,,,official_summary_source,official_summary_not_individual_report_reviewed,https://www.env.go.jp/content/000316616.pdf,19.0,22.0
japan_moe__japan_moe_352-87-4_fish_96h_lc50_p19_r22,352-87-4,"2,2,2-Trifluoroethyl methacrylate",352-87-4,DTXSID7059856,CC(=C)C(=O)OCC(F)(F)F,QTKPMCIBUROOGY-UHFFFAOYSA-N,fish_96h_lc50,LC50,MOR,MORT,Oryzias latipes,Japanese Medaka,Chordata,Actinopterygii,Beloniformes,Adrianichthyidae,Oryzias,Fish;Standard Test Species,96.0,FW,,,,2005.0,japan_moe_official_summary,dsstox_casrn,unclassified,8.3,mg/L,4.937125997834803e-05,-4.306525789234563,168.11399999999998,,True,False,1,1,,,,0.0,,,,official_summary_table,not specified in summary,test material,mortality,True,True,,,,,,,,,,,,,,,,,,,,,,,,,,,,,,,,,,,,,japan_moe_352-87-4_fish_96h_lc50_p19_r22,Japan_MOE_official_summary,official_summary_source,MOE:19:22:fish_96h_lc50,8.3,False,,,official_summary_source,official_summary_not_individual_report_reviewed,https://www.env.go.jp/content/000316616.pdf,19.0,22.0
japan_moe__japan_moe_372-19-0_algae_72_96h_ec50_p20_r1,372-19-0,m-Fluoroaniline,372-19-0,DTXSID10190683,NC1=CC(F)=CC=C1,QZVQQUVWFIZUBQ-UHFFFAOYSA-N,algae_72_96h_ec50,EC50,GRO,GGRO,Pseudokirchneriella subcapitata,Green Alga,Chlorophyta,Chlorophyceae,Sphaeropleales,Selenastraceae,Pseudokirchneriella,Algae;Standard Test Species,72.0,FW,,,,2012.0,japan_moe_official_summary,dsstox_casrn,unclassified,47.1,mg/L,0.0004238699052367,-3.3727674172454067,111.119,,True,False,1,1,,,,0.0,,,,official_summary_table,geometric mean of measured concentrations,test material,growth rate; source report 0-72 h ErC50,True,True,,,,,,,,,,,,,,,,,,,,,,,,,,,,,,,,,,,,,japan_moe_372-19-0_algae_72_96h_ec50_p20_r1,Japan_MOE_official_summary,primary_source_aligned,MOE:20:1:algae_72_96h_ec50,47.0,True,372-19-0_algae_42756.pdf,"8,15",primary_source_aligned,0-72 h ErC50 = 47.1 mg/L; report uses the geometric mean of measured concentrations.,https://www.env.go.jp/content/000316616.pdf,20.0,1.0
japan_moe__japan_moe_372-19-0_daphnia_48h_ec50_p20_r1,372-19-0,m-Fluoroaniline,372-19-0,DTXSID10190683,NC1=CC(F)=CC=C1,QZVQQUVWFIZUBQ-UHFFFAOYSA-N,daphnia_48h_ec50,EC50,ITX,IMBL,Daphnia magna,Water Flea,Arthropoda,Branchiopoda,Diplostraca,Daphniidae,Daphnia,Crustaceans;Standard Test Species,48.0,FW,,,,2012.0,japan_moe_official_summary,dsstox_casrn,unclassified,0.338,mg/L,3.0417840333336334e-06,-5.516871624096648,111.119,,True,False,1,1,,,,0.0,,,,official_summary_table,measured average,test material,immobilisation; source report 48 h EiC50,True,True,,,,,,,,,,,,,,,,,,,,,,,,,,,,,,,,,,,,,japan_moe_372-19-0_daphnia_48h_ec50_p20_r1,Japan_MOE_official_summary,primary_source_aligned,MOE:20:1:daphnia_48h_ec50,0.34,True,372-19-0_daphnia_42755.pdf,"8,15",primary_source_aligned,48 h EiC50 = 0.338 mg/L; report uses averaged measured concentrations.,https://www.env.go.jp/content/000316616.pdf,20.0,1.0
japan_moe__japan_moe_372-19-0_fish_96h_lc50_p20_r1,372-19-0,m-Fluoroaniline,372-19-0,DTXSID10190683,NC1=CC(F)=CC=C1,QZVQQUVWFIZUBQ-UHFFFAOYSA-N,fish_96h_lc50,LC50,MOR,MORT,Oryzias latipes,Japanese Medaka,Chordata,Actinopterygii,Beloniformes,Adrianichthyidae,Oryzias,Fish;Standard Test Species,96.0,FW,,,,2012.0,japan_moe_official_summary,dsstox_casrn,unclassified,15.3,mg/L,0.000137690223994,-3.861096893556704,111.119,,True,False,1,1,,,,0.0,,,,official_summary_table,measured average,test material,mortality; source report 96 h LC50,True,True,,,,,,,,,,,,,,,,,,,,,,,,,,,,,,,,,,,,,japan_moe_372-19-0_fish_96h_lc50_p20_r1,Japan_MOE_official_summary,primary_source_aligned,MOE:20:1:fish_96h_lc50,15.0,True,372-19-0_fish_42754.pdf,"7,16",primary_source_aligned,96 h LC50 = 15.3 mg/L; report uses averaged measured concentrations.,https://www.env.go.jp/content/000316616.pdf,20.0,1.0
japan_moe__japan_moe_374-25-4_daphnia_48h_ec50_p20_r2,374-25-4,"1-Butene, 4-bromo-3-chloro-3,4,4- trifluoro-",374-25-4,DTXSID80870521,FC(F)(Br)C(F)(Cl)C=C,VULPFOSLGWWARI-UHFFFAOYSA-N,daphnia_48h_ec50,EC50,ITX,IMBL,Daphnia magna,Water Flea,Arthropoda,Branchiopoda,Diplostraca,Daphniidae,Daphnia,Crustaceans;Standard Test Species,48.0,FW,,,,2007.0,japan_moe_official_summary,dsstox_casrn,unclassified,2.5,mg/L,1.1189737667790117e-05,-4.951180094952137,223.419,,True,False,1,1,,,,0.0,,,,official_summary_table,not specified in summary,test material,immobilisation (Japanese table header: acute swimming inhibition),True,True,,,,,,,,,,,,,,,,,,,,,,,,,,,,,,,,,,,,,japan_moe_374-25-4_daphnia_48h_ec50_p20_r2,Japan_MOE_official_summary,official_summary_source,MOE:20:2:daphnia_48h_ec50,2.5,False,,,official_summary_source,official_summary_not_individual_report_reviewed,https://www.env.go.jp/content/000316616.pdf,20.0,2.0
japan_moe__japan_moe_3766-81-2_algae_72_96h_ec50_p27_r1,3766-81-2,2-sec-Butylphenyl N-methylcarbamate <Fenobucarb>,3766-81-2,DTXSID4058077,CCC(C)C1=CC=CC=C1OC(=O)NC,DIRFUJHNVNOBMY-UHFFFAOYSA-N,algae_72_96h_ec50,EC50,GRO,GGRO,Pseudokirchneriella subcapitata,Green Alga,Chlorophyta,Chlorophyceae,Sphaeropleales,Selenastraceae,Pseudokirchneriella,Algae;Standard Test Species,72.0,FW,,,,1997.0,japan_moe_official_summary,dsstox_casrn,unclassified,33.0,mg/L,0.0001592103168285,-3.798028793404073,207.273,,True,False,1,1,,,,0.0,,,,official_summary_table,not specified in summary,test material,growth rate,True,True,,,,,,,,,,,,,,,,,,,,,,,,,,,,,,,,,,,,,japan_moe_3766-81-2_algae_72_96h_ec50_p27_r1,Japan_MOE_official_summary,official_summary_source,MOE:27:1:algae_72_96h_ec50,33.0,False,,,official_summary_source,official_summary_not_individual_report_reviewed,https://www.env.go.jp/content/000316616.pdf,27.0,1.0
japan_moe__japan_moe_3766-81-2_daphnia_48h_ec50_p27_r1,3766-81-2,2-sec-Butylphenyl N-methylcarbamate <Fenobucarb>,3766-81-2,DTXSID4058077,CCC(C)C1=CC=CC=C1OC(=O)NC,DIRFUJHNVNOBMY-UHFFFAOYSA-N,daphnia_48h_ec50,EC50,ITX,IMBL,Daphnia magna,Water Flea,Arthropoda,Branchiopoda,Diplostraca,Daphniidae,Daphnia,Crustaceans;Standard Test Species,48.0,FW,,,,1997.0,japan_moe_official_summary,dsstox_casrn,unclassified,0.014,mg/L,6.754377077574022e-08,-7.170414697603722,207.273,,True,False,1,1,,,,0.0,,,,official_summary_table,not specified in summary,test material,immobilisation (Japanese table header: acute swimming inhibition),True,True,,,,,,,,,,,,,,,,,,,,,,,,,,,,,,,,,,,,,japan_moe_3766-81-2_daphnia_48h_ec50_p27_r1,Japan_MOE_official_summary,official_summary_source,MOE:27:1:daphnia_48h_ec50,0.014,False,,,official_summary_source,official_summary_not_individual_report_reviewed,https://www.env.go.jp/content/000316616.pdf,27.0,1.0
japan_moe__japan_moe_3766-81-2_fish_96h_lc50_p27_r1,3766-81-2,2-sec-Butylphenyl N-methylcarbamate <Fenobucarb>,3766-81-2,DTXSID4058077,CCC(C)C1=CC=CC=C1OC(=O)NC,DIRFUJHNVNOBMY-UHFFFAOYSA-N,fish_96h_lc50,LC50,MOR,MORT,Oryzias latipes,Japanese Medaka,Chordata,Actinopterygii,Beloniformes,Adrianichthyidae,Oryzias,Fish;Standard Test Species,96.0,FW,,,,1997.0,japan_moe_official_summary,dsstox_casrn,unclassified,9.8,mg/L,4.728063954301816e-05,-4.3253166575894655,207.273,,True,False,1,1,,,,0.0,,,,official_summary_table,not specified in summary,test material,mortality,True,True,,,,,,,,,,,,,,,,,,,,,,,,,,,,,,,,,,,,,japan_moe_3766-81-2_fish_96h_lc50_p27_r1,Japan_MOE_official_summary,official_summary_source,MOE:27:1:fish_96h_lc50,9.8,False,,,official_summary_source,official_summary_not_individual_report_reviewed,https://www.env.go.jp/content/000316616.pdf,27.0,1.0
japan_moe__japan_moe_394-50-3_daphnia_48h_ec50_p20_r4,394-50-3,3-Fluoro-2-hydroxybenzaldehyde,394-50-3,DTXSID70343153,OC1=C(C=O)C=CC=C1F,NWDHTEIVMDYWQJ-UHFFFAOYSA-N,daphnia_48h_ec50,EC50,ITX,IMBL,Daphnia magna,Water Flea,Arthropoda,Branchiopoda,Diplostraca,Daphniidae,Daphnia,Crustaceans;Standard Test Species,48.0,FW,,,,2007.0,japan_moe_official_summary,dsstox_casrn,unclassified,9.9,mg/L,7.065725521543328e-05,-4.150843237378734,140.11299999999997,,True,False,1,1,,,,0.0,,,,official_summary_table,not specified in summary,test material,immobilisation (Japanese table header: acute swimming inhibition),True,True,,,,,,,,,,,,,,,,,,,,,,,,,,,,,,,,,,,,,japan_moe_394-50-3_daphnia_48h_ec50_p20_r4,Japan_MOE_official_summary,official_summary_source,MOE:20:4:daphnia_48h_ec50,9.9,False,,,official_summary_source,official_summary_not_individual_report_reviewed,https://www.env.go.jp/content/000316616.pdf,20.0,4.0
japan_moe__japan_moe_3984-22-3_fish_96h_lc50_p27_r2,3984-22-3,"2-Vinyl-1,3-dioxolane",3984-22-3,DTXSID4073334,C=CC1OCCO1,KKBHSBATGOQADJ-UHFFFAOYSA-N,fish_96h_lc50,LC50,MOR,MORT,Oryzias latipes,Japanese Medaka,Chordata,Actinopterygii,Beloniformes,Adrianichthyidae,Oryzias,Fish;Standard Test Species,96.0,FW,,,,2005.0,japan_moe_official_summary,dsstox_casrn,unclassified,65.0,mg/L,0.0006492403887451,-3.187594470879767,100.117,,True,False,1,1,,,,0.0,,,,official_summary_table,not specified in summary,test material,mortality,True,True,,,,,,,,,,,,,,,,,,,,,,,,,,,,,,,,,,,,,japan_moe_3984-22-3_fish_96h_lc50_p27_r2,Japan_MOE_official_summary,official_summary_source,MOE:27:2:fish_96h_lc50,65.0,False,,,official_summary_source,official_summary_not_individual_report_reviewed,https://www.env.go.jp/content/000316616.pdf,27.0,2.0
japan_moe__japan_moe_402-31-3_daphnia_48h_ec50_p20_r5,402-31-3,Metaxylene hexafluoride,402-31-3,DTXSID1059949,FC(F)(F)C1=CC(=CC=C1)C(F)(F)F,SJBBXFLOLUTGCW-UHFFFAOYSA-N,daphnia_48h_ec50,EC50,ITX,IMBL,Daphnia magna,Water Flea,Arthropoda,Branchiopoda,Diplostraca,Daphniidae,Daphnia,Crustaceans;Standard Test Species,48.0,FW,,,,2008.0,japan_moe_official_summary,dsstox_casrn,unclassified,3.9,mg/L,1.8215106394903505e-05,-4.739568287689452,214.108,,True,False,1,1,,,,0.0,,,,official_summary_table,not specified in summary,test material,immobilisation (Japanese table header: acute swimming inhibition),True,True,,,,,,,,,,,,,,,,,,,,,,,,,,,,,,,,,,,,,japan_moe_402-31-3_daphnia_48h_ec50_p20_r5,Japan_MOE_official_summary,official_summary_source,MOE:20:5:daphnia_48h_ec50,3.9,False,,,official_summary_source,official_summary_not_individual_report_reviewed,https://www.env.go.jp/content/000316616.pdf,20.0,5.0
japan_moe__japan_moe_402-31-3_fish_96h_lc50_p20_r5,402-31-3,Metaxylene hexafluoride,402-31-3,DTXSID1059949,FC(F)(F)C1=CC(=CC=C1)C(F)(F)F,SJBBXFLOLUTGCW-UHFFFAOYSA-N,fish_96h_lc50,LC50,MOR,MORT,Oryzias latipes,Japanese Medaka,Chordata,Actinopterygii,Beloniformes,Adrianichthyidae,Oryzias,Fish;Standard Test Species,96.0,FW,,,,2008.0,japan_moe_official_summary,dsstox_casrn,unclassified,7.3,mg/L,3.409494273917836e-05,-4.467310034595496,214.108,,True,False,1,1,,,,0.0,,,,official_summary_table,not specified in summary,test material,mortality,True,True,,,,,,,,,,,,,,,,,,,,,,,,,,,,,,,,,,,,,japan_moe_402-31-3_fish_96h_lc50_p20_r5,Japan_MOE_official_summary,official_summary_source,MOE:20:5:fish_96h_lc50,7.3,False,,,official_summary_source,official_summary_not_individual_report_reviewed,https://www.env.go.jp/content/000316616.pdf,20.0,5.0
japan_moe__japan_moe_40220-08-4_algae_72_96h_ec50_p32_r5,40220-08-4,Tris(2-hydroxyethyl)isocyanuric acid acrylate,40220-08-4,DTXSID1044936,C=CC(=O)OCCN1C(=O)N(CCOC(=O)C=C)C(=O)N(CCOC(=O)C=C)C1=O,YIJYFLXQHDOQGW-UHFFFAOYSA-N,algae_72_96h_ec50,EC50,GRO,GGRO,Pseudokirchneriella subcapitata,Green Alga,Chlorophyta,Chlorophyceae,Sphaeropleales,Selenastraceae,Pseudokirchneriella,Algae;Standard Test Species,72.0,FW,,,,2006.0,japan_moe_official_summary,dsstox_casrn,unclassified,26.0,mg/L,6.141084326535622e-05,-4.211754939045505,423.3780000000002,,True,False,1,1,,,,0.0,,,,official_summary_table,not specified in summary,test material,growth rate,True,True,,,,,,,,,,,,,,,,,,,,,,,,,,,,,,,,,,,,,japan_moe_40220-08-4_algae_72_96h_ec50_p32_r5,Japan_MOE_official_summary,official_summary_source,MOE:32:5:algae_72_96h_ec50,26.0,False,,,official_summary_source,official_summary_not_individual_report_reviewed,https://www.env.go.jp/content/000316616.pdf,32.0,5.0
japan_moe__japan_moe_40220-08-4_daphnia_48h_ec50_p32_r5,40220-08-4,Tris(2-hydroxyethyl)isocyanuric acid acrylate,40220-08-4,DTXSID1044936,C=CC(=O)OCCN1C(=O)N(CCOC(=O)C=C)C(=O)N(CCOC(=O)C=C)C1=O,YIJYFLXQHDOQGW-UHFFFAOYSA-N,daphnia_48h_ec50,EC50,ITX,IMBL,Daphnia magna,Water Flea,Arthropoda,Branchiopoda,Diplostraca,Daphniidae,Daphnia,Crustaceans;Standard Test Species,48.0,FW,,,,2006.0,japan_moe_official_summary,dsstox_casrn,unclassified,87.0,mg/L,0.0002054901293879,-3.687209034397705,423.3780000000002,,True,False,1,1,,,,0.0,,,,official_summary_table,not specified in summary,test material,immobilisation (Japanese table header: acute swimming inhibition),True,True,,,,,,,,,,,,,,,,,,,,,,,,,,,,,,,,,,,,,japan_moe_40220-08-4_daphnia_48h_ec50_p32_r5,Japan_MOE_official_summary,official_summary_source,MOE:32:5:daphnia_48h_ec50,87.0,False,,,official_summary_source,official_summary_not_individual_report_reviewed,https://www.env.go.jp/content/000316616.pdf,32.0,5.0
japan_moe__japan_moe_40220-08-4_fish_96h_lc50_p32_r5,40220-08-4,Tris(2-hydroxyethyl)isocyanuric acid acrylate,40220-08-4,DTXSID1044936,C=CC(=O)OCCN1C(=O)N(CCOC(=O)C=C)C(=O)N(CCOC(=O)C=C)C1=O,YIJYFLXQHDOQGW-UHFFFAOYSA-N,fish_96h_lc50,LC50,MOR,MORT,Oryzias latipes,Japanese Medaka,Chordata,Actinopterygii,Beloniformes,Adrianichthyidae,Oryzias,Fish;Standard Test Species,96.0,FW,,,,2006.0,japan_moe_official_summary,dsstox_casrn,unclassified,6.8,mg/L,1.6061297469400858e-05,-4.794219374310087,423.3780000000002,,True,False,1,1,,,,0.0,,,,official_summary_table,not specified in summary,test material,mortality,True,True,,,,,,,,,,,,,,,,,,,,,,,,,,,,,,,,,,,,,japan_moe_40220-08-4_fish_96h_lc50_p32_r5,Japan_MOE_official_summary,official_summary_source,MOE:32:5:fish_96h_lc50,6.8,False,,,official_summary_source,official_summary_not_individual_report_reviewed,https://www.env.go.jp/content/000316616.pdf,32.0,5.0
japan_moe__japan_moe_406-86-0_algae_72_96h_ec50_p20_r7,406-86-0,"4,4,4-Trifluorocrotonitrile",406-86-0,DTXSID40420768,FC(F)(F)\C=C\C#N,LHWSEFCIRYVTLZ-OWOJBTEDSA-N,algae_72_96h_ec50,EC50,GRO,GGRO,Pseudokirchneriella subcapitata,Green Alga,Chlorophyta,Chlorophyceae,Sphaeropleales,Selenastraceae,Pseudokirchneriella,Algae;Standard Test Species,72.0,FW,,,,2010.0,japan_moe_official_summary,dsstox_casrn,unclassified,0.36,mg/L,2.973707469787958e-06,-5.526701756226132,121.061,,True,False,1,1,,,,0.0,,,,official_summary_table,not specified in summary,test material,growth rate,True,True,,,,,,,,,,,,,,,,,,,,,,,,,,,,,,,,,,,,,japan_moe_406-86-0_algae_72_96h_ec50_p20_r7,Japan_MOE_official_summary,official_summary_source,MOE:20:7:algae_72_96h_ec50,0.36,False,,,official_summary_source,official_summary_not_individual_report_reviewed,https://www.env.go.jp/content/000316616.pdf,20.0,7.0
japan_moe__japan_moe_406-86-0_daphnia_48h_ec50_p20_r7,406-86-0,"4,4,4-Trifluorocrotonitrile",406-86-0,DTXSID40420768,FC(F)(F)\C=C\C#N,LHWSEFCIRYVTLZ-OWOJBTEDSA-N,daphnia_48h_ec50,EC50,ITX,IMBL,Daphnia magna,Water Flea,Arthropoda,Branchiopoda,Diplostraca,Daphniidae,Daphnia,Crustaceans;Standard Test Species,48.0,FW,,,,2010.0,japan_moe_official_summary,dsstox_casrn,unclassified,0.37,mg/L,3.0563104550598456e-06,-5.514802532926424,121.061,,True,False,1,1,,,,0.0,,,,official_summary_table,not specified in summary,test material,immobilisation (Japanese table header: acute swimming inhibition),True,True,,,,,,,,,,,,,,,,,,,,,,,,,,,,,,,,,,,,,japan_moe_406-86-0_daphnia_48h_ec50_p20_r7,Japan_MOE_official_summary,official_summary_source,MOE:20:7:daphnia_48h_ec50,0.37,False,,,official_summary_source,official_summary_not_individual_report_reviewed,https://www.env.go.jp/content/000316616.pdf,20.0,7.0
japan_moe__japan_moe_406-86-0_fish_96h_lc50_p20_r6,406-86-0,"4,4,4-Trifluorocrotonitrile",406-86-0,DTXSID40420768,FC(F)(F)\C=C\C#N,LHWSEFCIRYVTLZ-OWOJBTEDSA-N,fish_96h_lc50,LC50,MOR,MORT,Oryzias latipes,Japanese Medaka,Chordata,Actinopterygii,Beloniformes,Adrianichthyidae,Oryzias,Fish;Standard Test Species,96.0,FW,,,,2006.0,japan_moe_official_summary,dsstox_casrn,unclassified,0.2,mg/L,1.6520597054377543e-06,-5.781974261329438,121.061,,True,False,1,1,,,,0.0,,,,official_summary_table,not specified in summary,test material,mortality,True,True,,,,,,,,,,,,,,,,,,,,,,,,,,,,,,,,,,,,,japan_moe_406-86-0_fish_96h_lc50_p20_r6,Japan_MOE_official_summary,official_summary_source,MOE:20:6:fish_96h_lc50,0.2,False,,,official_summary_source,official_summary_not_individual_report_reviewed,https://www.env.go.jp/content/000316616.pdf,20.0,6.0
japan_moe__japan_moe_4067-16-7_algae_72_96h_ec50_p27_r4,4067-16-7,Pentaethylenehexamine,4067-16-7,DTXSID7025843,NCCNCCNCCNCCNCCN,LSHROXHEILXKHM-UHFFFAOYSA-N,algae_72_96h_ec50,EC50,GRO,GGRO,Pseudokirchneriella subcapitata,Green Alga,Chlorophyta,Chlorophyceae,Sphaeropleales,Selenastraceae,Pseudokirchneriella,Algae;Standard Test Species,72.0,FW,,,,2006.0,japan_moe_official_summary,dsstox_casrn,unclassified,0.42,mg/L,1.8074155678727576e-06,-5.742941981316094,232.376,,True,False,1,1,,,,0.0,,,,official_summary_table,not specified in summary,test material,growth rate,True,True,,,,,,,,,,,,,,,,,,,,,,,,,,,,,,,,,,,,,japan_moe_4067-16-7_algae_72_96h_ec50_p27_r4,Japan_MOE_official_summary,official_summary_source,MOE:27:4:algae_72_96h_ec50,0.42,False,,,official_summary_source,official_summary_not_individual_report_reviewed,https://www.env.go.jp/content/000316616.pdf,27.0,4.0
japan_moe__japan_moe_41122-70-7_daphnia_48h_ec50_p32_r6,41122-70-7,"4'-Hexyl[1,1'-biphenyl]-4-carbonitrile",41122-70-7,DTXSID4025404,CCCCCCC1=CC=C(C=C1)C1=CC=C(C=C1)C#N,VADSDVGLFDVIMG-UHFFFAOYSA-N,daphnia_48h_ec50,EC50,ITX,IMBL,Daphnia magna,Water Flea,Arthropoda,Branchiopoda,Diplostraca,Daphniidae,Daphnia,Crustaceans;Standard Test Species,48.0,FW,,,,2005.0,japan_moe_official_summary,dsstox_casrn,unclassified,0.0076,mg/L,2.8855207605625244e-08,-7.539775796709569,263.384,,True,False,1,1,,,,0.0,,,,official_summary_table,not specified in summary,test material,immobilisation (Japanese table header: acute swimming inhibition),True,True,,,,,,,,,,,,,,,,,,,,,,,,,,,,,,,,,,,,,japan_moe_41122-70-7_daphnia_48h_ec50_p32_r6,Japan_MOE_official_summary,official_summary_source,MOE:32:6:daphnia_48h_ec50,0.0076,False,,,official_summary_source,official_summary_not_individual_report_reviewed,https://www.env.go.jp/content/000316616.pdf,32.0,6.0
japan_moe__japan_moe_4130-42-1_fish_96h_lc50_p27_r5,4130-42-1,"2,6-Di-tert-Butyl-4-ethylphenol",4130-42-1,DTXSID0029262,CCC1=CC(=C(O)C(=C1)C(C)(C)C)C(C)(C)C,BVUXDWXKPROUDO-UHFFFAOYSA-N,fish_96h_lc50,LC50,MOR,MORT,Oryzias latipes,Japanese Medaka,Chordata,Actinopterygii,Beloniformes,Adrianichthyidae,Oryzias,Fish;Standard Test Species,96.0,FW,,,,2004.0,japan_moe_official_summary,dsstox_casrn,unclassified,0.59,mg/L,2.5172474112883617e-06,-5.599074097094976,234.38299999999995,,True,False,1,1,,,,0.0,,,,official_summary_table,not specified in summary,test material,mortality,True,True,,,,,,,,,,,,,,,,,,,,,,,,,,,,,,,,,,,,,japan_moe_4130-42-1_fish_96h_lc50_p27_r5,Japan_MOE_official_summary,official_summary_source,MOE:27:5:fish_96h_lc50,0.59,False,,,official_summary_source,official_summary_not_individual_report_reviewed,https://www.env.go.jp/content/000316616.pdf,27.0,5.0
japan_moe__japan_moe_4170-30-3_algae_72_96h_ec50_p27_r6,4170-30-3,Crotonaldehyde,4170-30-3,DTXSID8024864,CC=CC=O,MLUCVPSAIODCQM-UHFFFAOYSA-N,algae_72_96h_ec50,EC50,GRO,GGRO,Pseudokirchneriella subcapitata,Green Alga,Chlorophyta,Chlorophyceae,Sphaeropleales,Selenastraceae,Pseudokirchneriella,Algae;Standard Test Species,72.0,FW,,,,2002.0,japan_moe_official_summary,dsstox_casrn,unclassified,0.94,mg/L,1.341113695053573e-05,-4.872534402579934,70.09100000000001,,True,False,1,1,,,,0.0,,,,official_summary_table,not specified in summary,test material,growth rate,True,True,,,,,,,,,,,,,,,,,,,,,,,,,,,,,,,,,,,,,japan_moe_4170-30-3_algae_72_96h_ec50_p27_r6,Japan_MOE_official_summary,official_summary_source,MOE:27:6:algae_72_96h_ec50,0.94,False,,,official_summary_source,official_summary_not_individual_report_reviewed,https://www.env.go.jp/content/000316616.pdf,27.0,6.0
japan_moe__japan_moe_4170-30-3_daphnia_48h_ec50_p27_r6,4170-30-3,Crotonaldehyde,4170-30-3,DTXSID8024864,CC=CC=O,MLUCVPSAIODCQM-UHFFFAOYSA-N,daphnia_48h_ec50,EC50,ITX,IMBL,Daphnia magna,Water Flea,Arthropoda,Branchiopoda,Diplostraca,Daphniidae,Daphnia,Crustaceans;Standard Test Species,48.0,FW,,,,2002.0,japan_moe_official_summary,dsstox_casrn,unclassified,1.0,mg/L,1.4267166968655032e-05,-4.845662256179632,70.09100000000001,,True,False,1,1,,,,0.0,,,,official_summary_table,not specified in summary,test material,immobilisation (Japanese table header: acute swimming inhibition),True,True,,,,,,,,,,,,,,,,,,,,,,,,,,,,,,,,,,,,,japan_moe_4170-30-3_daphnia_48h_ec50_p27_r6,Japan_MOE_official_summary,official_summary_source,MOE:27:6:daphnia_48h_ec50,1.0,False,,,official_summary_source,official_summary_not_individual_report_reviewed,https://www.env.go.jp/content/000316616.pdf,27.0,6.0
japan_moe__japan_moe_4170-30-3_fish_96h_lc50_p27_r6,4170-30-3,Crotonaldehyde,4170-30-3,DTXSID8024864,CC=CC=O,MLUCVPSAIODCQM-UHFFFAOYSA-N,fish_96h_lc50,LC50,MOR,MORT,Oryzias latipes,Japanese Medaka,Chordata,Actinopterygii,Beloniformes,Adrianichthyidae,Oryzias,Fish;Standard Test Species,96.0,FW,,,,2002.0,japan_moe_official_summary,dsstox_casrn,unclassified,0.072,mg/L,1.027236021743162e-06,-5.988329759748364,70.09100000000001,,True,False,1,1,,,,0.0,,,,official_summary_table,not specified in summary,test material,mortality,True,True,,,,,,,,,,,,,,,,,,,,,,,,,,,,,,,,,,,,,japan_moe_4170-30-3_fish_96h_lc50_p27_r6,Japan_MOE_official_summary,official_summary_source,MOE:27:6:fish_96h_lc50,0.072,False,,,official_summary_source,official_summary_not_individual_report_reviewed,https://www.env.go.jp/content/000316616.pdf,27.0,6.0
japan_moe__japan_moe_4189-44-0_algae_72_96h_ec50_p27_r7,4189-44-0,Thiourea dioxide,4189-44-0,DTXSID80962036,NC(=N)S([O-])=O,FYOWZTWVYZOZSI-UHFFFAOYSA-M,algae_72_96h_ec50,EC50,GRO,GGRO,Pseudokirchneriella subcapitata,Green Alga,Chlorophyta,Chlorophyceae,Sphaeropleales,Selenastraceae,Pseudokirchneriella,Algae;Standard Test Species,72.0,FW,,,,1998.0,japan_moe_official_summary,dsstox_casrn,unclassified,55.1,mg/L,0.0005144052131374,-3.288694638790413,107.114,,True,False,1,1,,,,0.0,,,,official_summary_table,nominal concentration,test material,growth rate; source report 24-72 h ErC50,True,True,,,,,,,,,,,,,,,,,,,,,,,,,,,,,,,,,,,,,japan_moe_4189-44-0_algae_72_96h_ec50_p27_r7,Japan_MOE_official_summary,primary_source_aligned,MOE:27:7:algae_72_96h_ec50,49.0,True,4189-44-0_algae_19611.pdf,1,primary_source_aligned,24-72 h ErC50 = 55.1 mg/L; source summary states values are based on nominal concentrations.,https://www.env.go.jp/content/000316616.pdf,27.0,7.0
japan_moe__japan_moe_4189-44-0_daphnia_48h_ec50_p27_r7,4189-44-0,Thiourea dioxide,4189-44-0,DTXSID80962036,NC(=N)S([O-])=O,FYOWZTWVYZOZSI-UHFFFAOYSA-M,daphnia_48h_ec50,EC50,ITX,IMBL,Daphnia magna,Water Flea,Arthropoda,Branchiopoda,Diplostraca,Daphniidae,Daphnia,Crustaceans;Standard Test Species,48.0,FW,,,,1998.0,japan_moe_official_summary,dsstox_casrn,unclassified,80.7,mg/L,0.0007534029165188,-3.1229727029201277,107.114,,True,False,1,1,,,,0.0,,,,official_summary_table,measured concentration,test material,immobilisation; source report 48 h EiC50,True,True,,,,,,,,,,,,,,,,,,,,,,,,,,,,,,,,,,,,,japan_moe_4189-44-0_daphnia_48h_ec50_p27_r7,Japan_MOE_official_summary,primary_source_aligned,MOE:27:7:daphnia_48h_ec50,81.0,True,4189-44-0_daphnia_19609.pdf,1,primary_source_aligned,48 h EiC50 = 80.7 mg/L; source summary states measured concentration was used.,https://www.env.go.jp/content/000316616.pdf,27.0,7.0
japan_moe__japan_moe_4286-23-1_algae_72_96h_ec50_p27_r8,4286-23-1,4-(1-Methylethenyl)phenol,4286-23-1,DTXSID90962744,CC(=C)C1=CC=C(O)C=C1,JAGRUUPXPPLSRX-UHFFFAOYSA-N,algae_72_96h_ec50,EC50,GRO,GGRO,Pseudokirchneriella subcapitata,Green Alga,Chlorophyta,Chlorophyceae,Sphaeropleales,Selenastraceae,Pseudokirchneriella,Algae;Standard Test Species,72.0,FW,,,,1999.0,japan_moe_official_summary,dsstox_casrn,unclassified,5.4,mg/L,4.0245047623306366e-05,-4.395287554356939,134.17799999999997,,True,False,1,1,,,,0.0,,,,official_summary_table,not specified in summary,test material,growth rate,True,True,,,,,,,,,,,,,,,,,,,,,,,,,,,,,,,,,,,,,japan_moe_4286-23-1_algae_72_96h_ec50_p27_r8,Japan_MOE_official_summary,official_summary_source,MOE:27:8:algae_72_96h_ec50,5.4,False,,,official_summary_source,official_summary_not_individual_report_reviewed,https://www.env.go.jp/content/000316616.pdf,27.0,8.0
japan_moe__japan_moe_4286-23-1_daphnia_48h_ec50_p27_r8,4286-23-1,4-(1-Methylethenyl)phenol,4286-23-1,DTXSID90962744,CC(=C)C1=CC=C(O)C=C1,JAGRUUPXPPLSRX-UHFFFAOYSA-N,daphnia_48h_ec50,EC50,ITX,IMBL,Daphnia magna,Water Flea,Arthropoda,Branchiopoda,Diplostraca,Daphniidae,Daphnia,Crustaceans;Standard Test Species,48.0,FW,,,,1999.0,japan_moe_official_summary,dsstox_casrn,unclassified,4.1,mg/L,3.05564250473252e-05,-4.514897457460172,134.17799999999997,,True,False,1,1,,,,0.0,,,,official_summary_table,not specified in summary,test material,immobilisation (Japanese table header: acute swimming inhibition),True,True,,,,,,,,,,,,,,,,,,,,,,,,,,,,,,,,,,,,,japan_moe_4286-23-1_daphnia_48h_ec50_p27_r8,Japan_MOE_official_summary,official_summary_source,MOE:27:8:daphnia_48h_ec50,4.1,False,,,official_summary_source,official_summary_not_individual_report_reviewed,https://www.env.go.jp/content/000316616.pdf,27.0,8.0
japan_moe__japan_moe_4286-23-1_fish_96h_lc50_p27_r8,4286-23-1,4-(1-Methylethenyl)phenol,4286-23-1,DTXSID90962744,CC(=C)C1=CC=C(O)C=C1,JAGRUUPXPPLSRX-UHFFFAOYSA-N,fish_96h_lc50,LC50,MOR,MORT,Oryzias latipes,Japanese Medaka,Chordata,Actinopterygii,Beloniformes,Adrianichthyidae,Oryzias,Fish;Standard Test Species,96.0,FW,,,,1999.0,japan_moe_official_summary,dsstox_casrn,unclassified,9.2,mg/L,6.856563669155899e-05,-4.163893486834352,134.17799999999997,,True,False,1,1,,,,0.0,,,,official_summary_table,not specified in summary,test material,mortality,True,True,,,,,,,,,,,,,,,,,,,,,,,,,,,,,,,,,,,,,japan_moe_4286-23-1_fish_96h_lc50_p27_r8,Japan_MOE_official_summary,official_summary_source,MOE:27:8:fish_96h_lc50,9.2,False,,,official_summary_source,official_summary_not_individual_report_reviewed,https://www.env.go.jp/content/000316616.pdf,27.0,8.0
japan_moe__japan_moe_4418-61-5_daphnia_48h_ec50_p27_r9,4418-61-5,5-Aminotetrazole,4418-61-5,DTXSID7052103,NC1=NN=NN1,ULRPISSMEBPJLN-UHFFFAOYSA-N,daphnia_48h_ec50,EC50,ITX,IMBL,Daphnia magna,Water Flea,Arthropoda,Branchiopoda,Diplostraca,Daphniidae,Daphnia,Crustaceans;Standard Test Species,48.0,FW,,,,2007.0,japan_moe_official_summary,dsstox_casrn,unclassified,17.0,mg/L,0.0001998354296461,-3.699327511426628,85.07,,True,False,1,1,,,,0.0,,,,official_summary_table,not specified in summary,test material,immobilisation (Japanese table header: acute swimming inhibition),True,True,,,,,,,,,,,,,,,,,,,,,,,,,,,,,,,,,,,,,japan_moe_4418-61-5_daphnia_48h_ec50_p27_r9,Japan_MOE_official_summary,official_summary_source,MOE:27:9:daphnia_48h_ec50,17.0,False,,,official_summary_source,official_summary_not_individual_report_reviewed,https://www.env.go.jp/content/000316616.pdf,27.0,9.0
japan_moe__japan_moe_462-08-8_algae_72_96h_ec50_p20_r9,462-08-8,3-Aminopyridine,462-08-8,DTXSID9047461,NC1=CN=CC=C1,CUYKNJBYIJFRCU-UHFFFAOYSA-N,algae_72_96h_ec50,EC50,GRO,GGRO,Pseudokirchneriella subcapitata,Green Alga,Chlorophyta,Chlorophyceae,Sphaeropleales,Selenastraceae,Pseudokirchneriella,Algae;Standard Test Species,72.0,FW,,,,2007.0,japan_moe_official_summary,dsstox_casrn,unclassified,0.25,mg/L,2.656268261844301e-06,-5.575728066820786,94.11699999999998,,True,False,1,1,,,,0.0,,,,official_summary_table,not specified in summary,test material,growth rate,True,True,,,,,,,,,,,,,,,,,,,,,,,,,,,,,,,,,,,,,japan_moe_462-08-8_algae_72_96h_ec50_p20_r9,Japan_MOE_official_summary,official_summary_source,MOE:20:9:algae_72_96h_ec50,0.25,False,,,official_summary_source,official_summary_not_individual_report_reviewed,https://www.env.go.jp/content/000316616.pdf,20.0,9.0
japan_moe__japan_moe_462-08-8_daphnia_48h_ec50_p20_r9,462-08-8,3-Aminopyridine,462-08-8,DTXSID9047461,NC1=CN=CC=C1,CUYKNJBYIJFRCU-UHFFFAOYSA-N,daphnia_48h_ec50,EC50,ITX,IMBL,Daphnia magna,Water Flea,Arthropoda,Branchiopoda,Diplostraca,Daphniidae,Daphnia,Crustaceans;Standard Test Species,48.0,FW,,,,2007.0,japan_moe_official_summary,dsstox_casrn,unclassified,7.1,mg/L,7.543801863637814e-05,-4.122409726773749,94.11699999999998,,True,False,1,1,,,,0.0,,,,official_summary_table,not specified in summary,test material,immobilisation (Japanese table header: acute swimming inhibition),True,True,,,,,,,,,,,,,,,,,,,,,,,,,,,,,,,,,,,,,japan_moe_462-08-8_daphnia_48h_ec50_p20_r9,Japan_MOE_official_summary,official_summary_source,MOE:20:9:daphnia_48h_ec50,7.1,False,,,official_summary_source,official_summary_not_individual_report_reviewed,https://www.env.go.jp/content/000316616.pdf,20.0,9.0
japan_moe__japan_moe_462-08-8_fish_96h_lc50_p20_r9,462-08-8,3-Aminopyridine,462-08-8,DTXSID9047461,NC1=CN=CC=C1,CUYKNJBYIJFRCU-UHFFFAOYSA-N,fish_96h_lc50,LC50,MOR,MORT,Oryzias latipes,Japanese Medaka,Chordata,Actinopterygii,Beloniformes,Adrianichthyidae,Oryzias,Fish;Standard Test Species,96.0,FW,,,,2007.0,japan_moe_official_summary,dsstox_casrn,unclassified,8.6,mg/L,9.137562820744396e-05,-4.039169624249256,94.11699999999998,,True,False,1,1,,,,0.0,,,,official_summary_table,not specified in summary,test material,mortality,True,True,,,,,,,,,,,,,,,,,,,,,,,,,,,,,,,,,,,,,japan_moe_462-08-8_fish_96h_lc50_p20_r9,Japan_MOE_official_summary,official_summary_source,MOE:20:9:fish_96h_lc50,8.6,False,,,official_summary_source,official_summary_not_individual_report_reviewed,https://www.env.go.jp/content/000316616.pdf,20.0,9.0
japan_moe__japan_moe_464-72-2_daphnia_48h_ec50_p20_r10,464-72-2,"1,1,2,2-Tetraphenylethane-1,2-diol",464-72-2,DTXSID2060048,OC(C1=CC=CC=C1)(C1=CC=CC=C1)C(O)(C1=CC=CC=C1)C1=CC=CC=C1,MFEWNFVBWPABCX-UHFFFAOYSA-N,daphnia_48h_ec50,EC50,ITX,IMBL,Daphnia magna,Water Flea,Arthropoda,Branchiopoda,Diplostraca,Daphniidae,Daphnia,Crustaceans;Standard Test Species,48.0,FW,,,,2006.0,japan_moe_official_summary,dsstox_casrn,unclassified,0.017,mg/L,4.638978333242373e-08,-7.3335776558872015,366.46,,True,False,1,1,,,,0.0,,,,official_summary_table,not specified in summary,test material,immobilisation (Japanese table header: acute swimming inhibition),True,True,,,,,,,,,,,,,,,,,,,,,,,,,,,,,,,,,,,,,japan_moe_464-72-2_daphnia_48h_ec50_p20_r10,Japan_MOE_official_summary,official_summary_source,MOE:20:10:daphnia_48h_ec50,0.017,False,,,official_summary_source,official_summary_not_individual_report_reviewed,https://www.env.go.jp/content/000316616.pdf,20.0,10.0
japan_moe__japan_moe_470-82-6_algae_72_96h_ec50_p20_r11,470-82-6,"2-Oxabicyclo[2.2.2]octane, 1,3,3- trimethyl-",470-82-6,DTXSID4020616,CC12CCC(CC1)C(C)(C)O2,WEEGYLXZBRQIMU-UHFFFAOYSA-N,algae_72_96h_ec50,EC50,GRO,GGRO,Pseudokirchneriella subcapitata,Green Alga,Chlorophyta,Chlorophyceae,Sphaeropleales,Selenastraceae,Pseudokirchneriella,Algae;Standard Test Species,72.0,FW,,,,2010.0,japan_moe_official_summary,dsstox_casrn,unclassified,250.0,mg/L,0.0016207140217694,-2.7902936105212546,154.253,,True,False,1,1,,,,0.0,,,,official_summary_table,not specified in summary,test material,growth rate,True,True,,,,,,,,,,,,,,,,,,,,,,,,,,,,,,,,,,,,,japan_moe_470-82-6_algae_72_96h_ec50_p20_r11,Japan_MOE_official_summary,official_summary_source,MOE:20:11:algae_72_96h_ec50,250.0,False,,,official_summary_source,official_summary_not_individual_report_reviewed,https://www.env.go.jp/content/000316616.pdf,20.0,11.0
japan_moe__japan_moe_470-82-6_daphnia_48h_ec50_p20_r11,470-82-6,"2-Oxabicyclo[2.2.2]octane, 1,3,3- trimethyl-",470-82-6,DTXSID4020616,CC12CCC(CC1)C(C)(C)O2,WEEGYLXZBRQIMU-UHFFFAOYSA-N,daphnia_48h_ec50,EC50,ITX,IMBL,Daphnia magna,Water Flea,Arthropoda,Branchiopoda,Diplostraca,Daphniidae,Daphnia,Crustaceans;Standard Test Species,48.0,FW,,,,2010.0,japan_moe_official_summary,dsstox_casrn,unclassified,200.0,mg/L,0.0012965712174155,-2.8872036235293117,154.253,,True,False,1,1,,,,0.0,,,,official_summary_table,not specified in summary,test material,immobilisation (Japanese table header: acute swimming inhibition),True,True,,,,,,,,,,,,,,,,,,,,,,,,,,,,,,,,,,,,,japan_moe_470-82-6_daphnia_48h_ec50_p20_r11,Japan_MOE_official_summary,official_summary_source,MOE:20:11:daphnia_48h_ec50,200.0,False,,,official_summary_source,official_summary_not_individual_report_reviewed,https://www.env.go.jp/content/000316616.pdf,20.0,11.0
japan_moe__japan_moe_479-27-6_algae_72_96h_ec50_p20_r12,479-27-6,"1,8-Naphthylenediamine",479-27-6,DTXSID6044432,NC1=CC=CC2=C1C(N)=CC=C2,YFOOEYJGMMJJLS-UHFFFAOYSA-N,algae_72_96h_ec50,EC50,GRO,GGRO,Pseudokirchneriella subcapitata,Green Alga,Chlorophyta,Chlorophyceae,Sphaeropleales,Selenastraceae,Pseudokirchneriella,Algae;Standard Test Species,72.0,FW,,,,2005.0,japan_moe_official_summary,dsstox_casrn,unclassified,0.48,mg/L,3.034057293115217e-06,-5.51797622254439,158.20400000000004,,True,False,1,1,,,,0.0,,,,official_summary_table,not specified in summary,test material,growth rate,True,True,,,,,,,,,,,,,,,,,,,,,,,,,,,,,,,,,,,,,japan_moe_479-27-6_algae_72_96h_ec50_p20_r12,Japan_MOE_official_summary,official_summary_source,MOE:20:12:algae_72_96h_ec50,0.48,False,,,official_summary_source,official_summary_not_individual_report_reviewed,https://www.env.go.jp/content/000316616.pdf,20.0,12.0
japan_moe__japan_moe_479-27-6_daphnia_48h_ec50_p20_r12,479-27-6,"1,8-Naphthylenediamine",479-27-6,DTXSID6044432,NC1=CC=CC2=C1C(N)=CC=C2,YFOOEYJGMMJJLS-UHFFFAOYSA-N,daphnia_48h_ec50,EC50,ITX,IMBL,Daphnia magna,Water Flea,Arthropoda,Branchiopoda,Diplostraca,Daphniidae,Daphnia,Crustaceans;Standard Test Species,48.0,FW,,,,2005.0,japan_moe_official_summary,dsstox_casrn,unclassified,0.17,mg/L,1.0745619579783063e-06,-5.968768538541704,158.20400000000004,,True,False,1,1,,,,0.0,,,,official_summary_table,not specified in summary,test material,immobilisation (Japanese table header: acute swimming inhibition),True,True,,,,,,,,,,,,,,,,,,,,,,,,,,,,,,,,,,,,,japan_moe_479-27-6_daphnia_48h_ec50_p20_r12,Japan_MOE_official_summary,official_summary_source,MOE:20:12:daphnia_48h_ec50,0.17,False,,,official_summary_source,official_summary_not_individual_report_reviewed,https://www.env.go.jp/content/000316616.pdf,20.0,12.0
japan_moe__japan_moe_479-27-6_fish_96h_lc50_p20_r12,479-27-6,"1,8-Naphthylenediamine",479-27-6,DTXSID6044432,NC1=CC=CC2=C1C(N)=CC=C2,YFOOEYJGMMJJLS-UHFFFAOYSA-N,fish_96h_lc50,LC50,MOR,MORT,Oryzias latipes,Japanese Medaka,Chordata,Actinopterygii,Beloniformes,Adrianichthyidae,Oryzias,Fish;Standard Test Species,96.0,FW,,,,2005.0,japan_moe_official_summary,dsstox_casrn,unclassified,5.6,mg/L,3.5397335086344204e-05,-4.451029432913777,158.20400000000004,,True,False,1,1,,,,0.0,,,,official_summary_table,not specified in summary,test material,mortality,True,True,,,,,,,,,,,,,,,,,,,,,,,,,,,,,,,,,,,,,japan_moe_479-27-6_fish_96h_lc50_p20_r12,Japan_MOE_official_summary,official_summary_source,MOE:20:12:fish_96h_lc50,5.6,False,,,official_summary_source,official_summary_not_individual_report_reviewed,https://www.env.go.jp/content/000316616.pdf,20.0,12.0
japan_moe__japan_moe_4798-44-1_daphnia_48h_ec50_p27_r11,4798-44-1,1-Hexen-3-ol,4798-44-1,DTXSID1022219,CCCC(O)C=C,BVOSSZSHBZQJOI-UHFFFAOYSA-N,daphnia_48h_ec50,EC50,ITX,IMBL,Daphnia magna,Water Flea,Arthropoda,Branchiopoda,Diplostraca,Daphniidae,Daphnia,Crustaceans;Standard Test Species,48.0,FW,,,,2006.0,japan_moe_official_summary,dsstox_casrn,unclassified,210.0,mg/L,0.0020966244346601,-2.6784793571179977,100.161,,True,False,1,1,,,,0.0,,,,official_summary_table,not specified in summary,test material,immobilisation (Japanese table header: acute swimming inhibition),True,True,,,,,,,,,,,,,,,,,,,,,,,,,,,,,,,,,,,,,japan_moe_4798-44-1_daphnia_48h_ec50_p27_r11,Japan_MOE_official_summary,official_summary_source,MOE:27:11:daphnia_48h_ec50,210.0,False,,,official_summary_source,official_summary_not_individual_report_reviewed,https://www.env.go.jp/content/000316616.pdf,27.0,11.0
japan_moe__japan_moe_483-63-6_fish_96h_lc50_p20_r13,483-63-6,N-Ethyl-N-crotonoyl-2-toluidine,483-63-6,DTXSID6040664,CCN(C(=O)C=CC)C1=CC=CC=C1C,DNTGGZPQPQTDQF-UHFFFAOYSA-N,fish_96h_lc50,LC50,MOR,MORT,Oryzias latipes,Japanese Medaka,Chordata,Actinopterygii,Beloniformes,Adrianichthyidae,Oryzias,Fish;Standard Test Species,96.0,FW,,,,2006.0,japan_moe_official_summary,dsstox_casrn,unclassified,75.0,mg/L,0.0003689401579063,-3.43304407069363,203.285,,True,False,1,1,,,,0.0,,,,official_summary_table,not specified in summary,test material,mortality,True,True,,,,,,,,,,,,,,,,,,,,,,,,,,,,,,,,,,,,,japan_moe_483-63-6_fish_96h_lc50_p20_r13,Japan_MOE_official_summary,official_summary_source,MOE:20:13:fish_96h_lc50,75.0,False,,,official_summary_source,official_summary_not_individual_report_reviewed,https://www.env.go.jp/content/000316616.pdf,20.0,13.0
japan_moe__japan_moe_487-68-3_algae_72_96h_ec50_p20_r14,487-68-3,"2,4,6-Trimethylbenzaldehyde",487-68-3,DTXSID5052125,CC1=CC(C)=C(C=O)C(C)=C1,HIKRJHFHGKZKRI-UHFFFAOYSA-N,algae_72_96h_ec50,EC50,GRO,GGRO,Pseudokirchneriella subcapitata,Green Alga,Chlorophyta,Chlorophyceae,Sphaeropleales,Selenastraceae,Pseudokirchneriella,Algae;Standard Test Species,72.0,FW,,,,2005.0,japan_moe_official_summary,dsstox_casrn,unclassified,7.9,mg/L,5.330454438109377e-05,-4.273235764416158,148.20499999999998,,True,False,1,1,,,,0.0,,,,official_summary_table,not specified in summary,test material,growth rate,True,True,,,,,,,,,,,,,,,,,,,,,,,,,,,,,,,,,,,,,japan_moe_487-68-3_algae_72_96h_ec50_p20_r14,Japan_MOE_official_summary,official_summary_source,MOE:20:14:algae_72_96h_ec50,7.9,False,,,official_summary_source,official_summary_not_individual_report_reviewed,https://www.env.go.jp/content/000316616.pdf,20.0,14.0
japan_moe__japan_moe_487-68-3_daphnia_48h_ec50_p20_r14,487-68-3,"2,4,6-Trimethylbenzaldehyde",487-68-3,DTXSID5052125,CC1=CC(C)=C(C=O)C(C)=C1,HIKRJHFHGKZKRI-UHFFFAOYSA-N,daphnia_48h_ec50,EC50,ITX,IMBL,Daphnia magna,Water Flea,Arthropoda,Branchiopoda,Diplostraca,Daphniidae,Daphnia,Crustaceans;Standard Test Species,48.0,FW,,,,2005.0,japan_moe_official_summary,dsstox_casrn,unclassified,4.5,mg/L,3.0363348065179987e-05,-4.517650341931256,148.20499999999998,,True,False,1,1,,,,0.0,,,,official_summary_table,not specified in summary,test material,immobilisation (Japanese table header: acute swimming inhibition),True,True,,,,,,,,,,,,,,,,,,,,,,,,,,,,,,,,,,,,,japan_moe_487-68-3_daphnia_48h_ec50_p20_r14,Japan_MOE_official_summary,official_summary_source,MOE:20:14:daphnia_48h_ec50,4.5,False,,,official_summary_source,official_summary_not_individual_report_reviewed,https://www.env.go.jp/content/000316616.pdf,20.0,14.0
japan_moe__japan_moe_487-68-3_fish_96h_lc50_p20_r14,487-68-3,"2,4,6-Trimethylbenzaldehyde",487-68-3,DTXSID5052125,CC1=CC(C)=C(C=O)C(C)=C1,HIKRJHFHGKZKRI-UHFFFAOYSA-N,fish_96h_lc50,LC50,MOR,MORT,Oryzias latipes,Japanese Medaka,Chordata,Actinopterygii,Beloniformes,Adrianichthyidae,Oryzias,Fish;Standard Test Species,96.0,FW,,,,2005.0,japan_moe_official_summary,dsstox_casrn,unclassified,12.0,mg/L,8.096892817381331e-05,-4.091681609658974,148.20499999999998,,True,False,1,1,,,,0.0,,,,official_summary_table,not specified in summary,test material,mortality,True,True,,,,,,,,,,,,,,,,,,,,,,,,,,,,,,,,,,,,,japan_moe_487-68-3_fish_96h_lc50_p20_r14,Japan_MOE_official_summary,official_summary_source,MOE:20:14:fish_96h_lc50,12.0,False,,,official_summary_source,official_summary_not_individual_report_reviewed,https://www.env.go.jp/content/000316616.pdf,20.0,14.0
japan_moe__japan_moe_49619-58-1_daphnia_48h_ec50_p32_r11,49619-58-1,3-Formyl-6-isopropylchromone,49619-58-1,DTXSID90350965,CC(C)C1=CC2=C(OC=C(C=O)C2=O)C=C1,FRRYMYQANNFABF-UHFFFAOYSA-N,daphnia_48h_ec50,EC50,ITX,IMBL,Daphnia magna,Water Flea,Arthropoda,Branchiopoda,Diplostraca,Daphniidae,Daphnia,Crustaceans;Standard Test Species,48.0,FW,,,,2007.0,japan_moe_official_summary,dsstox_casrn,unclassified,1.8,mg/L,8.324238332192605e-06,-5.079655493948836,216.236,,True,False,1,1,,,,0.0,,,,official_summary_table,not specified in summary,test material,immobilisation (Japanese table header: acute swimming inhibition),True,True,,,,,,,,,,,,,,,,,,,,,,,,,,,,,,,,,,,,,japan_moe_49619-58-1_daphnia_48h_ec50_p32_r11,Japan_MOE_official_summary,official_summary_source,MOE:32:11:daphnia_48h_ec50,1.8,False,,,official_summary_source,official_summary_not_individual_report_reviewed,https://www.env.go.jp/content/000316616.pdf,32.0,11.0
japan_moe__japan_moe_497-18-7_daphnia_48h_ec50_p20_r15,497-18-7,Carbonohydrazide,497-18-7,DTXSID5038757,NNC(=O)NN,XEVRDFDBXJMZFG-UHFFFAOYSA-N,daphnia_48h_ec50,EC50,ITX,IMBL,Daphnia magna,Water Flea,Arthropoda,Branchiopoda,Diplostraca,Daphniidae,Daphnia,Crustaceans;Standard Test Species,48.0,FW,,,,2006.0,japan_moe_official_summary,dsstox_casrn,unclassified,9.5,mg/L,0.0001054547876473,-3.976933698507428,90.086,,True,False,1,1,,,,0.0,,,,official_summary_table,not specified in summary,test material,immobilisation (Japanese table header: acute swimming inhibition),True,True,,,,,,,,,,,,,,,,,,,,,,,,,,,,,,,,,,,,,japan_moe_497-18-7_daphnia_48h_ec50_p20_r15,Japan_MOE_official_summary,official_summary_source,MOE:20:15:daphnia_48h_ec50,9.5,False,,,official_summary_source,official_summary_not_individual_report_reviewed,https://www.env.go.jp/content/000316616.pdf,20.0,15.0
japan_moe__japan_moe_497-18-7_fish_96h_lc50_p20_r15,497-18-7,Carbonohydrazide,497-18-7,DTXSID5038757,NNC(=O)NN,XEVRDFDBXJMZFG-UHFFFAOYSA-N,fish_96h_lc50,LC50,MOR,MORT,Oryzias latipes,Japanese Medaka,Chordata,Actinopterygii,Beloniformes,Adrianichthyidae,Oryzias,Fish;Standard Test Species,96.0,FW,,,,2006.0,japan_moe_official_summary,dsstox_casrn,unclassified,52.0,mg/L,0.0005772262060697,-3.2386539601614763,90.086,,True,False,1,1,,,,0.0,,,,official_summary_table,not specified in summary,test material,mortality,True,True,,,,,,,,,,,,,,,,,,,,,,,,,,,,,,,,,,,,,japan_moe_497-18-7_fish_96h_lc50_p20_r15,Japan_MOE_official_summary,official_summary_source,MOE:20:15:fish_96h_lc50,52.0,False,,,official_summary_source,official_summary_not_individual_report_reviewed,https://www.env.go.jp/content/000316616.pdf,20.0,15.0
japan_moe__japan_moe_504-24-5_algae_72_96h_ec50_p20_r16,504-24-5,4-Aminopyridine,504-24-5,DTXSID0023870,NC1=CC=NC=C1,NUKYPUAOHBNCPY-UHFFFAOYSA-N,algae_72_96h_ec50,EC50,GRO,GGRO,Pseudokirchneriella subcapitata,Green Alga,Chlorophyta,Chlorophyceae,Sphaeropleales,Selenastraceae,Pseudokirchneriella,Algae;Standard Test Species,72.0,FW,,,,2005.0,japan_moe_official_summary,dsstox_casrn,unclassified,30.0,mg/L,0.0003187521914213,-3.496546820773162,94.117,,True,False,1,1,,,,0.0,,,,official_summary_table,not specified in summary,test material,growth rate,True,True,,,,,,,,,,,,,,,,,,,,,,,,,,,,,,,,,,,,,japan_moe_504-24-5_algae_72_96h_ec50_p20_r16,Japan_MOE_official_summary,official_summary_source,MOE:20:16:algae_72_96h_ec50,30.0,False,,,official_summary_source,official_summary_not_individual_report_reviewed,https://www.env.go.jp/content/000316616.pdf,20.0,16.0
japan_moe__japan_moe_504-24-5_daphnia_48h_ec50_p20_r16,504-24-5,4-Aminopyridine,504-24-5,DTXSID0023870,NC1=CC=NC=C1,NUKYPUAOHBNCPY-UHFFFAOYSA-N,daphnia_48h_ec50,EC50,ITX,IMBL,Daphnia magna,Water Flea,Arthropoda,Branchiopoda,Diplostraca,Daphniidae,Daphnia,Crustaceans;Standard Test Species,48.0,FW,,,,2005.0,japan_moe_official_summary,dsstox_casrn,unclassified,15.0,mg/L,0.0001593760957106,-3.797576816437143,94.117,,True,False,1,1,,,,0.0,,,,official_summary_table,not specified in summary,test material,immobilisation (Japanese table header: acute swimming inhibition),True,True,,,,,,,,,,,,,,,,,,,,,,,,,,,,,,,,,,,,,japan_moe_504-24-5_daphnia_48h_ec50_p20_r16,Japan_MOE_official_summary,official_summary_source,MOE:20:16:daphnia_48h_ec50,15.0,False,,,official_summary_source,official_summary_not_individual_report_reviewed,https://www.env.go.jp/content/000316616.pdf,20.0,16.0
japan_moe__japan_moe_504-24-5_fish_96h_lc50_p20_r16,504-24-5,4-Aminopyridine,504-24-5,DTXSID0023870,NC1=CC=NC=C1,NUKYPUAOHBNCPY-UHFFFAOYSA-N,fish_96h_lc50,LC50,MOR,MORT,Oryzias latipes,Japanese Medaka,Chordata,Actinopterygii,Beloniformes,Adrianichthyidae,Oryzias,Fish;Standard Test Species,96.0,FW,,,,2005.0,japan_moe_official_summary,dsstox_casrn,unclassified,3.4,mg/L,3.612524836108248e-05,-4.442189158450569,94.117,,True,False,1,1,,,,0.0,,,,official_summary_table,not specified in summary,test material,mortality,True,True,,,,,,,,,,,,,,,,,,,,,,,,,,,,,,,,,,,,,japan_moe_504-24-5_fish_96h_lc50_p20_r16,Japan_MOE_official_summary,official_summary_source,MOE:20:16:fish_96h_lc50,3.4,False,,,official_summary_source,official_summary_not_individual_report_reviewed,https://www.env.go.jp/content/000316616.pdf,20.0,16.0
japan_moe__japan_moe_504-29-0_algae_72_96h_ec50_p20_r17,504-29-0,2-Aminopyridine,504-29-0,DTXSID0024505,NC1=CC=CC=N1,ICSNLGPSRYBMBD-UHFFFAOYSA-N,algae_72_96h_ec50,EC50,GRO,GGRO,Pseudokirchneriella subcapitata,Green Alga,Chlorophyta,Chlorophyceae,Sphaeropleales,Selenastraceae,Pseudokirchneriella,Algae;Standard Test Species,72.0,FW,,,,2008.0,japan_moe_official_summary,dsstox_casrn,unclassified,12.0,mg/L,0.0001275008765685,-3.8944868294451993,94.117,,True,False,1,1,,,,0.0,,,,official_summary_table,not specified in summary,test material,growth rate,True,True,,,,,,,,,,,,,,,,,,,,,,,,,,,,,,,,,,,,,japan_moe_504-29-0_algae_72_96h_ec50_p20_r17,Japan_MOE_official_summary,official_summary_source,MOE:20:17:algae_72_96h_ec50,12.0,False,,,official_summary_source,official_summary_not_individual_report_reviewed,https://www.env.go.jp/content/000316616.pdf,20.0,17.0
japan_moe__japan_moe_504-29-0_daphnia_48h_ec50_p20_r17,504-29-0,2-Aminopyridine,504-29-0,DTXSID0024505,NC1=CC=CC=N1,ICSNLGPSRYBMBD-UHFFFAOYSA-N,daphnia_48h_ec50,EC50,ITX,IMBL,Daphnia magna,Water Flea,Arthropoda,Branchiopoda,Diplostraca,Daphniidae,Daphnia,Crustaceans;Standard Test Species,48.0,FW,,,,2008.0,japan_moe_official_summary,dsstox_casrn,unclassified,35.0,mg/L,0.0003718775566582,-3.4296000311425483,94.117,,True,False,1,1,,,,0.0,,,,official_summary_table,not specified in summary,test material,immobilisation (Japanese table header: acute swimming inhibition),True,True,,,,,,,,,,,,,,,,,,,,,,,,,,,,,,,,,,,,,japan_moe_504-29-0_daphnia_48h_ec50_p20_r17,Japan_MOE_official_summary,official_summary_source,MOE:20:17:daphnia_48h_ec50,35.0,False,,,official_summary_source,official_summary_not_individual_report_reviewed,https://www.env.go.jp/content/000316616.pdf,20.0,17.0
japan_moe__japan_moe_504-29-0_fish_96h_lc50_p20_r17,504-29-0,2-Aminopyridine,504-29-0,DTXSID0024505,NC1=CC=CC=N1,ICSNLGPSRYBMBD-UHFFFAOYSA-N,fish_96h_lc50,LC50,MOR,MORT,Oryzias latipes,Japanese Medaka,Chordata,Actinopterygii,Beloniformes,Adrianichthyidae,Oryzias,Fish;Standard Test Species,96.0,FW,,,,2008.0,japan_moe_official_summary,dsstox_casrn,unclassified,11.0,mg/L,0.0001168758035211,-3.932275390334599,94.117,,True,False,1,1,,,,0.0,,,,official_summary_table,not specified in summary,test material,mortality,True,True,,,,,,,,,,,,,,,,,,,,,,,,,,,,,,,,,,,,,japan_moe_504-29-0_fish_96h_lc50_p20_r17,Japan_MOE_official_summary,official_summary_source,MOE:20:17:fish_96h_lc50,11.0,False,,,official_summary_source,official_summary_not_individual_report_reviewed,https://www.env.go.jp/content/000316616.pdf,20.0,17.0
japan_moe__japan_moe_505-32-8_daphnia_48h_ec50_p20_r18,505-32-8,"3,7,11,15-Tetramethylhexadec-1-en-3-ol",505-32-8,DTXSID2025474,CC(C)CCCC(C)CCCC(C)CCCC(C)(O)C=C,KEVYVLWNCKMXJX-UHFFFAOYSA-N,daphnia_48h_ec50,EC50,ITX,IMBL,Daphnia magna,Water Flea,Arthropoda,Branchiopoda,Diplostraca,Daphniidae,Daphnia,Crustaceans;Standard Test Species,48.0,FW,,,,2000.0,japan_moe_official_summary,dsstox_casrn,unclassified,11.0,mg/L,3.709461487359167e-05,-4.43068913352337,296.539,,True,False,1,1,,,,0.0,,,,official_summary_table,not specified in summary,test material,immobilisation (Japanese table header: acute swimming inhibition),True,True,,,,,,,,,,,,,,,,,,,,,,,,,,,,,,,,,,,,,japan_moe_505-32-8_daphnia_48h_ec50_p20_r18,Japan_MOE_official_summary,official_summary_source,MOE:20:18:daphnia_48h_ec50,11.0,False,,,official_summary_source,official_summary_not_individual_report_reviewed,https://www.env.go.jp/content/000316616.pdf,20.0,18.0
japan_moe__japan_moe_50512-35-1_fish_96h_lc50_p32_r12,50512-35-1,"Diisopropyl 1,3-dithiolan-2- ylidenemalonate <Isoprothiolane>",50512-35-1,DTXSID8058110,CC(C)OC(=O)C(C(=O)OC(C)C)=C1SCCS1,UFHLMYOGRXOCSL-UHFFFAOYSA-N,fish_96h_lc50,LC50,MOR,MORT,Oryzias latipes,Japanese Medaka,Chordata,Actinopterygii,Beloniformes,Adrianichthyidae,Oryzias,Fish;Standard Test Species,96.0,FW,,,,1997.0,japan_moe_official_summary,dsstox_casrn,unclassified,9.3,mg/L,3.202413173281544e-05,-4.494522636407911,290.406,,True,False,1,1,,,,0.0,,,,official_summary_table,not specified in summary,test material,mortality,True,True,,,,,,,,,,,,,,,,,,,,,,,,,,,,,,,,,,,,,japan_moe_50512-35-1_fish_96h_lc50_p32_r12,Japan_MOE_official_summary,official_summary_source,MOE:32:12:fish_96h_lc50,9.3,False,,,official_summary_source,official_summary_not_individual_report_reviewed,https://www.env.go.jp/content/000316616.pdf,32.0,12.0
japan_moe__japan_moe_51218-49-6_algae_72_96h_ec50_p32_r14,51218-49-6,"2-Chloro-2',6'-diethyl-N-(2- propoxyethyl)acetanilide <Pretilachlor>",51218-49-6,DTXSID8058112,CCCOCCN(C(=O)CCl)C1=C(CC)C=CC=C1CC,YLPGTOIOYRQOHV-UHFFFAOYSA-N,algae_72_96h_ec50,EC50,GRO,GGRO,Pseudokirchneriella subcapitata,Green Alga,Chlorophyta,Chlorophyceae,Sphaeropleales,Selenastraceae,Pseudokirchneriella,Algae;Standard Test Species,72.0,FW,,,,1997.0,japan_moe_official_summary,dsstox_casrn,unclassified,0.0032,mg/L,1.0261244881402454e-08,-7.988799947964242,311.85300000000007,,True,False,1,1,,,,0.0,,,,official_summary_table,not specified in summary,test material,growth rate,True,True,,,,,,,,,,,,,,,,,,,,,,,,,,,,,,,,,,,,,japan_moe_51218-49-6_algae_72_96h_ec50_p32_r14,Japan_MOE_official_summary,official_summary_source,MOE:32:14:algae_72_96h_ec50,0.0032,False,,,official_summary_source,official_summary_not_individual_report_reviewed,https://www.env.go.jp/content/000316616.pdf,32.0,14.0
japan_moe__japan_moe_51218-49-6_daphnia_48h_ec50_p32_r14,51218-49-6,"2-Chloro-2',6'-diethyl-N-(2- propoxyethyl)acetanilide <Pretilachlor>",51218-49-6,DTXSID8058112,CCCOCCN(C(=O)CCl)C1=C(CC)C=CC=C1CC,YLPGTOIOYRQOHV-UHFFFAOYSA-N,daphnia_48h_ec50,EC50,ITX,IMBL,Daphnia magna,Water Flea,Arthropoda,Branchiopoda,Diplostraca,Daphniidae,Daphnia,Crustaceans;Standard Test Species,48.0,FW,,,,1997.0,japan_moe_official_summary,dsstox_casrn,unclassified,7.0,mg/L,2.2446473178067863e-05,-4.648851886269892,311.85300000000007,,True,False,1,1,,,,0.0,,,,official_summary_table,not specified in summary,test material,immobilisation (Japanese table header: acute swimming inhibition),True,True,,,,,,,,,,,,,,,,,,,,,,,,,,,,,,,,,,,,,japan_moe_51218-49-6_daphnia_48h_ec50_p32_r14,Japan_MOE_official_summary,official_summary_source,MOE:32:14:daphnia_48h_ec50,7.0,False,,,official_summary_source,official_summary_not_individual_report_reviewed,https://www.env.go.jp/content/000316616.pdf,32.0,14.0
japan_moe__japan_moe_51218-49-6_fish_96h_lc50_p32_r14,51218-49-6,"2-Chloro-2',6'-diethyl-N-(2- propoxyethyl)acetanilide <Pretilachlor>",51218-49-6,DTXSID8058112,CCCOCCN(C(=O)CCl)C1=C(CC)C=CC=C1CC,YLPGTOIOYRQOHV-UHFFFAOYSA-N,fish_96h_lc50,LC50,MOR,MORT,Oryzias latipes,Japanese Medaka,Chordata,Actinopterygii,Beloniformes,Adrianichthyidae,Oryzias,Fish;Standard Test Species,96.0,FW,,,,1997.0,japan_moe_official_summary,dsstox_casrn,unclassified,2.4,mg/L,7.69593366105184e-06,-5.113738684572542,311.85300000000007,,True,False,1,1,,,,0.0,,,,official_summary_table,not specified in summary,test material,mortality,True,True,,,,,,,,,,,,,,,,,,,,,,,,,,,,,,,,,,,,,japan_moe_51218-49-6_fish_96h_lc50_p32_r14,Japan_MOE_official_summary,official_summary_source,MOE:32:14:fish_96h_lc50,2.4,False,,,official_summary_source,official_summary_not_individual_report_reviewed,https://www.env.go.jp/content/000316616.pdf,32.0,14.0
japan_moe__japan_moe_515-84-4_algae_72_96h_ec50_p20_r19,515-84-4,Ethyl trichloroacetate,515-84-4,DTXSID9060158,CCOC(=O)C(Cl)(Cl)Cl,SJMLNDPIJZBEKY-UHFFFAOYSA-N,algae_72_96h_ec50,EC50,GRO,GGRO,Pseudokirchneriella subcapitata,Green Alga,Chlorophyta,Chlorophyceae,Sphaeropleales,Selenastraceae,Pseudokirchneriella,Algae;Standard Test Species,72.0,FW,,,,2001.0,japan_moe_official_summary,dsstox_casrn,unclassified,70.0,mg/L,0.0003656479019645,-3.43693691415228,191.441,,True,False,1,1,,,,0.0,,,,official_summary_table,not specified in summary,test material,growth rate,True,True,,,,,,,,,,,,,,,,,,,,,,,,,,,,,,,,,,,,,japan_moe_515-84-4_algae_72_96h_ec50_p20_r19,Japan_MOE_official_summary,official_summary_source,MOE:20:19:algae_72_96h_ec50,70.0,False,,,official_summary_source,official_summary_not_individual_report_reviewed,https://www.env.go.jp/content/000316616.pdf,20.0,19.0
japan_moe__japan_moe_515-84-4_daphnia_48h_ec50_p20_r19,515-84-4,Ethyl trichloroacetate,515-84-4,DTXSID9060158,CCOC(=O)C(Cl)(Cl)Cl,SJMLNDPIJZBEKY-UHFFFAOYSA-N,daphnia_48h_ec50,EC50,ITX,IMBL,Daphnia magna,Water Flea,Arthropoda,Branchiopoda,Diplostraca,Daphniidae,Daphnia,Crustaceans;Standard Test Species,48.0,FW,,,,2001.0,japan_moe_official_summary,dsstox_casrn,unclassified,160.0,mg/L,0.0008357666330618,-3.077914971510612,191.441,,True,False,1,1,,,,0.0,,,,official_summary_table,not specified in summary,test material,immobilisation (Japanese table header: acute swimming inhibition),True,True,,,,,,,,,,,,,,,,,,,,,,,,,,,,,,,,,,,,,japan_moe_515-84-4_daphnia_48h_ec50_p20_r19,Japan_MOE_official_summary,official_summary_source,MOE:20:19:daphnia_48h_ec50,160.0,False,,,official_summary_source,official_summary_not_individual_report_reviewed,https://www.env.go.jp/content/000316616.pdf,20.0,19.0
japan_moe__japan_moe_515-84-4_fish_96h_lc50_p20_r19,515-84-4,Ethyl trichloroacetate,515-84-4,DTXSID9060158,CCOC(=O)C(Cl)(Cl)Cl,SJMLNDPIJZBEKY-UHFFFAOYSA-N,fish_96h_lc50,LC50,MOR,MORT,Oryzias latipes,Japanese Medaka,Chordata,Actinopterygii,Beloniformes,Adrianichthyidae,Oryzias,Fish;Standard Test Species,96.0,FW,,,,2001.0,japan_moe_official_summary,dsstox_casrn,unclassified,44.0,mg/L,0.000229835824092,-3.638582277680349,191.441,,True,False,1,1,,,,0.0,,,,official_summary_table,not specified in summary,test material,mortality,True,True,,,,,,,,,,,,,,,,,,,,,,,,,,,,,,,,,,,,,japan_moe_515-84-4_fish_96h_lc50_p20_r19,Japan_MOE_official_summary,official_summary_source,MOE:20:19:fish_96h_lc50,44.0,False,,,official_summary_source,official_summary_not_individual_report_reviewed,https://www.env.go.jp/content/000316616.pdf,20.0,19.0
japan_moe__japan_moe_51963-82-7_algae_72_96h_ec50_p32_r15,51963-82-7,"Benzenamine, 2,5-diethoxy-4-(4- morpholinyl)-",51963-82-7,DTXSID1068693,CCOC1=CC(N)=C(OCC)C=C1N1CCOCC1,DDCBPJKVWMBNCC-UHFFFAOYSA-N,algae_72_96h_ec50,EC50,GRO,GGRO,Pseudokirchneriella subcapitata,Green Alga,Chlorophyta,Chlorophyceae,Sphaeropleales,Selenastraceae,Pseudokirchneriella,Algae;Standard Test Species,72.0,FW,,,,2008.0,japan_moe_official_summary,dsstox_casrn,unclassified,7.4,mg/L,2.778393112588749e-05,-4.556206306276767,266.34099999999995,,True,False,1,1,,,,0.0,,,,official_summary_table,not specified in summary,test material,growth rate,True,True,,,,,,,,,,,,,,,,,,,,,,,,,,,,,,,,,,,,,japan_moe_51963-82-7_algae_72_96h_ec50_p32_r15,Japan_MOE_official_summary,official_summary_source,MOE:32:15:algae_72_96h_ec50,7.4,False,,,official_summary_source,official_summary_not_individual_report_reviewed,https://www.env.go.jp/content/000316616.pdf,32.0,15.0
japan_moe__japan_moe_51963-82-7_daphnia_48h_ec50_p32_r15,51963-82-7,"Benzenamine, 2,5-diethoxy-4-(4- morpholinyl)-",51963-82-7,DTXSID1068693,CCOC1=CC(N)=C(OCC)C=C1N1CCOCC1,DDCBPJKVWMBNCC-UHFFFAOYSA-N,daphnia_48h_ec50,EC50,ITX,IMBL,Daphnia magna,Water Flea,Arthropoda,Branchiopoda,Diplostraca,Daphniidae,Daphnia,Crustaceans;Standard Test Species,48.0,FW,,,,2008.0,japan_moe_official_summary,dsstox_casrn,unclassified,18.0,mg/L,6.758253517107769e-05,-4.170165520904438,266.34099999999995,,True,False,1,1,,,,0.0,,,,official_summary_table,not specified in summary,test material,immobilisation (Japanese table header: acute swimming inhibition),True,True,,,,,,,,,,,,,,,,,,,,,,,,,,,,,,,,,,,,,japan_moe_51963-82-7_daphnia_48h_ec50_p32_r15,Japan_MOE_official_summary,official_summary_source,MOE:32:15:daphnia_48h_ec50,18.0,False,,,official_summary_source,official_summary_not_individual_report_reviewed,https://www.env.go.jp/content/000316616.pdf,32.0,15.0
japan_moe__japan_moe_51963-82-7_fish_96h_lc50_p32_r15,51963-82-7,"Benzenamine, 2,5-diethoxy-4-(4- morpholinyl)-",51963-82-7,DTXSID1068693,CCOC1=CC(N)=C(OCC)C=C1N1CCOCC1,DDCBPJKVWMBNCC-UHFFFAOYSA-N,fish_96h_lc50,LC50,MOR,MORT,Oryzias latipes,Japanese Medaka,Chordata,Actinopterygii,Beloniformes,Adrianichthyidae,Oryzias,Fish;Standard Test Species,96.0,FW,,,,2008.0,japan_moe_official_summary,dsstox_casrn,unclassified,22.0,mg/L,8.260087632020606e-05,-4.0830153451855375,266.34099999999995,,True,False,1,1,,,,0.0,,,,official_summary_table,not specified in summary,test material,mortality,True,True,,,,,,,,,,,,,,,,,,,,,,,,,,,,,,,,,,,,,japan_moe_51963-82-7_fish_96h_lc50_p32_r15,Japan_MOE_official_summary,official_summary_source,MOE:32:15:fish_96h_lc50,22.0,False,,,official_summary_source,official_summary_not_individual_report_reviewed,https://www.env.go.jp/content/000316616.pdf,32.0,15.0
japan_moe__japan_moe_526-73-8_daphnia_48h_ec50_p20_r20,526-73-8,"1,2,3-Trimethylbenzene",526-73-8,DTXSID8047769,CC1=CC=CC(C)=C1C,FYGHSUNMUKGBRK-UHFFFAOYSA-N,daphnia_48h_ec50,EC50,ITX,IMBL,Daphnia magna,Water Flea,Arthropoda,Branchiopoda,Diplostraca,Daphniidae,Daphnia,Crustaceans;Standard Test Species,48.0,FW,,,,2012.0,japan_moe_official_summary,dsstox_casrn,unclassified,2.7,mg/L,2.2463496817671287e-05,-4.648522637637729,120.195,,True,False,1,1,,,,0.0,,,,official_summary_table,not specified in summary,test material,immobilisation (Japanese table header: acute swimming inhibition),True,True,,,,,,,,,,,,,,,,,,,,,,,,,,,,,,,,,,,,,japan_moe_526-73-8_daphnia_48h_ec50_p20_r20,Japan_MOE_official_summary,official_summary_source,MOE:20:20:daphnia_48h_ec50,2.7,False,,,official_summary_source,official_summary_not_individual_report_reviewed,https://www.env.go.jp/content/000316616.pdf,20.0,20.0
japan_moe__japan_moe_526-73-8_fish_96h_lc50_p20_r20,526-73-8,"1,2,3-Trimethylbenzene",526-73-8,DTXSID8047769,CC1=CC=CC(C)=C1C,FYGHSUNMUKGBRK-UHFFFAOYSA-N,fish_96h_lc50,LC50,MOR,MORT,Oryzias latipes,Japanese Medaka,Chordata,Actinopterygii,Beloniformes,Adrianichthyidae,Oryzias,Fish;Standard Test Species,96.0,FW,,,,2012.0,japan_moe_official_summary,dsstox_casrn,unclassified,7.8,mg/L,6.489454636216149e-05,-4.187791799106236,120.195,,True,False,1,1,,,,0.0,,,,official_summary_table,not specified in summary,test material,mortality,True,True,,,,,,,,,,,,,,,,,,,,,,,,,,,,,,,,,,,,,japan_moe_526-73-8_fish_96h_lc50_p20_r20,Japan_MOE_official_summary,official_summary_source,MOE:20:20:fish_96h_lc50,7.8,False,,,official_summary_source,official_summary_not_individual_report_reviewed,https://www.env.go.jp/content/000316616.pdf,20.0,20.0
japan_moe__japan_moe_528-29-0_algae_72_96h_ec50_p20_r21,528-29-0,o-Dinitrobenzene,528-29-0,DTXSID4024066,[O-][N+](=O)C1=C(C=CC=C1)[N+]([O-])=O,IZUKQUVSCNEFMJ-UHFFFAOYSA-N,algae_72_96h_ec50,EC50,GRO,GGRO,Pseudokirchneriella subcapitata,Green Alga,Chlorophyta,Chlorophyceae,Sphaeropleales,Selenastraceae,Pseudokirchneriella,Algae;Standard Test Species,72.0,FW,,,,2012.0,japan_moe_official_summary,dsstox_casrn,unclassified,0.48,mg/L,2.8553073024484265e-06,-5.544347143959091,168.10799999999995,,True,False,1,1,,,,0.0,,,,official_summary_table,not specified in summary,test material,growth rate,True,True,,,,,,,,,,,,,,,,,,,,,,,,,,,,,,,,,,,,,japan_moe_528-29-0_algae_72_96h_ec50_p20_r21,Japan_MOE_official_summary,official_summary_source,MOE:20:21:algae_72_96h_ec50,0.48,False,,,official_summary_source,official_summary_not_individual_report_reviewed,https://www.env.go.jp/content/000316616.pdf,20.0,21.0
japan_moe__japan_moe_528-29-0_daphnia_48h_ec50_p20_r21,528-29-0,o-Dinitrobenzene,528-29-0,DTXSID4024066,[O-][N+](=O)C1=C(C=CC=C1)[N+]([O-])=O,IZUKQUVSCNEFMJ-UHFFFAOYSA-N,daphnia_48h_ec50,EC50,ITX,IMBL,Daphnia magna,Water Flea,Arthropoda,Branchiopoda,Diplostraca,Daphniidae,Daphnia,Crustaceans;Standard Test Species,48.0,FW,,,,2012.0,japan_moe_official_summary,dsstox_casrn,unclassified,3.0,mg/L,1.784567064030267e-05,-4.748467126615015,168.10799999999995,,True,False,1,1,,,,0.0,,,,official_summary_table,not specified in summary,test material,immobilisation (Japanese table header: acute swimming inhibition),True,True,,,,,,,,,,,,,,,,,,,,,,,,,,,,,,,,,,,,,japan_moe_528-29-0_daphnia_48h_ec50_p20_r21,Japan_MOE_official_summary,official_summary_source,MOE:20:21:daphnia_48h_ec50,3.0,False,,,official_summary_source,official_summary_not_individual_report_reviewed,https://www.env.go.jp/content/000316616.pdf,20.0,21.0
japan_moe__japan_moe_528-29-0_fish_96h_lc50_p20_r21,528-29-0,o-Dinitrobenzene,528-29-0,DTXSID4024066,[O-][N+](=O)C1=C(C=CC=C1)[N+]([O-])=O,IZUKQUVSCNEFMJ-UHFFFAOYSA-N,fish_96h_lc50,LC50,MOR,MORT,Oryzias latipes,Japanese Medaka,Chordata,Actinopterygii,Beloniformes,Adrianichthyidae,Oryzias,Fish;Standard Test Species,96.0,FW,,,,2012.0,japan_moe_official_summary,dsstox_casrn,unclassified,1.3,mg/L,7.733123944131156e-06,-5.111645029027841,168.10799999999995,,True,False,1,1,,,,0.0,,,,official_summary_table,not specified in summary,test material,mortality,True,True,,,,,,,,,,,,,,,,,,,,,,,,,,,,,,,,,,,,,japan_moe_528-29-0_fish_96h_lc50_p20_r21,Japan_MOE_official_summary,official_summary_source,MOE:20:21:fish_96h_lc50,1.3,False,,,official_summary_source,official_summary_not_individual_report_reviewed,https://www.env.go.jp/content/000316616.pdf,20.0,21.0
japan_moe__japan_moe_52829-07-9_algae_72_96h_ec50_p32_r16,52829-07-9,"Bis(2,2,6,6-tetramethyl-4-piperidyl) sebacate",52829-07-9,DTXSID0028030,CC1(C)CC(CC(C)(C)N1)OC(=O)CCCCCCCCC(=O)OC1CC(C)(C)NC(C)(C)C1,XITRBUPOXXBIJN-UHFFFAOYSA-N,algae_72_96h_ec50,EC50,GRO,GGRO,Pseudokirchneriella subcapitata,Green Alga,Chlorophyta,Chlorophyceae,Sphaeropleales,Selenastraceae,Pseudokirchneriella,Algae;Standard Test Species,72.0,FW,,,,1999.0,japan_moe_official_summary,dsstox_casrn,unclassified,1.1,mg/L,2.288167676927364e-06,-5.640512153613251,480.7340000000003,,True,False,1,1,,,,0.0,,,,official_summary_table,not specified in summary,test material,growth rate,True,True,,,,,,,,,,,,,,,,,,,,,,,,,,,,,,,,,,,,,japan_moe_52829-07-9_algae_72_96h_ec50_p32_r16,Japan_MOE_official_summary,official_summary_source,MOE:32:16:algae_72_96h_ec50,1.1,False,,,official_summary_source,official_summary_not_individual_report_reviewed,https://www.env.go.jp/content/000316616.pdf,32.0,16.0
japan_moe__japan_moe_52829-07-9_daphnia_48h_ec50_p32_r16,52829-07-9,"Bis(2,2,6,6-tetramethyl-4-piperidyl) sebacate",52829-07-9,DTXSID0028030,CC1(C)CC(CC(C)(C)N1)OC(=O)CCCCCCCCC(=O)OC1CC(C)(C)NC(C)(C)C1,XITRBUPOXXBIJN-UHFFFAOYSA-N,daphnia_48h_ec50,EC50,ITX,IMBL,Daphnia magna,Water Flea,Arthropoda,Branchiopoda,Diplostraca,Daphniidae,Daphnia,Crustaceans;Standard Test Species,48.0,FW,,,,1999.0,japan_moe_official_summary,dsstox_casrn,unclassified,8.6,mg/L,1.7889310928704842e-05,-4.747406387527908,480.7340000000003,,True,False,1,1,,,,0.0,,,,official_summary_table,not specified in summary,test material,immobilisation (Japanese table header: acute swimming inhibition),True,True,,,,,,,,,,,,,,,,,,,,,,,,,,,,,,,,,,,,,japan_moe_52829-07-9_daphnia_48h_ec50_p32_r16,Japan_MOE_official_summary,official_summary_source,MOE:32:16:daphnia_48h_ec50,8.6,False,,,official_summary_source,official_summary_not_individual_report_reviewed,https://www.env.go.jp/content/000316616.pdf,32.0,16.0
japan_moe__japan_moe_52829-07-9_fish_96h_lc50_p32_r16,52829-07-9,"Bis(2,2,6,6-tetramethyl-4-piperidyl) sebacate",52829-07-9,DTXSID0028030,CC1(C)CC(CC(C)(C)N1)OC(=O)CCCCCCCCC(=O)OC1CC(C)(C)NC(C)(C)C1,XITRBUPOXXBIJN-UHFFFAOYSA-N,fish_96h_lc50,LC50,MOR,MORT,Oryzias latipes,Japanese Medaka,Chordata,Actinopterygii,Beloniformes,Adrianichthyidae,Oryzias,Fish;Standard Test Species,96.0,FW,,,,1999.0,japan_moe_official_summary,dsstox_casrn,unclassified,5.3,mg/L,1.1024807897922752e-05,-4.957628969170687,480.7340000000003,,True,False,1,1,,,,0.0,,,,official_summary_table,not specified in summary,test material,mortality,True,True,,,,,,,,,,,,,,,,,,,,,,,,,,,,,,,,,,,,,japan_moe_52829-07-9_fish_96h_lc50_p32_r16,Japan_MOE_official_summary,official_summary_source,MOE:32:16:fish_96h_lc50,5.3,False,,,official_summary_source,official_summary_not_individual_report_reviewed,https://www.env.go.jp/content/000316616.pdf,32.0,16.0
japan_moe__japan_moe_5329-12-4_algae_72_96h_ec50_p27_r14,5329-12-4,"2,4,6-Trichlorophenylhydrazine",5329-12-4,DTXSID5063780,NNC1=C(Cl)C=C(Cl)C=C1Cl,MULHANRBCQBHII-UHFFFAOYSA-N,algae_72_96h_ec50,EC50,GRO,GGRO,Pseudokirchneriella subcapitata,Green Alga,Chlorophyta,Chlorophyceae,Sphaeropleales,Selenastraceae,Pseudokirchneriella,Algae;Standard Test Species,72.0,FW,,,,2007.0,japan_moe_official_summary,dsstox_casrn,unclassified,0.084,mg/L,3.972025591193452e-07,-6.400987962070338,211.479,,True,False,1,1,,,,0.0,,,,official_summary_table,not specified in summary,test material,growth rate,True,True,,,,,,,,,,,,,,,,,,,,,,,,,,,,,,,,,,,,,japan_moe_5329-12-4_algae_72_96h_ec50_p27_r14,Japan_MOE_official_summary,official_summary_source,MOE:27:14:algae_72_96h_ec50,0.084,False,,,official_summary_source,official_summary_not_individual_report_reviewed,https://www.env.go.jp/content/000316616.pdf,27.0,14.0
japan_moe__japan_moe_5329-12-4_daphnia_48h_ec50_p27_r14,5329-12-4,"2,4,6-Trichlorophenylhydrazine",5329-12-4,DTXSID5063780,NNC1=C(Cl)C=C(Cl)C=C1Cl,MULHANRBCQBHII-UHFFFAOYSA-N,daphnia_48h_ec50,EC50,ITX,IMBL,Daphnia magna,Water Flea,Arthropoda,Branchiopoda,Diplostraca,Daphniidae,Daphnia,Crustaceans;Standard Test Species,48.0,FW,,,,2007.0,japan_moe_official_summary,dsstox_casrn,unclassified,1.3,mg/L,6.1471824625612935e-06,-5.211323895825383,211.479,,True,False,1,1,,,,0.0,,,,official_summary_table,not specified in summary,test material,immobilisation (Japanese table header: acute swimming inhibition),True,True,,,,,,,,,,,,,,,,,,,,,,,,,,,,,,,,,,,,,japan_moe_5329-12-4_daphnia_48h_ec50_p27_r14,Japan_MOE_official_summary,official_summary_source,MOE:27:14:daphnia_48h_ec50,1.3,False,,,official_summary_source,official_summary_not_individual_report_reviewed,https://www.env.go.jp/content/000316616.pdf,27.0,14.0
japan_moe__japan_moe_5329-12-4_fish_96h_lc50_p27_r14,5329-12-4,"2,4,6-Trichlorophenylhydrazine",5329-12-4,DTXSID5063780,NNC1=C(Cl)C=C(Cl)C=C1Cl,MULHANRBCQBHII-UHFFFAOYSA-N,fish_96h_lc50,LC50,MOR,MORT,Oryzias latipes,Japanese Medaka,Chordata,Actinopterygii,Beloniformes,Adrianichthyidae,Oryzias,Fish;Standard Test Species,96.0,FW,,,,2007.0,japan_moe_official_summary,dsstox_casrn,unclassified,1.0,mg/L,4.728601894277919e-06,-5.325267248132219,211.479,,True,False,1,1,,,,0.0,,,,official_summary_table,not specified in summary,test material,mortality,True,True,,,,,,,,,,,,,,,,,,,,,,,,,,,,,,,,,,,,,japan_moe_5329-12-4_fish_96h_lc50_p27_r14,Japan_MOE_official_summary,official_summary_source,MOE:27:14:fish_96h_lc50,1.0,False,,,official_summary_source,official_summary_not_individual_report_reviewed,https://www.env.go.jp/content/000316616.pdf,27.0,14.0
japan_moe__japan_moe_534-52-1_algae_72_96h_ec50_p20_r22,534-52-1,"4,6-Dinitro-o-cresol",534-52-1,DTXSID1022053,CC1=C(O)C(=CC(=C1)[N+]([O-])=O)[N+]([O-])=O,ZXVONLUNISGICL-UHFFFAOYSA-N,algae_72_96h_ec50,EC50,GRO,GGRO,Pseudokirchneriella subcapitata,Green Alga,Chlorophyta,Chlorophyceae,Sphaeropleales,Selenastraceae,Pseudokirchneriella,Algae;Standard Test Species,72.0,FW,,,,2010.0,japan_moe_official_summary,dsstox_casrn,unclassified,5.6,mg/L,2.826370032402314e-05,-4.548770980311149,198.134,,True,False,1,1,,,,0.0,,,,official_summary_table,not specified in summary,test material,growth rate,True,True,,,,,,,,,,,,,,,,,,,,,,,,,,,,,,,,,,,,,japan_moe_534-52-1_algae_72_96h_ec50_p20_r22,Japan_MOE_official_summary,official_summary_source,MOE:20:22:algae_72_96h_ec50,5.6,False,,,official_summary_source,official_summary_not_individual_report_reviewed,https://www.env.go.jp/content/000316616.pdf,20.0,22.0
japan_moe__japan_moe_534-52-1_daphnia_48h_ec50_p20_r22,534-52-1,"4,6-Dinitro-o-cresol",534-52-1,DTXSID1022053,CC1=C(O)C(=CC(=C1)[N+]([O-])=O)[N+]([O-])=O,ZXVONLUNISGICL-UHFFFAOYSA-N,daphnia_48h_ec50,EC50,ITX,IMBL,Daphnia magna,Water Flea,Arthropoda,Branchiopoda,Diplostraca,Daphniidae,Daphnia,Crustaceans;Standard Test Species,48.0,FW,,,,2010.0,japan_moe_official_summary,dsstox_casrn,unclassified,1.7,mg/L,8.580051884078452e-06,-5.066510085939076,198.134,,True,False,1,1,,,,0.0,,,,official_summary_table,not specified in summary,test material,immobilisation (Japanese table header: acute swimming inhibition),True,True,,,,,,,,,,,,,,,,,,,,,,,,,,,,,,,,,,,,,japan_moe_534-52-1_daphnia_48h_ec50_p20_r22,Japan_MOE_official_summary,official_summary_source,MOE:20:22:daphnia_48h_ec50,1.7,False,,,official_summary_source,official_summary_not_individual_report_reviewed,https://www.env.go.jp/content/000316616.pdf,20.0,22.0
japan_moe__japan_moe_534-52-1_fish_96h_lc50_p20_r22,534-52-1,"4,6-Dinitro-o-cresol",534-52-1,DTXSID1022053,CC1=C(O)C(=CC(=C1)[N+]([O-])=O)[N+]([O-])=O,ZXVONLUNISGICL-UHFFFAOYSA-N,fish_96h_lc50,LC50,MOR,MORT,Oryzias latipes,Japanese Medaka,Chordata,Actinopterygii,Beloniformes,Adrianichthyidae,Oryzias,Fish;Standard Test Species,96.0,FW,,,,2010.0,japan_moe_official_summary,dsstox_casrn,unclassified,1.1,mg/L,5.551798277933116e-06,-5.255566322159124,198.134,,True,False,1,1,,,,0.0,,,,official_summary_table,not specified in summary,test material,mortality,True,True,,,,,,,,,,,,,,,,,,,,,,,,,,,,,,,,,,,,,japan_moe_534-52-1_fish_96h_lc50_p20_r22,Japan_MOE_official_summary,official_summary_source,MOE:20:22:fish_96h_lc50,1.1,False,,,official_summary_source,official_summary_not_individual_report_reviewed,https://www.env.go.jp/content/000316616.pdf,20.0,22.0
japan_moe__japan_moe_535-13-7_daphnia_48h_ec50_p21_r1,535-13-7,Ethyl 2-chloropropionate,535-13-7,DTXSID70870595,CCOC(=O)C(C)Cl,JEAVBVKAYUCPAQ-UHFFFAOYSA-N,daphnia_48h_ec50,EC50,ITX,IMBL,Daphnia magna,Water Flea,Arthropoda,Branchiopoda,Diplostraca,Daphniidae,Daphnia,Crustaceans;Standard Test Species,48.0,FW,,,,2007.0,japan_moe_official_summary,dsstox_casrn,unclassified,30.0,mg/L,0.0002196547028071,-3.658259494054264,136.57799999999995,,True,False,1,1,,,,0.0,,,,official_summary_table,not specified in summary,test material,immobilisation (Japanese table header: acute swimming inhibition),True,True,,,,,,,,,,,,,,,,,,,,,,,,,,,,,,,,,,,,,japan_moe_535-13-7_daphnia_48h_ec50_p21_r1,Japan_MOE_official_summary,official_summary_source,MOE:21:1:daphnia_48h_ec50,30.0,False,,,official_summary_source,official_summary_not_individual_report_reviewed,https://www.env.go.jp/content/000316616.pdf,21.0,1.0
japan_moe__japan_moe_5394-18-3_daphnia_48h_ec50_p27_r15,5394-18-3,N-(4-Bromobutyl)phthalimide,5394-18-3,DTXSID40202228,BrCCCCN1C(=O)C2=CC=CC=C2C1=O,UXFWTIGUWHJKDD-UHFFFAOYSA-N,daphnia_48h_ec50,EC50,ITX,IMBL,Daphnia magna,Water Flea,Arthropoda,Branchiopoda,Diplostraca,Daphniidae,Daphnia,Crustaceans;Standard Test Species,48.0,FW,,,,2005.0,japan_moe_official_summary,dsstox_casrn,unclassified,3.8,mg/L,1.3468634032402696e-05,-4.870676447504281,282.13700000000006,,True,False,1,1,,,,0.0,,,,official_summary_table,not specified in summary,test material,immobilisation (Japanese table header: acute swimming inhibition),True,True,,,,,,,,,,,,,,,,,,,,,,,,,,,,,,,,,,,,,japan_moe_5394-18-3_daphnia_48h_ec50_p27_r15,Japan_MOE_official_summary,official_summary_source,MOE:27:15:daphnia_48h_ec50,3.8,False,,,official_summary_source,official_summary_not_individual_report_reviewed,https://www.env.go.jp/content/000316616.pdf,27.0,15.0
japan_moe__japan_moe_5394-18-3_fish_96h_lc50_p27_r15,5394-18-3,N-(4-Bromobutyl)phthalimide,5394-18-3,DTXSID40202228,BrCCCCN1C(=O)C2=CC=CC=C2C1=O,UXFWTIGUWHJKDD-UHFFFAOYSA-N,fish_96h_lc50,LC50,MOR,MORT,Oryzias latipes,Japanese Medaka,Chordata,Actinopterygii,Beloniformes,Adrianichthyidae,Oryzias,Fish;Standard Test Species,96.0,FW,,,,2005.0,japan_moe_official_summary,dsstox_casrn,unclassified,6.2,mg/L,2.197513973707808e-05,-4.658068354622838,282.13700000000006,,True,False,1,1,,,,0.0,,,,official_summary_table,not specified in summary,test material,mortality,True,True,,,,,,,,,,,,,,,,,,,,,,,,,,,,,,,,,,,,,japan_moe_5394-18-3_fish_96h_lc50_p27_r15,Japan_MOE_official_summary,official_summary_source,MOE:27:15:fish_96h_lc50,6.2,False,,,official_summary_source,official_summary_not_individual_report_reviewed,https://www.env.go.jp/content/000316616.pdf,27.0,15.0
japan_moe__japan_moe_5405-58-3_daphnia_48h_ec50_p27_r16,5405-58-3,"Hexane, 1,1 -[ethylidenebis(oxy)]bis-",5405-58-3,DTXSID2063842,CCCCCCOC(C)OCCCCCC,VSFOOCQEJQKBSO-UHFFFAOYSA-N,daphnia_48h_ec50,EC50,ITX,IMBL,Daphnia magna,Water Flea,Arthropoda,Branchiopoda,Diplostraca,Daphniidae,Daphnia,Crustaceans;Standard Test Species,48.0,FW,,,,2009.0,japan_moe_official_summary,dsstox_casrn,unclassified,0.28,mg/L,1.2153199763880697e-06,-5.915309363477639,230.3919999999999,,True,False,1,1,,,,0.0,,,,official_summary_table,not specified in summary,test material,immobilisation (Japanese table header: acute swimming inhibition),True,True,,,,,,,,,,,,,,,,,,,,,,,,,,,,,,,,,,,,,japan_moe_5405-58-3_daphnia_48h_ec50_p27_r16,Japan_MOE_official_summary,official_summary_source,MOE:27:16:daphnia_48h_ec50,0.28,False,,,official_summary_source,official_summary_not_individual_report_reviewed,https://www.env.go.jp/content/000316616.pdf,27.0,16.0
japan_moe__japan_moe_541-73-1_daphnia_48h_ec50_p21_r2,541-73-1,m-Dichlorobenzene,541-73-1,DTXSID6022056,ClC1=CC(Cl)=CC=C1,ZPQOPVIELGIULI-UHFFFAOYSA-N,daphnia_48h_ec50,EC50,ITX,IMBL,Daphnia magna,Water Flea,Arthropoda,Branchiopoda,Diplostraca,Daphniidae,Daphnia,Crustaceans;Standard Test Species,48.0,FW,,,,1995.0,japan_moe_official_summary,dsstox_casrn,unclassified,2.5,mg/L,1.7006339963538406e-05,-4.7693891434522815,147.00400000000002,,True,False,1,1,,,,0.0,,,,official_summary_table,not specified in summary,test material,immobilisation (Japanese table header: acute swimming inhibition),True,True,,,,,,,,,,,,,,,,,,,,,,,,,,,,,,,,,,,,,japan_moe_541-73-1_daphnia_48h_ec50_p21_r2,Japan_MOE_official_summary,official_summary_source,MOE:21:2:daphnia_48h_ec50,2.5,False,,,official_summary_source,official_summary_not_individual_report_reviewed,https://www.env.go.jp/content/000316616.pdf,21.0,2.0
japan_moe__japan_moe_541-73-1_fish_96h_lc50_p21_r2,541-73-1,m-Dichlorobenzene,541-73-1,DTXSID6022056,ClC1=CC(Cl)=CC=C1,ZPQOPVIELGIULI-UHFFFAOYSA-N,fish_96h_lc50,LC50,MOR,MORT,Oryzias latipes,Japanese Medaka,Chordata,Actinopterygii,Beloniformes,Adrianichthyidae,Oryzias,Fish;Standard Test Species,96.0,FW,,,,1995.0,japan_moe_official_summary,dsstox_casrn,unclassified,5.7,mg/L,3.8774455116867565e-05,-4.411454296451828,147.00400000000002,,True,False,1,1,,,,0.0,,,,official_summary_table,not specified in summary,test material,mortality,True,True,,,,,,,,,,,,,,,,,,,,,,,,,,,,,,,,,,,,,japan_moe_541-73-1_fish_96h_lc50_p21_r2,Japan_MOE_official_summary,official_summary_source,MOE:21:2:fish_96h_lc50,5.7,False,,,official_summary_source,official_summary_not_individual_report_reviewed,https://www.env.go.jp/content/000316616.pdf,21.0,2.0
japan_moe__japan_moe_542-75-6_algae_72_96h_ec50_p21_r3,542-75-6,"1,3-Dichloropropene",542-75-6,DTXSID1022057,ClCC=CCl,UOORRWUZONOOLO-UHFFFAOYSA-N,algae_72_96h_ec50,EC50,GRO,GGRO,Pseudokirchneriella subcapitata,Green Alga,Chlorophyta,Chlorophyceae,Sphaeropleales,Selenastraceae,Pseudokirchneriella,Algae;Standard Test Species,72.0,FW,,,,1999.0,japan_moe_official_summary,dsstox_casrn,unclassified,2.1,mg/L,1.8923862991231944e-05,-4.722990204904139,110.971,,True,False,1,1,,,,0.0,,,,official_summary_table,not specified in summary,test material,growth rate,True,True,,,,,,,,,,,,,,,,,,,,,,,,,,,,,,,,,,,,,japan_moe_542-75-6_algae_72_96h_ec50_p21_r3,Japan_MOE_official_summary,official_summary_source,MOE:21:3:algae_72_96h_ec50,2.1,False,,,official_summary_source,official_summary_not_individual_report_reviewed,https://www.env.go.jp/content/000316616.pdf,21.0,3.0
japan_moe__japan_moe_542-75-6_daphnia_48h_ec50_p21_r3,542-75-6,"1,3-Dichloropropene",542-75-6,DTXSID1022057,ClCC=CCl,UOORRWUZONOOLO-UHFFFAOYSA-N,daphnia_48h_ec50,EC50,ITX,IMBL,Daphnia magna,Water Flea,Arthropoda,Branchiopoda,Diplostraca,Daphniidae,Daphnia,Crustaceans;Standard Test Species,48.0,FW,,,,1999.0,japan_moe_official_summary,dsstox_casrn,unclassified,1.2,mg/L,1.081363599498968e-05,-4.966028253590434,110.971,,True,False,1,1,,,,0.0,,,,official_summary_table,not specified in summary,test material,immobilisation (Japanese table header: acute swimming inhibition),True,True,,,,,,,,,,,,,,,,,,,,,,,,,,,,,,,,,,,,,japan_moe_542-75-6_daphnia_48h_ec50_p21_r3,Japan_MOE_official_summary,official_summary_source,MOE:21:3:daphnia_48h_ec50,1.2,False,,,official_summary_source,official_summary_not_individual_report_reviewed,https://www.env.go.jp/content/000316616.pdf,21.0,3.0
japan_moe__japan_moe_542-75-6_fish_96h_lc50_p21_r3,542-75-6,"1,3-Dichloropropene",542-75-6,DTXSID1022057,ClCC=CCl,UOORRWUZONOOLO-UHFFFAOYSA-N,fish_96h_lc50,LC50,MOR,MORT,Oryzias latipes,Japanese Medaka,Chordata,Actinopterygii,Beloniformes,Adrianichthyidae,Oryzias,Fish;Standard Test Species,96.0,FW,,,,1999.0,japan_moe_official_summary,dsstox_casrn,unclassified,1.5,mg/L,1.3517044993737102e-05,-4.869118240582377,110.971,,True,False,1,1,,,,0.0,,,,official_summary_table,not specified in summary,test material,mortality,True,True,,,,,,,,,,,,,,,,,,,,,,,,,,,,,,,,,,,,,japan_moe_542-75-6_fish_96h_lc50_p21_r3,Japan_MOE_official_summary,official_summary_source,MOE:21:3:fish_96h_lc50,1.5,False,,,official_summary_source,official_summary_not_individual_report_reviewed,https://www.env.go.jp/content/000316616.pdf,21.0,3.0
japan_moe__japan_moe_544-01-4_daphnia_48h_ec50_p21_r4,544-01-4,Diisopentyl ether,544-01-4,DTXSID8052198,CC(C)CCOCCC(C)C,AQZGPSLYZOOYQP-UHFFFAOYSA-N,daphnia_48h_ec50,EC50,ITX,IMBL,Daphnia magna,Water Flea,Arthropoda,Branchiopoda,Diplostraca,Daphniidae,Daphnia,Crustaceans;Standard Test Species,48.0,FW,,,,2005.0,japan_moe_official_summary,dsstox_casrn,unclassified,2.3,mg/L,1.4530751492560886e-05,-4.837711924543496,158.285,,True,False,1,1,,,,0.0,,,,official_summary_table,not specified in summary,test material,immobilisation (Japanese table header: acute swimming inhibition),True,True,,,,,,,,,,,,,,,,,,,,,,,,,,,,,,,,,,,,,japan_moe_544-01-4_daphnia_48h_ec50_p21_r4,Japan_MOE_official_summary,official_summary_source,MOE:21:4:daphnia_48h_ec50,2.3,False,,,official_summary_source,official_summary_not_individual_report_reviewed,https://www.env.go.jp/content/000316616.pdf,21.0,4.0
japan_moe__japan_moe_544-01-4_fish_96h_lc50_p21_r4,544-01-4,Diisopentyl ether,544-01-4,DTXSID8052198,CC(C)CCOCCC(C)C,AQZGPSLYZOOYQP-UHFFFAOYSA-N,fish_96h_lc50,LC50,MOR,MORT,Oryzias latipes,Japanese Medaka,Chordata,Actinopterygii,Beloniformes,Adrianichthyidae,Oryzias,Fish;Standard Test Species,96.0,FW,,,,2005.0,japan_moe_official_summary,dsstox_casrn,unclassified,6.8,mg/L,4.296048267365827e-05,-4.366930847854852,158.285,,True,False,1,1,,,,0.0,,,,official_summary_table,not specified in summary,test material,mortality,True,True,,,,,,,,,,,,,,,,,,,,,,,,,,,,,,,,,,,,,japan_moe_544-01-4_fish_96h_lc50_p21_r4,Japan_MOE_official_summary,official_summary_source,MOE:21:4:fish_96h_lc50,6.8,False,,,official_summary_source,official_summary_not_individual_report_reviewed,https://www.env.go.jp/content/000316616.pdf,21.0,4.0
japan_moe__japan_moe_545-06-2_daphnia_48h_ec50_p21_r6,545-06-2,Trichloroacetonitrile,545-06-2,DTXSID0021672,ClC(Cl)(Cl)C#N,DRUIESSIVFYOMK-UHFFFAOYSA-N,daphnia_48h_ec50,EC50,ITX,IMBL,Daphnia magna,Water Flea,Arthropoda,Branchiopoda,Diplostraca,Daphniidae,Daphnia,Crustaceans;Standard Test Species,48.0,FW,,,,2005.0,japan_moe_official_summary,dsstox_casrn,unclassified,0.044,mg/L,3.047344654680444e-07,-6.516078424293551,144.388,,True,False,1,1,,,,0.0,,,,official_summary_table,not specified in summary,test material,immobilisation (Japanese table header: acute swimming inhibition),True,True,,,,,,,,,,,,,,,,,,,,,,,,,,,,,,,,,,,,,japan_moe_545-06-2_daphnia_48h_ec50_p21_r6,Japan_MOE_official_summary,official_summary_source,MOE:21:6:daphnia_48h_ec50,0.044,False,,,official_summary_source,official_summary_not_individual_report_reviewed,https://www.env.go.jp/content/000316616.pdf,21.0,6.0
japan_moe__japan_moe_545-06-2_fish_96h_lc50_p21_r6,545-06-2,Trichloroacetonitrile,545-06-2,DTXSID0021672,ClC(Cl)(Cl)C#N,DRUIESSIVFYOMK-UHFFFAOYSA-N,fish_96h_lc50,LC50,MOR,MORT,Oryzias latipes,Japanese Medaka,Chordata,Actinopterygii,Beloniformes,Adrianichthyidae,Oryzias,Fish;Standard Test Species,96.0,FW,,,,2005.0,japan_moe_official_summary,dsstox_casrn,unclassified,0.072,mg/L,4.98656398038618e-07,-6.30219860434847,144.388,,True,False,1,1,,,,0.0,,,,official_summary_table,not specified in summary,test material,mortality,True,True,,,,,,,,,,,,,,,,,,,,,,,,,,,,,,,,,,,,,japan_moe_545-06-2_fish_96h_lc50_p21_r6,Japan_MOE_official_summary,official_summary_source,MOE:21:6:fish_96h_lc50,0.072,False,,,official_summary_source,official_summary_not_individual_report_reviewed,https://www.env.go.jp/content/000316616.pdf,21.0,6.0
japan_moe__japan_moe_5510-99-6_algae_72_96h_ec50_p27_r18,5510-99-6,"2,6-Di-sec-butylphenol",5510-99-6,DTXSID0044440,CCC(C)C1=CC=CC(C(C)CC)=C1O,FHTGJZOULSYEOB-UHFFFAOYSA-N,algae_72_96h_ec50,EC50,GRO,GGRO,Pseudokirchneriella subcapitata,Green Alga,Chlorophyta,Chlorophyceae,Sphaeropleales,Selenastraceae,Pseudokirchneriella,Algae;Standard Test Species,72.0,FW,,,,2004.0,japan_moe_official_summary,dsstox_casrn,unclassified,1.1,mg/L,5.33129128721605e-06,-5.273167588160725,206.32899999999995,,True,False,1,1,,,,0.0,,,,official_summary_table,not specified in summary,test material,growth rate,True,True,,,,,,,,,,,,,,,,,,,,,,,,,,,,,,,,,,,,,japan_moe_5510-99-6_algae_72_96h_ec50_p27_r18,Japan_MOE_official_summary,official_summary_source,MOE:27:18:algae_72_96h_ec50,1.1,False,,,official_summary_source,official_summary_not_individual_report_reviewed,https://www.env.go.jp/content/000316616.pdf,27.0,18.0
japan_moe__japan_moe_5510-99-6_daphnia_48h_ec50_p27_r18,5510-99-6,"2,6-Di-sec-butylphenol",5510-99-6,DTXSID0044440,CCC(C)C1=CC=CC(C(C)CC)=C1O,FHTGJZOULSYEOB-UHFFFAOYSA-N,daphnia_48h_ec50,EC50,ITX,IMBL,Daphnia magna,Water Flea,Arthropoda,Branchiopoda,Diplostraca,Daphniidae,Daphnia,Crustaceans;Standard Test Species,48.0,FW,,,,2004.0,japan_moe_official_summary,dsstox_casrn,unclassified,0.96,mg/L,4.6527633052067336e-06,-5.332289040279383,206.32899999999995,,True,False,1,1,,,,0.0,,,,official_summary_table,not specified in summary,test material,immobilisation (Japanese table header: acute swimming inhibition),True,True,,,,,,,,,,,,,,,,,,,,,,,,,,,,,,,,,,,,,japan_moe_5510-99-6_daphnia_48h_ec50_p27_r18,Japan_MOE_official_summary,official_summary_source,MOE:27:18:daphnia_48h_ec50,0.96,False,,,official_summary_source,official_summary_not_individual_report_reviewed,https://www.env.go.jp/content/000316616.pdf,27.0,18.0
japan_moe__japan_moe_5510-99-6_fish_96h_lc50_p27_r18,5510-99-6,"2,6-Di-sec-butylphenol",5510-99-6,DTXSID0044440,CCC(C)C1=CC=CC(C(C)CC)=C1O,FHTGJZOULSYEOB-UHFFFAOYSA-N,fish_96h_lc50,LC50,MOR,MORT,Oryzias latipes,Japanese Medaka,Chordata,Actinopterygii,Beloniformes,Adrianichthyidae,Oryzias,Fish;Standard Test Species,96.0,FW,,,,2004.0,japan_moe_official_summary,dsstox_casrn,unclassified,0.15,mg/L,7.269942664385521e-07,-6.138469014263269,206.32899999999995,,True,False,1,1,,,,0.0,,,,official_summary_table,not specified in summary,test material,mortality,True,True,,,,,,,,,,,,,,,,,,,,,,,,,,,,,,,,,,,,,japan_moe_5510-99-6_fish_96h_lc50_p27_r18,Japan_MOE_official_summary,official_summary_source,MOE:27:18:fish_96h_lc50,0.15,False,,,official_summary_source,official_summary_not_individual_report_reviewed,https://www.env.go.jp/content/000316616.pdf,27.0,18.0
japan_moe__japan_moe_5522-43-0_algae_72_96h_ec50_p27_r20,5522-43-0,1-Nitropyrene,5522-43-0,DTXSID6020983,[O-][N+](=O)C1=CC=C2C=CC3=CC=CC4=CC=C1C2=C34,ALRLPDGCPYIVHP-UHFFFAOYSA-N,algae_72_96h_ec50,EC50,GRO,GGRO,Pseudokirchneriella subcapitata,Green Alga,Chlorophyta,Chlorophyceae,Sphaeropleales,Selenastraceae,Pseudokirchneriella,Algae;Standard Test Species,72.0,FW,,,,2005.0,japan_moe_official_summary,dsstox_casrn,unclassified,0.0044,mg/L,1.779553736456181e-08,-7.749688893249325,247.253,,True,False,1,1,,,,0.0,,,,official_summary_table,not specified in summary,test material,growth rate,True,True,,,,,,,,,,,,,,,,,,,,,,,,,,,,,,,,,,,,,japan_moe_5522-43-0_algae_72_96h_ec50_p27_r20,Japan_MOE_official_summary,official_summary_source,MOE:27:20:algae_72_96h_ec50,0.0044,False,,,official_summary_source,official_summary_not_individual_report_reviewed,https://www.env.go.jp/content/000316616.pdf,27.0,20.0
japan_moe__japan_moe_554-00-7_daphnia_48h_ec50_p21_r7,554-00-7,"2,4-Dichloroaniline",554-00-7,DTXSID1024966,NC1=CC=C(Cl)C=C1Cl,KQCMTOWTPBNWDB-UHFFFAOYSA-N,daphnia_48h_ec50,EC50,ITX,IMBL,Daphnia magna,Water Flea,Arthropoda,Branchiopoda,Diplostraca,Daphniidae,Daphnia,Crustaceans;Standard Test Species,48.0,FW,,,,1995.0,japan_moe_official_summary,dsstox_casrn,unclassified,4.2,mg/L,2.5922885587492827e-05,-4.586316656930559,162.019,,True,False,1,1,,,,0.0,,,,official_summary_table,not specified in summary,test material,immobilisation (Japanese table header: acute swimming inhibition),True,True,,,,,,,,,,,,,,,,,,,,,,,,,,,,,,,,,,,,,japan_moe_554-00-7_daphnia_48h_ec50_p21_r7,Japan_MOE_official_summary,official_summary_source,MOE:21:7:daphnia_48h_ec50,4.2,False,,,official_summary_source,official_summary_not_individual_report_reviewed,https://www.env.go.jp/content/000316616.pdf,21.0,7.0
japan_moe__japan_moe_554-00-7_fish_96h_lc50_p21_r7,554-00-7,"2,4-Dichloroaniline",554-00-7,DTXSID1024966,NC1=CC=C(Cl)C=C1Cl,KQCMTOWTPBNWDB-UHFFFAOYSA-N,fish_96h_lc50,LC50,MOR,MORT,Oryzias latipes,Japanese Medaka,Chordata,Actinopterygii,Beloniformes,Adrianichthyidae,Oryzias,Fish;Standard Test Species,96.0,FW,,,,1995.0,japan_moe_official_summary,dsstox_casrn,unclassified,8.1,mg/L,4.999413649016473e-05,-4.301080928449809,162.019,,True,False,1,1,,,,0.0,,,,official_summary_table,not specified in summary,test material,mortality,True,True,,,,,,,,,,,,,,,,,,,,,,,,,,,,,,,,,,,,,japan_moe_554-00-7_fish_96h_lc50_p21_r7,Japan_MOE_official_summary,official_summary_source,MOE:21:7:fish_96h_lc50,8.1,False,,,official_summary_source,official_summary_not_individual_report_reviewed,https://www.env.go.jp/content/000316616.pdf,21.0,7.0
japan_moe__japan_moe_555-03-3_algae_72_96h_ec50_p21_r8,555-03-3,m-Nitroanisole,555-03-3,DTXSID3060295,COC1=CC=CC(=C1)[N+]([O-])=O,WGYFINWERLNPHR-UHFFFAOYSA-N,algae_72_96h_ec50,EC50,GRO,GGRO,Pseudokirchneriella subcapitata,Green Alga,Chlorophyta,Chlorophyceae,Sphaeropleales,Selenastraceae,Pseudokirchneriella,Algae;Standard Test Species,72.0,FW,,,,1995.0,japan_moe_official_summary,dsstox_casrn,unclassified,18.0,mg/L,0.0001175418089684,-3.9298076297781113,153.13699999999997,,True,False,1,1,,,,0.0,,,,official_summary_table,not specified in summary,test material,growth rate,True,True,,,,,,,,,,,,,,,,,,,,,,,,,,,,,,,,,,,,,japan_moe_555-03-3_algae_72_96h_ec50_p21_r8,Japan_MOE_official_summary,official_summary_source,MOE:21:8:algae_72_96h_ec50,18.0,False,,,official_summary_source,official_summary_not_individual_report_reviewed,https://www.env.go.jp/content/000316616.pdf,21.0,8.0
japan_moe__japan_moe_555-03-3_daphnia_48h_ec50_p21_r8,555-03-3,m-Nitroanisole,555-03-3,DTXSID3060295,COC1=CC=CC(=C1)[N+]([O-])=O,WGYFINWERLNPHR-UHFFFAOYSA-N,daphnia_48h_ec50,EC50,ITX,IMBL,Daphnia magna,Water Flea,Arthropoda,Branchiopoda,Diplostraca,Daphniidae,Daphnia,Crustaceans;Standard Test Species,48.0,FW,,,,1995.0,japan_moe_official_summary,dsstox_casrn,unclassified,19.0,mg/L,0.0001240719094666,-3.906326533928589,153.13699999999997,,True,False,1,1,,,,0.0,,,,official_summary_table,not specified in summary,test material,immobilisation (Japanese table header: acute swimming inhibition),True,True,,,,,,,,,,,,,,,,,,,,,,,,,,,,,,,,,,,,,japan_moe_555-03-3_daphnia_48h_ec50_p21_r8,Japan_MOE_official_summary,official_summary_source,MOE:21:8:daphnia_48h_ec50,19.0,False,,,official_summary_source,official_summary_not_individual_report_reviewed,https://www.env.go.jp/content/000316616.pdf,21.0,8.0
japan_moe__japan_moe_555-03-3_fish_96h_lc50_p21_r8,555-03-3,m-Nitroanisole,555-03-3,DTXSID3060295,COC1=CC=CC(=C1)[N+]([O-])=O,WGYFINWERLNPHR-UHFFFAOYSA-N,fish_96h_lc50,LC50,MOR,MORT,Oryzias latipes,Japanese Medaka,Chordata,Actinopterygii,Beloniformes,Adrianichthyidae,Oryzias,Fish;Standard Test Species,96.0,FW,,,,1995.0,japan_moe_official_summary,dsstox_casrn,unclassified,59.0,mg/L,0.0003852759293965,-3.414228123239273,153.13699999999997,,True,False,1,1,,,,0.0,,,,official_summary_table,not specified in summary,test material,mortality,True,True,,,,,,,,,,,,,,,,,,,,,,,,,,,,,,,,,,,,,japan_moe_555-03-3_fish_96h_lc50_p21_r8,Japan_MOE_official_summary,official_summary_source,MOE:21:8:fish_96h_lc50,59.0,False,,,official_summary_source,official_summary_not_individual_report_reviewed,https://www.env.go.jp/content/000316616.pdf,21.0,8.0
japan_moe__japan_moe_556-61-6_algae_72_96h_ec50_p21_r9,556-61-6,Methyl isothiocyanate,556-61-6,DTXSID2027204,CN=C=S,LGDSHSYDSCRFAB-UHFFFAOYSA-N,algae_72_96h_ec50,EC50,GRO,GGRO,Pseudokirchneriella subcapitata,Green Alga,Chlorophyta,Chlorophyceae,Sphaeropleales,Selenastraceae,Pseudokirchneriella,Algae;Standard Test Species,72.0,FW,,,,2003.0,japan_moe_official_summary,dsstox_casrn,unclassified,0.19,mg/L,2.5984682713347923e-06,-5.585282581772946,73.12,,True,False,1,1,,,,0.0,,,,official_summary_table,not specified in summary,test material,growth rate,True,True,,,,,,,,,,,,,,,,,,,,,,,,,,,,,,,,,,,,,japan_moe_556-61-6_algae_72_96h_ec50_p21_r9,Japan_MOE_official_summary,official_summary_source,MOE:21:9:algae_72_96h_ec50,0.19,False,,,official_summary_source,official_summary_not_individual_report_reviewed,https://www.env.go.jp/content/000316616.pdf,21.0,9.0
japan_moe__japan_moe_556-61-6_daphnia_48h_ec50_p21_r9,556-61-6,Methyl isothiocyanate,556-61-6,DTXSID2027204,CN=C=S,LGDSHSYDSCRFAB-UHFFFAOYSA-N,daphnia_48h_ec50,EC50,ITX,IMBL,Daphnia magna,Water Flea,Arthropoda,Branchiopoda,Diplostraca,Daphniidae,Daphnia,Crustaceans;Standard Test Species,48.0,FW,,,,2003.0,japan_moe_official_summary,dsstox_casrn,unclassified,0.12,mg/L,1.6411378555798684e-06,-5.78485493667815,73.12,,True,False,1,1,,,,0.0,,,,official_summary_table,not specified in summary,test material,immobilisation (Japanese table header: acute swimming inhibition),True,True,,,,,,,,,,,,,,,,,,,,,,,,,,,,,,,,,,,,,japan_moe_556-61-6_daphnia_48h_ec50_p21_r9,Japan_MOE_official_summary,official_summary_source,MOE:21:9:daphnia_48h_ec50,0.12,False,,,official_summary_source,official_summary_not_individual_report_reviewed,https://www.env.go.jp/content/000316616.pdf,21.0,9.0
japan_moe__japan_moe_556-61-6_fish_96h_lc50_p21_r9,556-61-6,Methyl isothiocyanate,556-61-6,DTXSID2027204,CN=C=S,LGDSHSYDSCRFAB-UHFFFAOYSA-N,fish_96h_lc50,LC50,MOR,MORT,Oryzias latipes,Japanese Medaka,Chordata,Actinopterygii,Beloniformes,Adrianichthyidae,Oryzias,Fish;Standard Test Species,96.0,FW,,,,2003.0,japan_moe_official_summary,dsstox_casrn,unclassified,0.12,mg/L,1.6411378555798684e-06,-5.78485493667815,73.12,,True,False,1,1,,,,0.0,,,,official_summary_table,not specified in summary,test material,mortality,True,True,,,,,,,,,,,,,,,,,,,,,,,,,,,,,,,,,,,,,japan_moe_556-61-6_fish_96h_lc50_p21_r9,Japan_MOE_official_summary,official_summary_source,MOE:21:9:fish_96h_lc50,0.12,False,,,official_summary_source,official_summary_not_individual_report_reviewed,https://www.env.go.jp/content/000316616.pdf,21.0,9.0
japan_moe__japan_moe_556-82-1_daphnia_48h_ec50_p21_r10,556-82-1,3-Methylbut-2-en-1-ol,556-82-1,DTXSID2027206,CC(C)=CCO,ASUAYTHWZCLXAN-UHFFFAOYSA-N,daphnia_48h_ec50,EC50,ITX,IMBL,Daphnia magna,Water Flea,Arthropoda,Branchiopoda,Diplostraca,Daphniidae,Daphnia,Crustaceans;Standard Test Species,48.0,FW,,,,1999.0,japan_moe_official_summary,dsstox_casrn,unclassified,170.0,mg/L,0.0019736689344509,-2.7047256946245004,86.134,,True,False,1,1,,,,0.0,,,,official_summary_table,not specified in summary,test material,immobilisation (Japanese table header: acute swimming inhibition),True,True,,,,,,,,,,,,,,,,,,,,,,,,,,,,,,,,,,,,,japan_moe_556-82-1_daphnia_48h_ec50_p21_r10,Japan_MOE_official_summary,official_summary_source,MOE:21:10:daphnia_48h_ec50,170.0,False,,,official_summary_source,official_summary_not_individual_report_reviewed,https://www.env.go.jp/content/000316616.pdf,21.0,10.0
japan_moe__japan_moe_556-82-1_fish_96h_lc50_p21_r10,556-82-1,3-Methylbut-2-en-1-ol,556-82-1,DTXSID2027206,CC(C)=CCO,ASUAYTHWZCLXAN-UHFFFAOYSA-N,fish_96h_lc50,LC50,MOR,MORT,Oryzias latipes,Japanese Medaka,Chordata,Actinopterygii,Beloniformes,Adrianichthyidae,Oryzias,Fish;Standard Test Species,96.0,FW,,,,1999.0,japan_moe_official_summary,dsstox_casrn,unclassified,47.0,mg/L,0.0005456614112893,-3.2630767580670565,86.134,,True,False,1,1,,,,0.0,,,,official_summary_table,not specified in summary,test material,mortality,True,True,,,,,,,,,,,,,,,,,,,,,,,,,,,,,,,,,,,,,japan_moe_556-82-1_fish_96h_lc50_p21_r10,Japan_MOE_official_summary,official_summary_source,MOE:21:10:fish_96h_lc50,47.0,False,,,official_summary_source,official_summary_not_individual_report_reviewed,https://www.env.go.jp/content/000316616.pdf,21.0,10.0
japan_moe__japan_moe_56-23-5_daphnia_48h_ec50_p1_r3,56-23-5,Carbon tetrachloride,56-23-5,DTXSID8020250,ClC(Cl)(Cl)Cl,VZGDMQKNWNREIO-UHFFFAOYSA-N,daphnia_48h_ec50,EC50,ITX,IMBL,Daphnia magna,Water Flea,Arthropoda,Branchiopoda,Diplostraca,Daphniidae,Daphnia,Crustaceans;Standard Test Species,48.0,FW,,,,2002.0,japan_moe_official_summary,dsstox_casrn,unclassified,8.09,mg/L,5.259291523374268e-05,-4.279072755506413,153.823,,True,False,1,1,,,,0.0,,,,official_summary_table,measured average,test material,immobilisation; source report 48 h EiC50,True,True,,,,,,,,,,,,,,,,,,,,,,,,,,,,,,,,,,,,,japan_moe_56-23-5_daphnia_48h_ec50_p1_r3,Japan_MOE_official_summary,primary_source_aligned,MOE:1:3:daphnia_48h_ec50,8.1,True,56-23-5_daphnia_37310.pdf,"8,16",primary_source_aligned,48 h EiC50 = 8.09 mg/L; report states measured concentration was used.,https://www.env.go.jp/content/000316616.pdf,1.0,3.0
japan_moe__japan_moe_56-23-5_fish_96h_lc50_p1_r3,56-23-5,Carbon tetrachloride,56-23-5,DTXSID8020250,ClC(Cl)(Cl)Cl,VZGDMQKNWNREIO-UHFFFAOYSA-N,fish_96h_lc50,LC50,MOR,MORT,Oryzias latipes,Japanese Medaka,Chordata,Actinopterygii,Beloniformes,Adrianichthyidae,Oryzias,Fish;Standard Test Species,96.0,FW,,,,2002.0,japan_moe_official_summary,dsstox_casrn,unclassified,7.61,mg/L,4.947244560306326e-05,-4.305636620348112,153.823,,True,False,1,1,,,,0.0,,,,official_summary_table,measured average,test material,mortality; source report 96 h LC50,True,True,,,,,,,,,,,,,,,,,,,,,,,,,,,,,,,,,,,,,japan_moe_56-23-5_fish_96h_lc50_p1_r3,Japan_MOE_official_summary,primary_source_aligned,MOE:1:3:fish_96h_lc50,7.6,True,56-23-5_fish_37309.pdf,"7,16",primary_source_aligned,96 h LC50 = 7.61 mg/L; report states measured concentration was used.,https://www.env.go.jp/content/000316616.pdf,1.0,3.0
japan_moe__japan_moe_57-14-7_algae_72_96h_ec50_p1_r8,57-14-7,"N,N-Dimethylhydrazine",57-14-7,DTXSID1020516,CN(C)N,RHUYHJGZWVXEHW-UHFFFAOYSA-N,algae_72_96h_ec50,EC50,GRO,GGRO,Pseudokirchneriella subcapitata,Green Alga,Chlorophyta,Chlorophyceae,Sphaeropleales,Selenastraceae,Pseudokirchneriella,Algae;Standard Test Species,72.0,FW,,,,2009.0,japan_moe_official_summary,dsstox_casrn,unclassified,3.4,mg/L,5.657237936772046e-05,-4.247395554960485,60.1,,True,False,1,1,,,,0.0,,,,official_summary_table,not specified in summary,test material,growth rate,True,True,,,,,,,,,,,,,,,,,,,,,,,,,,,,,,,,,,,,,japan_moe_57-14-7_algae_72_96h_ec50_p1_r8,Japan_MOE_official_summary,official_summary_source,MOE:1:8:algae_72_96h_ec50,3.4,False,,,official_summary_source,official_summary_not_individual_report_reviewed,https://www.env.go.jp/content/000316616.pdf,1.0,8.0
japan_moe__japan_moe_57-14-7_daphnia_48h_ec50_p1_r8,57-14-7,"N,N-Dimethylhydrazine",57-14-7,DTXSID1020516,CN(C)N,RHUYHJGZWVXEHW-UHFFFAOYSA-N,daphnia_48h_ec50,EC50,ITX,IMBL,Daphnia magna,Water Flea,Arthropoda,Branchiopoda,Diplostraca,Daphniidae,Daphnia,Crustaceans;Standard Test Species,48.0,FW,,,,2009.0,japan_moe_official_summary,dsstox_casrn,unclassified,1.3,mg/L,2.1630615640599e-05,-4.664931119695903,60.1,,True,False,1,1,,,,0.0,,,,official_summary_table,not specified in summary,test material,immobilisation (Japanese table header: acute swimming inhibition),True,True,,,,,,,,,,,,,,,,,,,,,,,,,,,,,,,,,,,,,japan_moe_57-14-7_daphnia_48h_ec50_p1_r8,Japan_MOE_official_summary,official_summary_source,MOE:1:8:daphnia_48h_ec50,1.3,False,,,official_summary_source,official_summary_not_individual_report_reviewed,https://www.env.go.jp/content/000316616.pdf,1.0,8.0
japan_moe__japan_moe_5707-44-8_algae_72_96h_ec50_p27_r22,5707-44-8,"1,1'-Biphenyl, 4-ethyl- <4-Ethyl-1,1'- biphenyl>",5707-44-8,DTXSID7073355,CCC1=CC=C(C=C1)C1=CC=CC=C1,SRQOBNUBCLPPPH-UHFFFAOYSA-N,algae_72_96h_ec50,EC50,GRO,GGRO,Pseudokirchneriella subcapitata,Green Alga,Chlorophyta,Chlorophyceae,Sphaeropleales,Selenastraceae,Pseudokirchneriella,Algae;Standard Test Species,72.0,FW,,,,1999.0,japan_moe_official_summary,dsstox_casrn,unclassified,0.15,mg/L,8.229730174580009e-07,-6.084614403622723,182.266,,True,False,1,1,,,,0.0,,,,official_summary_table,not specified in summary,test material,growth rate,True,True,,,,,,,,,,,,,,,,,,,,,,,,,,,,,,,,,,,,,japan_moe_5707-44-8_algae_72_96h_ec50_p27_r22,Japan_MOE_official_summary,official_summary_source,MOE:27:22:algae_72_96h_ec50,0.15,False,,,official_summary_source,official_summary_not_individual_report_reviewed,https://www.env.go.jp/content/000316616.pdf,27.0,22.0
japan_moe__japan_moe_5707-44-8_daphnia_48h_ec50_p27_r22,5707-44-8,"1,1'-Biphenyl, 4-ethyl- <4-Ethyl-1,1'- biphenyl>",5707-44-8,DTXSID7073355,CCC1=CC=C(C=C1)C1=CC=CC=C1,SRQOBNUBCLPPPH-UHFFFAOYSA-N,daphnia_48h_ec50,EC50,ITX,IMBL,Daphnia magna,Water Flea,Arthropoda,Branchiopoda,Diplostraca,Daphniidae,Daphnia,Crustaceans;Standard Test Species,48.0,FW,,,,1999.0,japan_moe_official_summary,dsstox_casrn,unclassified,0.27,mg/L,1.481351431424402e-06,-5.8293418985194165,182.266,,True,False,1,1,,,,0.0,,,,official_summary_table,not specified in summary,test material,immobilisation (Japanese table header: acute swimming inhibition),True,True,,,,,,,,,,,,,,,,,,,,,,,,,,,,,,,,,,,,,japan_moe_5707-44-8_daphnia_48h_ec50_p27_r22,Japan_MOE_official_summary,official_summary_source,MOE:27:22:daphnia_48h_ec50,0.27,False,,,official_summary_source,official_summary_not_individual_report_reviewed,https://www.env.go.jp/content/000316616.pdf,27.0,22.0
japan_moe__japan_moe_5707-44-8_fish_96h_lc50_p27_r22,5707-44-8,"1,1'-Biphenyl, 4-ethyl- <4-Ethyl-1,1'- biphenyl>",5707-44-8,DTXSID7073355,CCC1=CC=C(C=C1)C1=CC=CC=C1,SRQOBNUBCLPPPH-UHFFFAOYSA-N,fish_96h_lc50,LC50,MOR,MORT,Oryzias latipes,Japanese Medaka,Chordata,Actinopterygii,Beloniformes,Adrianichthyidae,Oryzias,Fish;Standard Test Species,96.0,FW,,,,1999.0,japan_moe_official_summary,dsstox_casrn,unclassified,0.6,mg/L,3.291892069832004e-06,-5.4825544122947605,182.266,,True,False,1,1,,,,0.0,,,,official_summary_table,not specified in summary,test material,mortality,True,True,,,,,,,,,,,,,,,,,,,,,,,,,,,,,,,,,,,,,japan_moe_5707-44-8_fish_96h_lc50_p27_r22,Japan_MOE_official_summary,official_summary_source,MOE:27:22:fish_96h_lc50,0.6,False,,,official_summary_source,official_summary_not_individual_report_reviewed,https://www.env.go.jp/content/000316616.pdf,27.0,22.0
japan_moe__japan_moe_573-98-8_algae_72_96h_ec50_p21_r12,573-98-8,"1,2-Dimethylnaphthalene",573-98-8,DTXSID1058717,CC1=C(C)C2=CC=CC=C2C=C1,QNLZIZAQLLYXTC-UHFFFAOYSA-N,algae_72_96h_ec50,EC50,GRO,GGRO,Pseudokirchneriella subcapitata,Green Alga,Chlorophyta,Chlorophyceae,Sphaeropleales,Selenastraceae,Pseudokirchneriella,Algae;Standard Test Species,72.0,FW,,,,1995.0,japan_moe_official_summary,dsstox_casrn,unclassified,4.1,mg/L,2.624369511227181e-05,-4.580975016328055,156.22799999999998,,True,False,1,1,,,,0.0,,,,official_summary_table,not specified in summary,test material,growth rate,True,True,,,,,,,,,,,,,,,,,,,,,,,,,,,,,,,,,,,,,japan_moe_573-98-8_algae_72_96h_ec50_p21_r12,Japan_MOE_official_summary,official_summary_source,MOE:21:12:algae_72_96h_ec50,4.1,False,,,official_summary_source,official_summary_not_individual_report_reviewed,https://www.env.go.jp/content/000316616.pdf,21.0,12.0
japan_moe__japan_moe_573-98-8_daphnia_48h_ec50_p21_r12,573-98-8,"1,2-Dimethylnaphthalene",573-98-8,DTXSID1058717,CC1=C(C)C2=CC=CC=C2C=C1,QNLZIZAQLLYXTC-UHFFFAOYSA-N,daphnia_48h_ec50,EC50,ITX,IMBL,Daphnia magna,Water Flea,Arthropoda,Branchiopoda,Diplostraca,Daphniidae,Daphnia,Crustaceans;Standard Test Species,48.0,FW,,,,1995.0,japan_moe_official_summary,dsstox_casrn,unclassified,1.1,mg/L,7.04099137158512e-06,-5.152366187889566,156.22799999999998,,True,False,1,1,,,,0.0,,,,official_summary_table,not specified in summary,test material,immobilisation (Japanese table header: acute swimming inhibition),True,True,,,,,,,,,,,,,,,,,,,,,,,,,,,,,,,,,,,,,japan_moe_573-98-8_daphnia_48h_ec50_p21_r12,Japan_MOE_official_summary,official_summary_source,MOE:21:12:daphnia_48h_ec50,1.1,False,,,official_summary_source,official_summary_not_individual_report_reviewed,https://www.env.go.jp/content/000316616.pdf,21.0,12.0
japan_moe__japan_moe_573-98-8_fish_96h_lc50_p21_r12,573-98-8,"1,2-Dimethylnaphthalene",573-98-8,DTXSID1058717,CC1=C(C)C2=CC=CC=C2C=C1,QNLZIZAQLLYXTC-UHFFFAOYSA-N,fish_96h_lc50,LC50,MOR,MORT,Oryzias latipes,Japanese Medaka,Chordata,Actinopterygii,Beloniformes,Adrianichthyidae,Oryzias,Fish;Standard Test Species,96.0,FW,,,,1995.0,japan_moe_official_summary,dsstox_casrn,unclassified,2.3,mg/L,1.4722072867859796e-05,-4.832031037030198,156.22799999999998,,True,False,1,1,,,,0.0,,,,official_summary_table,not specified in summary,test material,mortality,True,True,,,,,,,,,,,,,,,,,,,,,,,,,,,,,,,,,,,,,japan_moe_573-98-8_fish_96h_lc50_p21_r12,Japan_MOE_official_summary,official_summary_source,MOE:21:12:fish_96h_lc50,2.3,False,,,official_summary_source,official_summary_not_individual_report_reviewed,https://www.env.go.jp/content/000316616.pdf,21.0,12.0
japan_moe__japan_moe_574-98-1_daphnia_48h_ec50_p21_r13,574-98-1,N-(2-Bromoethyl)phthalimide,574-98-1,DTXSID0060357,BrCCN1C(=O)C2=C(C=CC=C2)C1=O,CHZXTOCAICMPQR-UHFFFAOYSA-N,daphnia_48h_ec50,EC50,ITX,IMBL,Daphnia magna,Water Flea,Arthropoda,Branchiopoda,Diplostraca,Daphniidae,Daphnia,Crustaceans;Standard Test Species,48.0,FW,,,,2021.0,japan_moe_official_summary,dsstox_casrn,unclassified,45.0,mg/L,0.0001771074806264,-3.751763094788701,254.083,,True,False,1,1,,,,0.0,,,,official_summary_table,not specified in summary,test material,immobilisation (Japanese table header: acute swimming inhibition),True,True,,,,,,,,,,,,,,,,,,,,,,,,,,,,,,,,,,,,,japan_moe_574-98-1_daphnia_48h_ec50_p21_r13,Japan_MOE_official_summary,official_summary_source,MOE:21:13:daphnia_48h_ec50,45.0,False,,,official_summary_source,official_summary_not_individual_report_reviewed,https://www.env.go.jp/content/000316616.pdf,21.0,13.0
japan_moe__japan_moe_575-41-7_algae_72_96h_ec50_p21_r14,575-41-7,"1,3-Dimethylnaphthalene",575-41-7,DTXSID9060360,CC1=CC(C)=C2C=CC=CC2=C1,QHJMFSMPSZREIF-UHFFFAOYSA-N,algae_72_96h_ec50,EC50,GRO,GGRO,Pseudokirchneriella subcapitata,Green Alga,Chlorophyta,Chlorophyceae,Sphaeropleales,Selenastraceae,Pseudokirchneriella,Algae;Standard Test Species,72.0,FW,,,,2000.0,japan_moe_official_summary,dsstox_casrn,unclassified,0.62,mg/L,3.968558773075249e-06,-5.401367183549537,156.22799999999998,,True,False,1,1,,,,0.0,,,,official_summary_table,not specified in summary,test material,growth rate,True,True,,,,,,,,,,,,,,,,,,,,,,,,,,,,,,,,,,,,,japan_moe_575-41-7_algae_72_96h_ec50_p21_r14,Japan_MOE_official_summary,official_summary_source,MOE:21:14:algae_72_96h_ec50,0.62,False,,,official_summary_source,official_summary_not_individual_report_reviewed,https://www.env.go.jp/content/000316616.pdf,21.0,14.0
japan_moe__japan_moe_575-41-7_daphnia_48h_ec50_p21_r14,575-41-7,"1,3-Dimethylnaphthalene",575-41-7,DTXSID9060360,CC1=CC(C)=C2C=CC=CC2=C1,QHJMFSMPSZREIF-UHFFFAOYSA-N,daphnia_48h_ec50,EC50,ITX,IMBL,Daphnia magna,Water Flea,Arthropoda,Branchiopoda,Diplostraca,Daphniidae,Daphnia,Crustaceans;Standard Test Species,48.0,FW,,,,2000.0,japan_moe_official_summary,dsstox_casrn,unclassified,0.98,mg/L,6.272883221957653e-06,-5.202532797355296,156.22799999999998,,True,False,1,1,,,,0.0,,,,official_summary_table,not specified in summary,test material,immobilisation (Japanese table header: acute swimming inhibition),True,True,,,,,,,,,,,,,,,,,,,,,,,,,,,,,,,,,,,,,japan_moe_575-41-7_daphnia_48h_ec50_p21_r14,Japan_MOE_official_summary,official_summary_source,MOE:21:14:daphnia_48h_ec50,0.98,False,,,official_summary_source,official_summary_not_individual_report_reviewed,https://www.env.go.jp/content/000316616.pdf,21.0,14.0
japan_moe__japan_moe_575-41-7_fish_96h_lc50_p21_r14,575-41-7,"1,3-Dimethylnaphthalene",575-41-7,DTXSID9060360,CC1=CC(C)=C2C=CC=CC2=C1,QHJMFSMPSZREIF-UHFFFAOYSA-N,fish_96h_lc50,LC50,MOR,MORT,Oryzias latipes,Japanese Medaka,Chordata,Actinopterygii,Beloniformes,Adrianichthyidae,Oryzias,Fish;Standard Test Species,96.0,FW,,,,2000.0,japan_moe_official_summary,dsstox_casrn,unclassified,1.8,mg/L,1.1521622244412014e-05,-4.938486367944485,156.22799999999998,,True,False,1,1,,,,0.0,,,,official_summary_table,not specified in summary,test material,mortality,True,True,,,,,,,,,,,,,,,,,,,,,,,,,,,,,,,,,,,,,japan_moe_575-41-7_fish_96h_lc50_p21_r14,Japan_MOE_official_summary,official_summary_source,MOE:21:14:fish_96h_lc50,1.8,False,,,official_summary_source,official_summary_not_individual_report_reviewed,https://www.env.go.jp/content/000316616.pdf,21.0,14.0
japan_moe__japan_moe_57500-00-2_daphnia_48h_ec50_p32_r19,57500-00-2,Furfuryl methyl disulfide,57500-00-2,DTXSID9069186,CSSCC1=CC=CO1,CLSLQQCDHOZMDT-UHFFFAOYSA-N,daphnia_48h_ec50,EC50,ITX,IMBL,Daphnia magna,Water Flea,Arthropoda,Branchiopoda,Diplostraca,Daphniidae,Daphnia,Crustaceans;Standard Test Species,48.0,FW,,,,2007.0,japan_moe_official_summary,dsstox_casrn,unclassified,0.31,mg/L,1.9343204607426543e-06,-5.713471574305245,160.263,,True,False,1,1,,,,0.0,,,,official_summary_table,not specified in summary,test material,immobilisation (Japanese table header: acute swimming inhibition),True,True,,,,,,,,,,,,,,,,,,,,,,,,,,,,,,,,,,,,,japan_moe_57500-00-2_daphnia_48h_ec50_p32_r19,Japan_MOE_official_summary,official_summary_source,MOE:32:19:daphnia_48h_ec50,0.31,False,,,official_summary_source,official_summary_not_individual_report_reviewed,https://www.env.go.jp/content/000316616.pdf,32.0,19.0
japan_moe__japan_moe_576-26-1_algae_72_96h_ec50_p21_r15,576-26-1,"2,6-Xylenol",576-26-1,DTXSID9024063,CC1=CC=CC(C)=C1O,NXXYKOUNUYWIHA-UHFFFAOYSA-N,algae_72_96h_ec50,EC50,GRO,GGRO,Pseudokirchneriella subcapitata,Green Alga,Chlorophyta,Chlorophyceae,Sphaeropleales,Selenastraceae,Pseudokirchneriella,Algae;Standard Test Species,72.0,FW,,,,2004.0,japan_moe_official_summary,dsstox_casrn,unclassified,48.0,mg/L,0.000392904794257,-3.405712671858403,122.167,,True,False,1,1,,,,0.0,,,,official_summary_table,not specified in summary,test material,growth rate,True,True,,,,,,,,,,,,,,,,,,,,,,,,,,,,,,,,,,,,,japan_moe_576-26-1_algae_72_96h_ec50_p21_r15,Japan_MOE_official_summary,official_summary_source,MOE:21:15:algae_72_96h_ec50,48.0,False,,,official_summary_source,official_summary_not_individual_report_reviewed,https://www.env.go.jp/content/000316616.pdf,21.0,15.0
japan_moe__japan_moe_576-26-1_algae_72_96h_ec50_p21_r16,576-26-1,"2,6-Xylenol",576-26-1,DTXSID9024063,CC1=CC=CC(C)=C1O,NXXYKOUNUYWIHA-UHFFFAOYSA-N,algae_72_96h_ec50,EC50,GRO,GGRO,Pseudokirchneriella subcapitata,Green Alga,Chlorophyta,Chlorophyceae,Sphaeropleales,Selenastraceae,Pseudokirchneriella,Algae;Standard Test Species,72.0,FW,,,,2005.0,japan_moe_official_summary,dsstox_casrn,unclassified,45.0,mg/L,0.0003683482446159,-3.4337413954586467,122.167,,True,False,1,1,,,,0.0,,,,official_summary_table,not specified in summary,test material,growth rate,True,True,,,,,,,,,,,,,,,,,,,,,,,,,,,,,,,,,,,,,japan_moe_576-26-1_algae_72_96h_ec50_p21_r16,Japan_MOE_official_summary,official_summary_source,MOE:21:16:algae_72_96h_ec50,45.0,False,,,official_summary_source,official_summary_not_individual_report_reviewed,https://www.env.go.jp/content/000316616.pdf,21.0,16.0
japan_moe__japan_moe_576-26-1_daphnia_48h_ec50_p21_r15,576-26-1,"2,6-Xylenol",576-26-1,DTXSID9024063,CC1=CC=CC(C)=C1O,NXXYKOUNUYWIHA-UHFFFAOYSA-N,daphnia_48h_ec50,EC50,ITX,IMBL,Daphnia magna,Water Flea,Arthropoda,Branchiopoda,Diplostraca,Daphniidae,Daphnia,Crustaceans;Standard Test Species,48.0,FW,,,,2004.0,japan_moe_official_summary,dsstox_casrn,unclassified,11.0,mg/L,9.004068201723869e-05,-4.045561224075765,122.167,,True,False,1,1,,,,0.0,,,,official_summary_table,not specified in summary,test material,immobilisation (Japanese table header: acute swimming inhibition),True,True,,,,,,,,,,,,,,,,,,,,,,,,,,,,,,,,,,,,,japan_moe_576-26-1_daphnia_48h_ec50_p21_r15,Japan_MOE_official_summary,official_summary_source,MOE:21:15:daphnia_48h_ec50,11.0,False,,,official_summary_source,official_summary_not_individual_report_reviewed,https://www.env.go.jp/content/000316616.pdf,21.0,15.0
japan_moe__japan_moe_576-26-1_fish_96h_lc50_p21_r15,576-26-1,"2,6-Xylenol",576-26-1,DTXSID9024063,CC1=CC=CC(C)=C1O,NXXYKOUNUYWIHA-UHFFFAOYSA-N,fish_96h_lc50,LC50,MOR,MORT,Oryzias latipes,Japanese Medaka,Chordata,Actinopterygii,Beloniformes,Adrianichthyidae,Oryzias,Fish;Standard Test Species,96.0,FW,,,,2004.0,japan_moe_official_summary,dsstox_casrn,unclassified,15.0,mg/L,0.0001227827482053,-3.910862650178309,122.167,,True,False,1,1,,,,0.0,,,,official_summary_table,not specified in summary,test material,mortality,True,True,,,,,,,,,,,,,,,,,,,,,,,,,,,,,,,,,,,,,japan_moe_576-26-1_fish_96h_lc50_p21_r15,Japan_MOE_official_summary,official_summary_source,MOE:21:15:fish_96h_lc50,15.0,False,,,official_summary_source,official_summary_not_individual_report_reviewed,https://www.env.go.jp/content/000316616.pdf,21.0,15.0
japan_moe__japan_moe_58-27-5_algae_72_96h_ec50_p1_r10,58-27-5,Menadione,58-27-5,DTXSID4021715,CC1=CC(=O)C2=C(C=CC=C2)C1=O,MJVAVZPDRWSRRC-UHFFFAOYSA-N,algae_72_96h_ec50,EC50,GRO,GGRO,Pseudokirchneriella subcapitata,Green Alga,Chlorophyta,Chlorophyceae,Sphaeropleales,Selenastraceae,Pseudokirchneriella,Algae;Standard Test Species,72.0,FW,,,,2008.0,japan_moe_official_summary,dsstox_casrn,unclassified,0.23,mg/L,1.3357880859318284e-06,-5.874262434383142,172.183,,True,False,1,1,,,,0.0,,,,official_summary_table,not specified in summary,test material,growth rate,True,True,,,,,,,,,,,,,,,,,,,,,,,,,,,,,,,,,,,,,japan_moe_58-27-5_algae_72_96h_ec50_p1_r10,Japan_MOE_official_summary,official_summary_source,MOE:1:10:algae_72_96h_ec50,0.23,False,,,official_summary_source,official_summary_not_individual_report_reviewed,https://www.env.go.jp/content/000316616.pdf,1.0,10.0
japan_moe__japan_moe_58-27-5_daphnia_48h_ec50_p1_r10,58-27-5,Menadione,58-27-5,DTXSID4021715,CC1=CC(=O)C2=C(C=CC=C2)C1=O,MJVAVZPDRWSRRC-UHFFFAOYSA-N,daphnia_48h_ec50,EC50,ITX,IMBL,Daphnia magna,Water Flea,Arthropoda,Branchiopoda,Diplostraca,Daphniidae,Daphnia,Crustaceans;Standard Test Species,48.0,FW,,,,2008.0,japan_moe_official_summary,dsstox_casrn,unclassified,0.22,mg/L,1.2777103430652273e-06,-5.893567589578528,172.183,,True,False,1,1,,,,0.0,,,,official_summary_table,not specified in summary,test material,immobilisation (Japanese table header: acute swimming inhibition),True,True,,,,,,,,,,,,,,,,,,,,,,,,,,,,,,,,,,,,,japan_moe_58-27-5_daphnia_48h_ec50_p1_r10,Japan_MOE_official_summary,official_summary_source,MOE:1:10:daphnia_48h_ec50,0.22,False,,,official_summary_source,official_summary_not_individual_report_reviewed,https://www.env.go.jp/content/000316616.pdf,1.0,10.0
japan_moe__japan_moe_58-90-2_algae_72_96h_ec50_p1_r11,58-90-2,"2,3,4,6-Tetrachlorophenol",58-90-2,DTXSID9021716,OC1=C(Cl)C(Cl)=C(Cl)C=C1Cl,VGVRPFIJEJYOFN-UHFFFAOYSA-N,algae_72_96h_ec50,EC50,GRO,GGRO,Pseudokirchneriella subcapitata,Green Alga,Chlorophyta,Chlorophyceae,Sphaeropleales,Selenastraceae,Pseudokirchneriella,Algae;Standard Test Species,72.0,FW,,,,2000.0,japan_moe_official_summary,dsstox_casrn,unclassified,2.1,mg/L,9.055900781826102e-06,-5.043068344342805,231.893,,True,False,1,1,,,,0.0,,,,official_summary_table,not specified in summary,test material,growth rate,True,True,,,,,,,,,,,,,,,,,,,,,,,,,,,,,,,,,,,,,japan_moe_58-90-2_algae_72_96h_ec50_p1_r11,Japan_MOE_official_summary,official_summary_source,MOE:1:11:algae_72_96h_ec50,2.1,False,,,official_summary_source,official_summary_not_individual_report_reviewed,https://www.env.go.jp/content/000316616.pdf,1.0,11.0
japan_moe__japan_moe_58-90-2_daphnia_48h_ec50_p1_r11,58-90-2,"2,3,4,6-Tetrachlorophenol",58-90-2,DTXSID9021716,OC1=C(Cl)C(Cl)=C(Cl)C=C1Cl,VGVRPFIJEJYOFN-UHFFFAOYSA-N,daphnia_48h_ec50,EC50,ITX,IMBL,Daphnia magna,Water Flea,Arthropoda,Branchiopoda,Diplostraca,Daphniidae,Daphnia,Crustaceans;Standard Test Species,48.0,FW,,,,2000.0,japan_moe_official_summary,dsstox_casrn,unclassified,1.4,mg/L,6.037267187884067e-06,-5.219159603398486,231.893,,True,False,1,1,,,,0.0,,,,official_summary_table,not specified in summary,test material,immobilisation (Japanese table header: acute swimming inhibition),True,True,,,,,,,,,,,,,,,,,,,,,,,,,,,,,,,,,,,,,japan_moe_58-90-2_daphnia_48h_ec50_p1_r11,Japan_MOE_official_summary,official_summary_source,MOE:1:11:daphnia_48h_ec50,1.4,False,,,official_summary_source,official_summary_not_individual_report_reviewed,https://www.env.go.jp/content/000316616.pdf,1.0,11.0
japan_moe__japan_moe_58-90-2_fish_96h_lc50_p1_r11,58-90-2,"2,3,4,6-Tetrachlorophenol",58-90-2,DTXSID9021716,OC1=C(Cl)C(Cl)=C(Cl)C=C1Cl,VGVRPFIJEJYOFN-UHFFFAOYSA-N,fish_96h_lc50,LC50,MOR,MORT,Oryzias latipes,Japanese Medaka,Chordata,Actinopterygii,Beloniformes,Adrianichthyidae,Oryzias,Fish;Standard Test Species,96.0,FW,,,,2000.0,japan_moe_official_summary,dsstox_casrn,unclassified,0.56,mg/L,2.4149068751536272e-06,-5.617099612070524,231.893,,True,False,1,1,,,,0.0,,,,official_summary_table,not specified in summary,test material,mortality,True,True,,,,,,,,,,,,,,,,,,,,,,,,,,,,,,,,,,,,,japan_moe_58-90-2_fish_96h_lc50_p1_r11,Japan_MOE_official_summary,official_summary_source,MOE:1:11:fish_96h_lc50,0.56,False,,,official_summary_source,official_summary_not_individual_report_reviewed,https://www.env.go.jp/content/000316616.pdf,1.0,11.0
japan_moe__japan_moe_581-42-0_daphnia_48h_ec50_p21_r18,581-42-0,"2,6-Dimethylnaphthalene",581-42-0,DTXSID0029187,CC1=CC2=C(C=C1)C=C(C)C=C2,YGYNBBAUIYTWBF-UHFFFAOYSA-N,daphnia_48h_ec50,EC50,ITX,IMBL,Daphnia magna,Water Flea,Arthropoda,Branchiopoda,Diplostraca,Daphniidae,Daphnia,Crustaceans;Standard Test Species,48.0,FW,,,,1995.0,japan_moe_official_summary,dsstox_casrn,unclassified,2.5,mg/L,1.600225311723891e-05,-4.795818864375753,156.22799999999998,,True,False,1,1,,,,0.0,,,,official_summary_table,not specified in summary,test material,immobilisation (Japanese table header: acute swimming inhibition),True,True,,,,,,,,,,,,,,,,,,,,,,,,,,,,,,,,,,,,,japan_moe_581-42-0_daphnia_48h_ec50_p21_r18,Japan_MOE_official_summary,official_summary_source,MOE:21:18:daphnia_48h_ec50,2.5,False,,,official_summary_source,official_summary_not_individual_report_reviewed,https://www.env.go.jp/content/000316616.pdf,21.0,18.0
japan_moe__japan_moe_582-16-1_algae_72_96h_ec50_p21_r19,582-16-1,"2,7-Dimethylnaphthalene",582-16-1,DTXSID7060386,CC1=CC2=CC(C)=CC=C2C=C1,LRQYSMQNJLZKPS-UHFFFAOYSA-N,algae_72_96h_ec50,EC50,GRO,GGRO,Pseudokirchneriella subcapitata,Green Alga,Chlorophyta,Chlorophyceae,Sphaeropleales,Selenastraceae,Pseudokirchneriella,Algae;Standard Test Species,72.0,FW,,,,2000.0,japan_moe_official_summary,dsstox_casrn,unclassified,1.0,mg/L,6.400901246895564e-06,-5.19375887304779,156.22799999999998,,True,False,1,1,,,,0.0,,,,official_summary_table,not specified in summary,test material,growth rate,True,True,,,,,,,,,,,,,,,,,,,,,,,,,,,,,,,,,,,,,japan_moe_582-16-1_algae_72_96h_ec50_p21_r19,Japan_MOE_official_summary,official_summary_source,MOE:21:19:algae_72_96h_ec50,1.0,False,,,official_summary_source,official_summary_not_individual_report_reviewed,https://www.env.go.jp/content/000316616.pdf,21.0,19.0
japan_moe__japan_moe_582-16-1_daphnia_48h_ec50_p21_r19,582-16-1,"2,7-Dimethylnaphthalene",582-16-1,DTXSID7060386,CC1=CC2=CC(C)=CC=C2C=C1,LRQYSMQNJLZKPS-UHFFFAOYSA-N,daphnia_48h_ec50,EC50,ITX,IMBL,Daphnia magna,Water Flea,Arthropoda,Branchiopoda,Diplostraca,Daphniidae,Daphnia,Crustaceans;Standard Test Species,48.0,FW,,,,2000.0,japan_moe_official_summary,dsstox_casrn,unclassified,1.5,mg/L,9.601351870343343e-06,-5.01766761399211,156.22799999999998,,True,False,1,1,,,,0.0,,,,official_summary_table,not specified in summary,test material,immobilisation (Japanese table header: acute swimming inhibition),True,True,,,,,,,,,,,,,,,,,,,,,,,,,,,,,,,,,,,,,japan_moe_582-16-1_daphnia_48h_ec50_p21_r19,Japan_MOE_official_summary,official_summary_source,MOE:21:19:daphnia_48h_ec50,1.5,False,,,official_summary_source,official_summary_not_individual_report_reviewed,https://www.env.go.jp/content/000316616.pdf,21.0,19.0
japan_moe__japan_moe_582-16-1_fish_96h_lc50_p21_r19,582-16-1,"2,7-Dimethylnaphthalene",582-16-1,DTXSID7060386,CC1=CC2=CC(C)=CC=C2C=C1,LRQYSMQNJLZKPS-UHFFFAOYSA-N,fish_96h_lc50,LC50,MOR,MORT,Oryzias latipes,Japanese Medaka,Chordata,Actinopterygii,Beloniformes,Adrianichthyidae,Oryzias,Fish;Standard Test Species,96.0,FW,,,,2000.0,japan_moe_official_summary,dsstox_casrn,unclassified,1.8,mg/L,1.1521622244412014e-05,-4.938486367944485,156.22799999999998,,True,False,1,1,,,,0.0,,,,official_summary_table,not specified in summary,test material,mortality,True,True,,,,,,,,,,,,,,,,,,,,,,,,,,,,,,,,,,,,,japan_moe_582-16-1_fish_96h_lc50_p21_r19,Japan_MOE_official_summary,official_summary_source,MOE:21:19:fish_96h_lc50,1.8,False,,,official_summary_source,official_summary_not_individual_report_reviewed,https://www.env.go.jp/content/000316616.pdf,21.0,19.0
japan_moe__japan_moe_591-27-5_algae_72_96h_ec50_p21_r20,591-27-5,3-Aminophenol,591-27-5,DTXSID3024497,NC1=CC(O)=CC=C1,CWLKGDAVCFYWJK-UHFFFAOYSA-N,algae_72_96h_ec50,EC50,GRO,GGRO,Pseudokirchneriella subcapitata,Green Alga,Chlorophyta,Chlorophyceae,Sphaeropleales,Selenastraceae,Pseudokirchneriella,Algae;Standard Test Species,72.0,FW,,,,1995.0,japan_moe_official_summary,dsstox_casrn,unclassified,160.0,mg/L,0.001466168169489,-2.833816213260789,109.12799999999996,,True,False,1,1,,,,0.0,,,,official_summary_table,not specified in summary,test material,growth rate,True,True,,,,,,,,,,,,,,,,,,,,,,,,,,,,,,,,,,,,,japan_moe_591-27-5_algae_72_96h_ec50_p21_r20,Japan_MOE_official_summary,official_summary_source,MOE:21:20:algae_72_96h_ec50,160.0,False,,,official_summary_source,official_summary_not_individual_report_reviewed,https://www.env.go.jp/content/000316616.pdf,21.0,20.0
japan_moe__japan_moe_591-27-5_daphnia_48h_ec50_p21_r20,591-27-5,3-Aminophenol,591-27-5,DTXSID3024497,NC1=CC(O)=CC=C1,CWLKGDAVCFYWJK-UHFFFAOYSA-N,daphnia_48h_ec50,EC50,ITX,IMBL,Daphnia magna,Water Flea,Arthropoda,Branchiopoda,Diplostraca,Daphniidae,Daphnia,Crustaceans;Standard Test Species,48.0,FW,,,,1995.0,japan_moe_official_summary,dsstox_casrn,unclassified,0.45,mg/L,4.123597976687927e-06,-5.38472368214137,109.12799999999996,,True,False,1,1,,,,0.0,,,,official_summary_table,not specified in summary,test material,immobilisation (Japanese table header: acute swimming inhibition),True,True,,,,,,,,,,,,,,,,,,,,,,,,,,,,,,,,,,,,,japan_moe_591-27-5_daphnia_48h_ec50_p21_r20,Japan_MOE_official_summary,official_summary_source,MOE:21:20:daphnia_48h_ec50,0.45,False,,,official_summary_source,official_summary_not_individual_report_reviewed,https://www.env.go.jp/content/000316616.pdf,21.0,20.0
japan_moe__japan_moe_591-27-5_fish_96h_lc50_p21_r20,591-27-5,3-Aminophenol,591-27-5,DTXSID3024497,NC1=CC(O)=CC=C1,CWLKGDAVCFYWJK-UHFFFAOYSA-N,fish_96h_lc50,LC50,MOR,MORT,Oryzias latipes,Japanese Medaka,Chordata,Actinopterygii,Beloniformes,Adrianichthyidae,Oryzias,Fish;Standard Test Species,96.0,FW,,,,1995.0,japan_moe_official_summary,dsstox_casrn,unclassified,120.0,mg/L,0.0010996261271167,-2.958754949869089,109.12799999999996,,True,False,1,1,,,,0.0,,,,official_summary_table,not specified in summary,test material,mortality,True,True,,,,,,,,,,,,,,,,,,,,,,,,,,,,,,,,,,,,,japan_moe_591-27-5_fish_96h_lc50_p21_r20,Japan_MOE_official_summary,official_summary_source,MOE:21:20:fish_96h_lc50,120.0,False,,,official_summary_source,official_summary_not_individual_report_reviewed,https://www.env.go.jp/content/000316616.pdf,21.0,20.0
japan_moe__japan_moe_593-08-8_algae_72_96h_ec50_p21_r21,593-08-8,2-Tridecanone,593-08-8,DTXSID4022070,CCCCCCCCCCCC(C)=O,CYIFVRUOHKNECG-UHFFFAOYSA-N,algae_72_96h_ec50,EC50,GRO,GGRO,Pseudokirchneriella subcapitata,Green Alga,Chlorophyta,Chlorophyceae,Sphaeropleales,Selenastraceae,Pseudokirchneriella,Algae;Standard Test Species,72.0,FW,,,,2009.0,japan_moe_official_summary,dsstox_casrn,unclassified,0.12,mg/L,6.04991177211999e-07,-6.218250958762544,198.35,,True,False,1,1,,,,0.0,,,,official_summary_table,not specified in summary,test material,growth rate,True,True,,,,,,,,,,,,,,,,,,,,,,,,,,,,,,,,,,,,,japan_moe_593-08-8_algae_72_96h_ec50_p21_r21,Japan_MOE_official_summary,official_summary_source,MOE:21:21:algae_72_96h_ec50,0.12,False,,,official_summary_source,official_summary_not_individual_report_reviewed,https://www.env.go.jp/content/000316616.pdf,21.0,21.0
japan_moe__japan_moe_593-08-8_daphnia_48h_ec50_p21_r21,593-08-8,2-Tridecanone,593-08-8,DTXSID4022070,CCCCCCCCCCCC(C)=O,CYIFVRUOHKNECG-UHFFFAOYSA-N,daphnia_48h_ec50,EC50,ITX,IMBL,Daphnia magna,Water Flea,Arthropoda,Branchiopoda,Diplostraca,Daphniidae,Daphnia,Crustaceans;Standard Test Species,48.0,FW,,,,2009.0,japan_moe_official_summary,dsstox_casrn,unclassified,0.0081,mg/L,4.083690446180993e-08,-7.38894718593152,198.35,,True,False,1,1,,,,0.0,,,,official_summary_table,not specified in summary,test material,immobilisation (Japanese table header: acute swimming inhibition),True,True,,,,,,,,,,,,,,,,,,,,,,,,,,,,,,,,,,,,,japan_moe_593-08-8_daphnia_48h_ec50_p21_r21,Japan_MOE_official_summary,official_summary_source,MOE:21:21:daphnia_48h_ec50,0.0081,False,,,official_summary_source,official_summary_not_individual_report_reviewed,https://www.env.go.jp/content/000316616.pdf,21.0,21.0
japan_moe__japan_moe_599-64-4_algae_72_96h_ec50_p21_r22,599-64-4,"4-(α,α-Dimethylbenzyl)phenol",599-64-4,DTXSID3022536,CC(C)(C1=CC=CC=C1)C1=CC=C(O)C=C1,QBDSZLJBMIMQRS-UHFFFAOYSA-N,algae_72_96h_ec50,EC50,GRO,GGRO,Pseudokirchneriella subcapitata,Green Alga,Chlorophyta,Chlorophyceae,Sphaeropleales,Selenastraceae,Pseudokirchneriella,Algae;Standard Test Species,72.0,FW,,,,2004.0,japan_moe_official_summary,dsstox_casrn,unclassified,1.4,mg/L,6.594690332183973e-06,-5.180805592866856,212.292,,True,False,1,1,,,,0.0,,,,official_summary_table,not specified in summary,test material,growth rate,True,True,,,,,,,,,,,,,,,,,,,,,,,,,,,,,,,,,,,,,japan_moe_599-64-4_algae_72_96h_ec50_p21_r22,Japan_MOE_official_summary,official_summary_source,MOE:21:22:algae_72_96h_ec50,1.4,False,,,official_summary_source,official_summary_not_individual_report_reviewed,https://www.env.go.jp/content/000316616.pdf,21.0,22.0
japan_moe__japan_moe_599-64-4_daphnia_48h_ec50_p21_r22,599-64-4,"4-(α,α-Dimethylbenzyl)phenol",599-64-4,DTXSID3022536,CC(C)(C1=CC=CC=C1)C1=CC=C(O)C=C1,QBDSZLJBMIMQRS-UHFFFAOYSA-N,daphnia_48h_ec50,EC50,ITX,IMBL,Daphnia magna,Water Flea,Arthropoda,Branchiopoda,Diplostraca,Daphniidae,Daphnia,Crustaceans;Standard Test Species,48.0,FW,,,,2004.0,japan_moe_official_summary,dsstox_casrn,unclassified,1.7,mg/L,8.00783826050911e-06,-5.09648470716682,212.292,,True,False,1,1,,,,0.0,,,,official_summary_table,not specified in summary,test material,immobilisation (Japanese table header: acute swimming inhibition),True,True,,,,,,,,,,,,,,,,,,,,,,,,,,,,,,,,,,,,,japan_moe_599-64-4_daphnia_48h_ec50_p21_r22,Japan_MOE_official_summary,official_summary_source,MOE:21:22:daphnia_48h_ec50,1.7,False,,,official_summary_source,official_summary_not_individual_report_reviewed,https://www.env.go.jp/content/000316616.pdf,21.0,22.0
japan_moe__japan_moe_599-64-4_fish_96h_lc50_p21_r22,599-64-4,"4-(α,α-Dimethylbenzyl)phenol",599-64-4,DTXSID3022536,CC(C)(C1=CC=CC=C1)C1=CC=C(O)C=C1,QBDSZLJBMIMQRS-UHFFFAOYSA-N,fish_96h_lc50,LC50,MOR,MORT,Oryzias latipes,Japanese Medaka,Chordata,Actinopterygii,Beloniformes,Adrianichthyidae,Oryzias,Fish;Standard Test Species,96.0,FW,,,,2004.0,japan_moe_official_summary,dsstox_casrn,unclassified,1.2,mg/L,5.652591713300547e-06,-5.247752382497469,212.292,,True,False,1,1,,,,0.0,,,,official_summary_table,not specified in summary,test material,mortality,True,True,,,,,,,,,,,,,,,,,,,,,,,,,,,,,,,,,,,,,japan_moe_599-64-4_fish_96h_lc50_p21_r22,Japan_MOE_official_summary,official_summary_source,MOE:21:22:fish_96h_lc50,1.2,False,,,official_summary_source,official_summary_not_individual_report_reviewed,https://www.env.go.jp/content/000316616.pdf,21.0,22.0
japan_moe__japan_moe_60-09-3_algae_72_96h_ec50_p1_r14,60-09-3,"Aniline, p-(phenylazo)- <p- Aminoazobenzene>",60-09-3,DTXSID6024460,NC1=CC=C(C=C1)N=NC1=CC=CC=C1,QPQKUYVSJWQSDY-UHFFFAOYSA-N,algae_72_96h_ec50,EC50,GRO,GGRO,Pseudokirchneriella subcapitata,Green Alga,Chlorophyta,Chlorophyceae,Sphaeropleales,Selenastraceae,Pseudokirchneriella,Algae;Standard Test Species,72.0,FW,,,,2003.0,japan_moe_official_summary,dsstox_casrn,unclassified,2.9,mg/L,1.470282547746158e-05,-4.8325991978126135,197.24100000000004,,True,False,1,1,,,,0.0,,,,official_summary_table,not specified in summary,test material,growth rate,True,True,,,,,,,,,,,,,,,,,,,,,,,,,,,,,,,,,,,,,japan_moe_60-09-3_algae_72_96h_ec50_p1_r14,Japan_MOE_official_summary,official_summary_source,MOE:1:14:algae_72_96h_ec50,2.9,False,,,official_summary_source,official_summary_not_individual_report_reviewed,https://www.env.go.jp/content/000316616.pdf,1.0,14.0
japan_moe__japan_moe_60-09-3_daphnia_48h_ec50_p1_r14,60-09-3,"Aniline, p-(phenylazo)- <p- Aminoazobenzene>",60-09-3,DTXSID6024460,NC1=CC=C(C=C1)N=NC1=CC=CC=C1,QPQKUYVSJWQSDY-UHFFFAOYSA-N,daphnia_48h_ec50,EC50,ITX,IMBL,Daphnia magna,Water Flea,Arthropoda,Branchiopoda,Diplostraca,Daphniidae,Daphnia,Crustaceans;Standard Test Species,48.0,FW,,,,2003.0,japan_moe_official_summary,dsstox_casrn,unclassified,0.46,mg/L,2.3321723171145952e-06,-5.632239364029995,197.24100000000004,,True,False,1,1,,,,0.0,,,,official_summary_table,not specified in summary,test material,immobilisation (Japanese table header: acute swimming inhibition),True,True,,,,,,,,,,,,,,,,,,,,,,,,,,,,,,,,,,,,,japan_moe_60-09-3_daphnia_48h_ec50_p1_r14,Japan_MOE_official_summary,official_summary_source,MOE:1:14:daphnia_48h_ec50,0.46,False,,,official_summary_source,official_summary_not_individual_report_reviewed,https://www.env.go.jp/content/000316616.pdf,1.0,14.0
japan_moe__japan_moe_60-09-3_fish_96h_lc50_p1_r14,60-09-3,"Aniline, p-(phenylazo)- <p- Aminoazobenzene>",60-09-3,DTXSID6024460,NC1=CC=C(C=C1)N=NC1=CC=CC=C1,QPQKUYVSJWQSDY-UHFFFAOYSA-N,fish_96h_lc50,LC50,MOR,MORT,Oryzias latipes,Japanese Medaka,Chordata,Actinopterygii,Beloniformes,Adrianichthyidae,Oryzias,Fish;Standard Test Species,96.0,FW,,,,2003.0,japan_moe_official_summary,dsstox_casrn,unclassified,0.35,mg/L,1.7744789369350182e-06,-5.7509291513612935,197.24100000000004,,True,False,1,1,,,,0.0,,,,official_summary_table,not specified in summary,test material,mortality,True,True,,,,,,,,,,,,,,,,,,,,,,,,,,,,,,,,,,,,,japan_moe_60-09-3_fish_96h_lc50_p1_r14,Japan_MOE_official_summary,official_summary_source,MOE:1:14:fish_96h_lc50,0.35,False,,,official_summary_source,official_summary_not_individual_report_reviewed,https://www.env.go.jp/content/000316616.pdf,1.0,14.0
japan_moe__japan_moe_60-24-2_algae_72_96h_ec50_p1_r15,60-24-2,2-Mercaptoethanol,60-24-2,DTXSID4026343,OCCS,DGVVWUTYPXICAM-UHFFFAOYSA-N,algae_72_96h_ec50,EC50,GRO,GGRO,Pseudokirchneriella subcapitata,Green Alga,Chlorophyta,Chlorophyceae,Sphaeropleales,Selenastraceae,Pseudokirchneriella,Algae;Standard Test Species,72.0,FW,,,,2010.0,japan_moe_official_summary,dsstox_casrn,unclassified,0.17,mg/L,2.175693662332344e-06,-5.662402253332448,78.136,,True,False,1,1,,,,0.0,,,,official_summary_table,not specified in summary,test material,growth rate,True,True,,,,,,,,,,,,,,,,,,,,,,,,,,,,,,,,,,,,,japan_moe_60-24-2_algae_72_96h_ec50_p1_r15,Japan_MOE_official_summary,official_summary_source,MOE:1:15:algae_72_96h_ec50,0.17,False,,,official_summary_source,official_summary_not_individual_report_reviewed,https://www.env.go.jp/content/000316616.pdf,1.0,15.0
japan_moe__japan_moe_60-24-2_daphnia_48h_ec50_p1_r15,60-24-2,2-Mercaptoethanol,60-24-2,DTXSID4026343,OCCS,DGVVWUTYPXICAM-UHFFFAOYSA-N,daphnia_48h_ec50,EC50,ITX,IMBL,Daphnia magna,Water Flea,Arthropoda,Branchiopoda,Diplostraca,Daphniidae,Daphnia,Crustaceans;Standard Test Species,48.0,FW,,,,2010.0,japan_moe_official_summary,dsstox_casrn,unclassified,0.12,mg/L,1.53578376164636e-06,-5.813669928663097,78.136,,True,False,1,1,,,,0.0,,,,official_summary_table,not specified in summary,test material,immobilisation (Japanese table header: acute swimming inhibition),True,True,,,,,,,,,,,,,,,,,,,,,,,,,,,,,,,,,,,,,japan_moe_60-24-2_daphnia_48h_ec50_p1_r15,Japan_MOE_official_summary,official_summary_source,MOE:1:15:daphnia_48h_ec50,0.12,False,,,official_summary_source,official_summary_not_individual_report_reviewed,https://www.env.go.jp/content/000316616.pdf,1.0,15.0
japan_moe__japan_moe_60-24-2_fish_96h_lc50_p1_r15,60-24-2,2-Mercaptoethanol,60-24-2,DTXSID4026343,OCCS,DGVVWUTYPXICAM-UHFFFAOYSA-N,fish_96h_lc50,LC50,MOR,MORT,Oryzias latipes,Japanese Medaka,Chordata,Actinopterygii,Beloniformes,Adrianichthyidae,Oryzias,Fish;Standard Test Species,96.0,FW,,,,2010.0,japan_moe_official_summary,dsstox_casrn,unclassified,29.0,mg/L,0.0003711477423978,-3.4304531768117656,78.136,,True,False,1,1,,,,0.0,,,,official_summary_table,not specified in summary,test material,mortality,True,True,,,,,,,,,,,,,,,,,,,,,,,,,,,,,,,,,,,,,japan_moe_60-24-2_fish_96h_lc50_p1_r15,Japan_MOE_official_summary,official_summary_source,MOE:1:15:fish_96h_lc50,29.0,False,,,official_summary_source,official_summary_not_individual_report_reviewed,https://www.env.go.jp/content/000316616.pdf,1.0,15.0
japan_moe__japan_moe_60-34-4_algae_72_96h_ec50_p1_r16,60-34-4,Methylhydrazine,60-34-4,DTXSID4020874,CNN,HDZGCSFEDULWCS-UHFFFAOYSA-N,algae_72_96h_ec50,EC50,GRO,GGRO,Pseudokirchneriella subcapitata,Green Alga,Chlorophyta,Chlorophyceae,Sphaeropleales,Selenastraceae,Pseudokirchneriella,Algae;Standard Test Species,72.0,FW,,,,2009.0,japan_moe_official_summary,dsstox_casrn,unclassified,0.28,mg/L,6.0773120916805945e-06,-5.216288460507308,46.073,,True,False,1,1,,,,0.0,,,,official_summary_table,not specified in summary,test material,growth rate,True,True,,,,,,,,,,,,,,,,,,,,,,,,,,,,,,,,,,,,,japan_moe_60-34-4_algae_72_96h_ec50_p1_r16,Japan_MOE_official_summary,official_summary_source,MOE:1:16:algae_72_96h_ec50,0.28,False,,,official_summary_source,official_summary_not_individual_report_reviewed,https://www.env.go.jp/content/000316616.pdf,1.0,16.0
japan_moe__japan_moe_60-34-4_daphnia_48h_ec50_p1_r16,60-34-4,Methylhydrazine,60-34-4,DTXSID4020874,CNN,HDZGCSFEDULWCS-UHFFFAOYSA-N,daphnia_48h_ec50,EC50,ITX,IMBL,Daphnia magna,Water Flea,Arthropoda,Branchiopoda,Diplostraca,Daphniidae,Daphnia,Crustaceans;Standard Test Species,48.0,FW,,,,2009.0,japan_moe_official_summary,dsstox_casrn,unclassified,0.95,mg/L,2.0619451739630583e-05,-4.685722886560679,46.073,,True,False,1,1,,,,0.0,,,,official_summary_table,not specified in summary,test material,immobilisation (Japanese table header: acute swimming inhibition),True,True,,,,,,,,,,,,,,,,,,,,,,,,,,,,,,,,,,,,,japan_moe_60-34-4_daphnia_48h_ec50_p1_r16,Japan_MOE_official_summary,official_summary_source,MOE:1:16:daphnia_48h_ec50,0.95,False,,,official_summary_source,official_summary_not_individual_report_reviewed,https://www.env.go.jp/content/000316616.pdf,1.0,16.0
japan_moe__japan_moe_60-34-4_fish_96h_lc50_p1_r16,60-34-4,Methylhydrazine,60-34-4,DTXSID4020874,CNN,HDZGCSFEDULWCS-UHFFFAOYSA-N,fish_96h_lc50,LC50,MOR,MORT,Oryzias latipes,Japanese Medaka,Chordata,Actinopterygii,Beloniformes,Adrianichthyidae,Oryzias,Fish;Standard Test Species,96.0,FW,,,,2009.0,japan_moe_official_summary,dsstox_casrn,unclassified,0.38,mg/L,8.247780695852235e-06,-5.083662895232718,46.073,,True,False,1,1,,,,0.0,,,,official_summary_table,not specified in summary,test material,mortality,True,True,,,,,,,,,,,,,,,,,,,,,,,,,,,,,,,,,,,,,japan_moe_60-34-4_fish_96h_lc50_p1_r16,Japan_MOE_official_summary,official_summary_source,MOE:1:16:fish_96h_lc50,0.38,False,,,official_summary_source,official_summary_not_individual_report_reviewed,https://www.env.go.jp/content/000316616.pdf,1.0,16.0
japan_moe__japan_moe_606-20-2_algae_72_96h_ec50_p22_r1,606-20-2,"2,6-Dinitrotoluene",606-20-2,DTXSID5020528,CC1=C(C=CC=C1[N+]([O-])=O)[N+]([O-])=O,XTRDKALNCIHHNI-UHFFFAOYSA-N,algae_72_96h_ec50,EC50,GRO,GGRO,Pseudokirchneriella subcapitata,Green Alga,Chlorophyta,Chlorophyceae,Sphaeropleales,Selenastraceae,Pseudokirchneriella,Algae;Standard Test Species,72.0,FW,,,,1997.0,japan_moe_official_summary,dsstox_casrn,unclassified,15.0,mg/L,8.235649380953688e-05,-4.084302151024184,182.135,,True,False,1,1,,,,0.0,,,,official_summary_table,not specified in summary,test material,growth rate,True,True,,,,,,,,,,,,,,,,,,,,,,,,,,,,,,,,,,,,,japan_moe_606-20-2_algae_72_96h_ec50_p22_r1,Japan_MOE_official_summary,official_summary_source,MOE:22:1:algae_72_96h_ec50,15.0,False,,,official_summary_source,official_summary_not_individual_report_reviewed,https://www.env.go.jp/content/000316616.pdf,22.0,1.0
japan_moe__japan_moe_606-20-2_daphnia_48h_ec50_p22_r1,606-20-2,"2,6-Dinitrotoluene",606-20-2,DTXSID5020528,CC1=C(C=CC=C1[N+]([O-])=O)[N+]([O-])=O,XTRDKALNCIHHNI-UHFFFAOYSA-N,daphnia_48h_ec50,EC50,ITX,IMBL,Daphnia magna,Water Flea,Arthropoda,Branchiopoda,Diplostraca,Daphniidae,Daphnia,Crustaceans;Standard Test Species,48.0,FW,,,,1997.0,japan_moe_official_summary,dsstox_casrn,unclassified,20.0,mg/L,0.0001098086584127,-3.959363414415884,182.135,,True,False,1,1,,,,0.0,,,,official_summary_table,not specified in summary,test material,immobilisation (Japanese table header: acute swimming inhibition),True,True,,,,,,,,,,,,,,,,,,,,,,,,,,,,,,,,,,,,,japan_moe_606-20-2_daphnia_48h_ec50_p22_r1,Japan_MOE_official_summary,official_summary_source,MOE:22:1:daphnia_48h_ec50,20.0,False,,,official_summary_source,official_summary_not_individual_report_reviewed,https://www.env.go.jp/content/000316616.pdf,22.0,1.0
japan_moe__japan_moe_606-20-2_fish_96h_lc50_p22_r1,606-20-2,"2,6-Dinitrotoluene",606-20-2,DTXSID5020528,CC1=C(C=CC=C1[N+]([O-])=O)[N+]([O-])=O,XTRDKALNCIHHNI-UHFFFAOYSA-N,fish_96h_lc50,LC50,MOR,MORT,Oryzias latipes,Japanese Medaka,Chordata,Actinopterygii,Beloniformes,Adrianichthyidae,Oryzias,Fish;Standard Test Species,96.0,FW,,,,1997.0,japan_moe_official_summary,dsstox_casrn,unclassified,34.0,mg/L,0.0001866747193016,-3.7289144930376095,182.135,,True,False,1,1,,,,0.0,,,,official_summary_table,not specified in summary,test material,mortality,True,True,,,,,,,,,,,,,,,,,,,,,,,,,,,,,,,,,,,,,japan_moe_606-20-2_fish_96h_lc50_p22_r1,Japan_MOE_official_summary,official_summary_source,MOE:22:1:fish_96h_lc50,34.0,False,,,official_summary_source,official_summary_not_individual_report_reviewed,https://www.env.go.jp/content/000316616.pdf,22.0,1.0
japan_moe__japan_moe_6099-79-2_daphnia_48h_ec50_p28_r1,6099-79-2,Dinoseb methyl ether,6099-79-2,DTXSID00863692,CCC(C)C1=CC(=CC(=C1OC)[N+]([O-])=O)[N+]([O-])=O,UVYHORVGKZXEMP-UHFFFAOYSA-N,daphnia_48h_ec50,EC50,ITX,IMBL,Daphnia magna,Water Flea,Arthropoda,Branchiopoda,Diplostraca,Daphniidae,Daphnia,Crustaceans;Standard Test Species,48.0,FW,,,,2005.0,japan_moe_official_summary,dsstox_casrn,unclassified,2.4,mg/L,9.439825048575766e-06,-5.025036054551744,254.242,,True,False,1,1,,,,0.0,,,,official_summary_table,not specified in summary,test material,immobilisation (Japanese table header: acute swimming inhibition),True,True,,,,,,,,,,,,,,,,,,,,,,,,,,,,,,,,,,,,,japan_moe_6099-79-2_daphnia_48h_ec50_p28_r1,Japan_MOE_official_summary,official_summary_source,MOE:28:1:daphnia_48h_ec50,2.4,False,,,official_summary_source,official_summary_not_individual_report_reviewed,https://www.env.go.jp/content/000316616.pdf,28.0,1.0
japan_moe__japan_moe_6099-79-2_fish_96h_lc50_p28_r1,6099-79-2,Dinoseb methyl ether,6099-79-2,DTXSID00863692,CCC(C)C1=CC(=CC(=C1OC)[N+]([O-])=O)[N+]([O-])=O,UVYHORVGKZXEMP-UHFFFAOYSA-N,fish_96h_lc50,LC50,MOR,MORT,Oryzias latipes,Japanese Medaka,Chordata,Actinopterygii,Beloniformes,Adrianichthyidae,Oryzias,Fish;Standard Test Species,96.0,FW,,,,2005.0,japan_moe_official_summary,dsstox_casrn,unclassified,1.4,mg/L,5.506564611669197e-06,-5.259119260585111,254.242,,True,False,1,1,,,,0.0,,,,official_summary_table,not specified in summary,test material,mortality,True,True,,,,,,,,,,,,,,,,,,,,,,,,,,,,,,,,,,,,,japan_moe_6099-79-2_fish_96h_lc50_p28_r1,Japan_MOE_official_summary,official_summary_source,MOE:28:1:fish_96h_lc50,1.4,False,,,official_summary_source,official_summary_not_individual_report_reviewed,https://www.env.go.jp/content/000316616.pdf,28.0,1.0
japan_moe__japan_moe_61-82-5_algae_72_96h_ec50_p1_r18,61-82-5,"3-Amino-1,2,4-triazole",61-82-5,DTXSID0020076,NC1=NNC=N1,KLSJWNVTNUYHDU-UHFFFAOYSA-N,algae_72_96h_ec50,EC50,GRO,GGRO,Pseudokirchneriella subcapitata,Green Alga,Chlorophyta,Chlorophyceae,Sphaeropleales,Selenastraceae,Pseudokirchneriella,Algae;Standard Test Species,72.0,FW,,,,2009.0,japan_moe_official_summary,dsstox_casrn,unclassified,65.0,mg/L,0.0007730548750029,-3.1117896767606967,84.082,,True,False,1,1,,,,0.0,,,,official_summary_table,not specified in summary,test material,growth rate,True,True,,,,,,,,,,,,,,,,,,,,,,,,,,,,,,,,,,,,,japan_moe_61-82-5_algae_72_96h_ec50_p1_r18,Japan_MOE_official_summary,official_summary_source,MOE:1:18:algae_72_96h_ec50,65.0,False,,,official_summary_source,official_summary_not_individual_report_reviewed,https://www.env.go.jp/content/000316616.pdf,1.0,18.0
japan_moe__japan_moe_611-19-8_algae_72_96h_ec50_p22_r2,611-19-8,2-Chlorobenzyl chloride,611-19-8,DTXSID3027241,ClCC1=CC=CC=C1Cl,BASMANVIUSSIIM-UHFFFAOYSA-N,algae_72_96h_ec50,EC50,GRO,GGRO,Pseudokirchneriella subcapitata,Green Alga,Chlorophyta,Chlorophyceae,Sphaeropleales,Selenastraceae,Pseudokirchneriella,Algae;Standard Test Species,72.0,FW,,,,1998.0,japan_moe_official_summary,dsstox_casrn,unclassified,1.2,mg/L,7.45198129552695e-06,-5.127728243853577,161.03099999999995,,True,False,1,1,,,,0.0,,,,official_summary_table,not specified in summary,test material,growth rate,True,True,,,,,,,,,,,,,,,,,,,,,,,,,,,,,,,,,,,,,japan_moe_611-19-8_algae_72_96h_ec50_p22_r2,Japan_MOE_official_summary,official_summary_source,MOE:22:2:algae_72_96h_ec50,1.2,False,,,official_summary_source,official_summary_not_individual_report_reviewed,https://www.env.go.jp/content/000316616.pdf,22.0,2.0
japan_moe__japan_moe_611-19-8_daphnia_48h_ec50_p22_r2,611-19-8,2-Chlorobenzyl chloride,611-19-8,DTXSID3027241,ClCC1=CC=CC=C1Cl,BASMANVIUSSIIM-UHFFFAOYSA-N,daphnia_48h_ec50,EC50,ITX,IMBL,Daphnia magna,Water Flea,Arthropoda,Branchiopoda,Diplostraca,Daphniidae,Daphnia,Crustaceans;Standard Test Species,48.0,FW,,,,1998.0,japan_moe_official_summary,dsstox_casrn,unclassified,0.38,mg/L,2.359794076916868e-06,-5.627125893284391,161.03099999999995,,True,False,1,1,,,,0.0,,,,official_summary_table,not specified in summary,test material,immobilisation (Japanese table header: acute swimming inhibition),True,True,,,,,,,,,,,,,,,,,,,,,,,,,,,,,,,,,,,,,japan_moe_611-19-8_daphnia_48h_ec50_p22_r2,Japan_MOE_official_summary,official_summary_source,MOE:22:2:daphnia_48h_ec50,0.38,False,,,official_summary_source,official_summary_not_individual_report_reviewed,https://www.env.go.jp/content/000316616.pdf,22.0,2.0
japan_moe__japan_moe_611-19-8_fish_96h_lc50_p22_r2,611-19-8,2-Chlorobenzyl chloride,611-19-8,DTXSID3027241,ClCC1=CC=CC=C1Cl,BASMANVIUSSIIM-UHFFFAOYSA-N,fish_96h_lc50,LC50,MOR,MORT,Oryzias latipes,Japanese Medaka,Chordata,Actinopterygii,Beloniformes,Adrianichthyidae,Oryzias,Fish;Standard Test Species,96.0,FW,,,,1998.0,japan_moe_official_summary,dsstox_casrn,unclassified,0.27,mg/L,1.6766957914935638e-06,-5.775545725742214,161.03099999999995,,True,False,1,1,,,,0.0,,,,official_summary_table,not specified in summary,test material,mortality,True,True,,,,,,,,,,,,,,,,,,,,,,,,,,,,,,,,,,,,,japan_moe_611-19-8_fish_96h_lc50_p22_r2,Japan_MOE_official_summary,official_summary_source,MOE:22:2:fish_96h_lc50,0.27,False,,,official_summary_source,official_summary_not_individual_report_reviewed,https://www.env.go.jp/content/000316616.pdf,22.0,2.0
japan_moe__japan_moe_6117-91-5_daphnia_48h_ec50_p28_r2,6117-91-5,2-Buten-1-ol,6117-91-5,DTXSID2052283,CC=CCO,WCASXYBKJHWFMY-UHFFFAOYSA-N,daphnia_48h_ec50,EC50,ITX,IMBL,Daphnia magna,Water Flea,Arthropoda,Branchiopoda,Diplostraca,Daphniidae,Daphnia,Crustaceans;Standard Test Species,48.0,FW,,,,2006.0,japan_moe_official_summary,dsstox_casrn,unclassified,5.6,mg/L,7.766236287739055e-05,-4.109789400179346,72.107,,True,False,1,1,,,,0.0,,,,official_summary_table,not specified in summary,test material,immobilisation (Japanese table header: acute swimming inhibition),True,True,,,,,,,,,,,,,,,,,,,,,,,,,,,,,,,,,,,,,japan_moe_6117-91-5_daphnia_48h_ec50_p28_r2,Japan_MOE_official_summary,official_summary_source,MOE:28:2:daphnia_48h_ec50,5.6,False,,,official_summary_source,official_summary_not_individual_report_reviewed,https://www.env.go.jp/content/000316616.pdf,28.0,2.0
japan_moe__japan_moe_6117-91-5_fish_96h_lc50_p28_r2,6117-91-5,2-Buten-1-ol,6117-91-5,DTXSID2052283,CC=CCO,WCASXYBKJHWFMY-UHFFFAOYSA-N,fish_96h_lc50,LC50,MOR,MORT,Oryzias latipes,Japanese Medaka,Chordata,Actinopterygii,Beloniformes,Adrianichthyidae,Oryzias,Fish;Standard Test Species,96.0,FW,,,,2006.0,japan_moe_official_summary,dsstox_casrn,unclassified,4.0,mg/L,5.5473116340993245e-05,-4.255917435857584,72.107,,True,False,1,1,,,,0.0,,,,official_summary_table,not specified in summary,test material,mortality,True,True,,,,,,,,,,,,,,,,,,,,,,,,,,,,,,,,,,,,,japan_moe_6117-91-5_fish_96h_lc50_p28_r2,Japan_MOE_official_summary,official_summary_source,MOE:28:2:fish_96h_lc50,4.0,False,,,official_summary_source,official_summary_not_individual_report_reviewed,https://www.env.go.jp/content/000316616.pdf,28.0,2.0
japan_moe__japan_moe_615-58-7_algae_72_96h_ec50_p22_r3,615-58-7,"2,4-Dibromophenol",615-58-7,DTXSID1052290,OC1=C(Br)C=C(Br)C=C1,FAXWFCTVSHEODL-UHFFFAOYSA-N,algae_72_96h_ec50,EC50,GRO,GGRO,Pseudokirchneriella subcapitata,Green Alga,Chlorophyta,Chlorophyceae,Sphaeropleales,Selenastraceae,Pseudokirchneriella,Algae;Standard Test Species,72.0,FW,,,,2005.0,japan_moe_official_summary,dsstox_casrn,unclassified,1.1,mg/L,4.366725551299101e-06,-5.3598441026291255,251.905,,True,False,1,1,,,,0.0,,,,official_summary_table,not specified in summary,test material,growth rate,True,True,,,,,,,,,,,,,,,,,,,,,,,,,,,,,,,,,,,,,japan_moe_615-58-7_algae_72_96h_ec50_p22_r3,Japan_MOE_official_summary,official_summary_source,MOE:22:3:algae_72_96h_ec50,1.1,False,,,official_summary_source,official_summary_not_individual_report_reviewed,https://www.env.go.jp/content/000316616.pdf,22.0,3.0
japan_moe__japan_moe_615-58-7_daphnia_48h_ec50_p22_r3,615-58-7,"2,4-Dibromophenol",615-58-7,DTXSID1052290,OC1=C(Br)C=C(Br)C=C1,FAXWFCTVSHEODL-UHFFFAOYSA-N,daphnia_48h_ec50,EC50,ITX,IMBL,Daphnia magna,Water Flea,Arthropoda,Branchiopoda,Diplostraca,Daphniidae,Daphnia,Crustaceans;Standard Test Species,48.0,FW,,,,2005.0,japan_moe_official_summary,dsstox_casrn,unclassified,2.1,mg/L,8.336476052480103e-06,-5.079017493053431,251.905,,True,False,1,1,,,,0.0,,,,official_summary_table,not specified in summary,test material,immobilisation (Japanese table header: acute swimming inhibition),True,True,,,,,,,,,,,,,,,,,,,,,,,,,,,,,,,,,,,,,japan_moe_615-58-7_daphnia_48h_ec50_p22_r3,Japan_MOE_official_summary,official_summary_source,MOE:22:3:daphnia_48h_ec50,2.1,False,,,official_summary_source,official_summary_not_individual_report_reviewed,https://www.env.go.jp/content/000316616.pdf,22.0,3.0
japan_moe__japan_moe_615-58-7_fish_96h_lc50_p22_r3,615-58-7,"2,4-Dibromophenol",615-58-7,DTXSID1052290,OC1=C(Br)C=C(Br)C=C1,FAXWFCTVSHEODL-UHFFFAOYSA-N,fish_96h_lc50,LC50,MOR,MORT,Oryzias latipes,Japanese Medaka,Chordata,Actinopterygii,Beloniformes,Adrianichthyidae,Oryzias,Fish;Standard Test Species,96.0,FW,,,,2005.0,japan_moe_official_summary,dsstox_casrn,unclassified,3.6,mg/L,1.4291101804251602e-05,-4.844934287020063,251.905,,True,False,1,1,,,,0.0,,,,official_summary_table,not specified in summary,test material,mortality,True,True,,,,,,,,,,,,,,,,,,,,,,,,,,,,,,,,,,,,,japan_moe_615-58-7_fish_96h_lc50_p22_r3,Japan_MOE_official_summary,official_summary_source,MOE:22:3:fish_96h_lc50,3.6,False,,,official_summary_source,official_summary_not_individual_report_reviewed,https://www.env.go.jp/content/000316616.pdf,22.0,3.0
japan_moe__japan_moe_6165-51-1_daphnia_48h_ec50_p28_r4,6165-51-1,2-(1-Phenylethyl)-p-xylene,6165-51-1,DTXSID30879781,CC(C1=CC=CC=C1)C1=CC(C)=CC=C1C,FRAOOIFTSMORED-UHFFFAOYSA-N,daphnia_48h_ec50,EC50,ITX,IMBL,Daphnia magna,Water Flea,Arthropoda,Branchiopoda,Diplostraca,Daphniidae,Daphnia,Crustaceans;Standard Test Species,48.0,FW,,,,1999.0,japan_moe_official_summary,dsstox_casrn,unclassified,0.25,mg/L,1.188664891593762e-06,-5.924940564426269,210.32,,True,False,1,1,,,,0.0,,,,official_summary_table,not specified in summary,test material,immobilisation (Japanese table header: acute swimming inhibition),True,True,,,,,,,,,,,,,,,,,,,,,,,,,,,,,,,,,,,,,japan_moe_6165-51-1_daphnia_48h_ec50_p28_r4,Japan_MOE_official_summary,official_summary_source,MOE:28:4:daphnia_48h_ec50,0.25,False,,,official_summary_source,official_summary_not_individual_report_reviewed,https://www.env.go.jp/content/000316616.pdf,28.0,4.0
japan_moe__japan_moe_6165-51-1_fish_96h_lc50_p28_r4,6165-51-1,2-(1-Phenylethyl)-p-xylene,6165-51-1,DTXSID30879781,CC(C1=CC=CC=C1)C1=CC(C)=CC=C1C,FRAOOIFTSMORED-UHFFFAOYSA-N,fish_96h_lc50,LC50,MOR,MORT,Oryzias latipes,Japanese Medaka,Chordata,Actinopterygii,Beloniformes,Adrianichthyidae,Oryzias,Fish;Standard Test Species,96.0,FW,,,,1999.0,japan_moe_official_summary,dsstox_casrn,unclassified,0.31,mg/L,1.4739444655762647e-06,-5.831518879264034,210.32,,True,False,1,1,,,,0.0,,,,official_summary_table,not specified in summary,test material,mortality,True,True,,,,,,,,,,,,,,,,,,,,,,,,,,,,,,,,,,,,,japan_moe_6165-51-1_fish_96h_lc50_p28_r4,Japan_MOE_official_summary,official_summary_source,MOE:28:4:fish_96h_lc50,0.31,False,,,official_summary_source,official_summary_not_individual_report_reviewed,https://www.env.go.jp/content/000316616.pdf,28.0,4.0
japan_moe__japan_moe_619-24-9_daphnia_48h_ec50_p22_r4,619-24-9,3-Nitrobenzonitrile,619-24-9,DTXSID5060697,[O-][N+](=O)C1=CC(=CC=C1)C#N,RUSAWEHOGCWOPG-UHFFFAOYSA-N,daphnia_48h_ec50,EC50,ITX,IMBL,Daphnia magna,Water Flea,Arthropoda,Branchiopoda,Diplostraca,Daphniidae,Daphnia,Crustaceans;Standard Test Species,48.0,FW,,,,2005.0,japan_moe_official_summary,dsstox_casrn,unclassified,92.0,mg/L,0.0006211138191073,-3.2068288080667937,148.12099999999998,,True,False,1,1,,,,0.0,,,,official_summary_table,not specified in summary,test material,immobilisation (Japanese table header: acute swimming inhibition),True,True,,,,,,,,,,,,,,,,,,,,,,,,,,,,,,,,,,,,,japan_moe_619-24-9_daphnia_48h_ec50_p22_r4,Japan_MOE_official_summary,official_summary_source,MOE:22:4:daphnia_48h_ec50,92.0,False,,,official_summary_source,official_summary_not_individual_report_reviewed,https://www.env.go.jp/content/000316616.pdf,22.0,4.0
japan_moe__japan_moe_619-24-9_fish_96h_lc50_p22_r4,619-24-9,3-Nitrobenzonitrile,619-24-9,DTXSID5060697,[O-][N+](=O)C1=CC(=CC=C1)C#N,RUSAWEHOGCWOPG-UHFFFAOYSA-N,fish_96h_lc50,LC50,MOR,MORT,Oryzias latipes,Japanese Medaka,Chordata,Actinopterygii,Beloniformes,Adrianichthyidae,Oryzias,Fish;Standard Test Species,96.0,FW,,,,2005.0,japan_moe_official_summary,dsstox_casrn,unclassified,42.0,mg/L,0.0002835519608968,-3.5473673450144485,148.12099999999998,,True,False,1,1,,,,0.0,,,,official_summary_table,not specified in summary,test material,mortality,True,True,,,,,,,,,,,,,,,,,,,,,,,,,,,,,,,,,,,,,japan_moe_619-24-9_fish_96h_lc50_p22_r4,Japan_MOE_official_summary,official_summary_source,MOE:22:4:fish_96h_lc50,42.0,False,,,official_summary_source,official_summary_not_individual_report_reviewed,https://www.env.go.jp/content/000316616.pdf,22.0,4.0
japan_moe__japan_moe_62-53-3_algae_72_96h_ec50_p2_r1,62-53-3,Aniline,62-53-3,DTXSID8020090,NC1=CC=CC=C1,PAYRUJLWNCNPSJ-UHFFFAOYSA-N,algae_72_96h_ec50,EC50,GRO,GGRO,Pseudokirchneriella subcapitata,Green Alga,Chlorophyta,Chlorophyceae,Sphaeropleales,Selenastraceae,Pseudokirchneriella,Algae;Standard Test Species,72.0,FW,,,,1996.0,japan_moe_official_summary,dsstox_casrn,unclassified,110.0,mg/L,0.0011811573194171,-2.9276922544571327,93.129,,True,False,1,1,,,,0.0,,,,official_summary_table,not specified in summary,test material,growth rate,True,True,,,,,,,,,,,,,,,,,,,,,,,,,,,,,,,,,,,,,japan_moe_62-53-3_algae_72_96h_ec50_p2_r1,Japan_MOE_official_summary,official_summary_source,MOE:2:1:algae_72_96h_ec50,110.0,False,,,official_summary_source,official_summary_not_individual_report_reviewed,https://www.env.go.jp/content/000316616.pdf,2.0,1.0
japan_moe__japan_moe_62-53-3_daphnia_48h_ec50_p2_r1,62-53-3,Aniline,62-53-3,DTXSID8020090,NC1=CC=CC=C1,PAYRUJLWNCNPSJ-UHFFFAOYSA-N,daphnia_48h_ec50,EC50,ITX,IMBL,Daphnia magna,Water Flea,Arthropoda,Branchiopoda,Diplostraca,Daphniidae,Daphnia,Crustaceans;Standard Test Species,48.0,FW,,,,1996.0,japan_moe_official_summary,dsstox_casrn,unclassified,0.32,mg/L,3.4360940201226257e-06,-5.463934961295451,93.129,,True,False,1,1,,,,0.0,,,,official_summary_table,not specified in summary,test material,immobilisation (Japanese table header: acute swimming inhibition),True,True,,,,,,,,,,,,,,,,,,,,,,,,,,,,,,,,,,,,,japan_moe_62-53-3_daphnia_48h_ec50_p2_r1,Japan_MOE_official_summary,official_summary_source,MOE:2:1:daphnia_48h_ec50,0.32,False,,,official_summary_source,official_summary_not_individual_report_reviewed,https://www.env.go.jp/content/000316616.pdf,2.0,1.0
japan_moe__japan_moe_62-53-3_fish_96h_lc50_p2_r1,62-53-3,Aniline,62-53-3,DTXSID8020090,NC1=CC=CC=C1,PAYRUJLWNCNPSJ-UHFFFAOYSA-N,fish_96h_lc50,LC50,MOR,MORT,Oryzias latipes,Japanese Medaka,Chordata,Actinopterygii,Beloniformes,Adrianichthyidae,Oryzias,Fish;Standard Test Species,96.0,FW,,,,1996.0,japan_moe_official_summary,dsstox_casrn,unclassified,27.0,mg/L,0.0002899204329478,-3.5377211754563707,93.129,,True,False,1,1,,,,0.0,,,,official_summary_table,not specified in summary,test material,mortality,True,True,,,,,,,,,,,,,,,,,,,,,,,,,,,,,,,,,,,,,japan_moe_62-53-3_fish_96h_lc50_p2_r1,Japan_MOE_official_summary,official_summary_source,MOE:2:1:fish_96h_lc50,27.0,False,,,official_summary_source,official_summary_not_individual_report_reviewed,https://www.env.go.jp/content/000316616.pdf,2.0,1.0
japan_moe__japan_moe_62-56-6_daphnia_48h_ec50_p2_r2,62-56-6,Thiourea,62-56-6,DTXSID9021348,NC(N)=S,UMGDCJDMYOKAJW-UHFFFAOYSA-N,daphnia_48h_ec50,EC50,ITX,IMBL,Daphnia magna,Water Flea,Arthropoda,Branchiopoda,Diplostraca,Daphniidae,Daphnia,Crustaceans;Standard Test Species,48.0,FW,,,,2002.0,japan_moe_official_summary,dsstox_casrn,unclassified,16.0,mg/L,0.0002101833850034,-3.677401617929711,76.124,,True,False,1,1,,,,0.0,,,,official_summary_table,not specified in summary,test material,immobilisation (Japanese table header: acute swimming inhibition),True,True,,,,,,,,,,,,,,,,,,,,,,,,,,,,,,,,,,,,,japan_moe_62-56-6_daphnia_48h_ec50_p2_r2,Japan_MOE_official_summary,official_summary_source,MOE:2:2:daphnia_48h_ec50,16.0,False,,,official_summary_source,official_summary_not_individual_report_reviewed,https://www.env.go.jp/content/000316616.pdf,2.0,2.0
japan_moe__japan_moe_620-92-8_algae_72_96h_ec50_p22_r5,620-92-8,"4,4'-Dihydroxydiphenylmethane",620-92-8,DTXSID9022445,OC1=CC=C(CC2=CC=C(O)C=C2)C=C1,PXKLMJQFEQBVLD-UHFFFAOYSA-N,algae_72_96h_ec50,EC50,GRO,GGRO,Pseudokirchneriella subcapitata,Green Alga,Chlorophyta,Chlorophyceae,Sphaeropleales,Selenastraceae,Pseudokirchneriella,Algae;Standard Test Species,72.0,FW,,,,2005.0,japan_moe_official_summary,dsstox_casrn,unclassified,16.0,mg/L,7.990531220503704e-05,-4.097424347286203,200.237,,True,False,1,1,,,,0.0,,,,official_summary_table,not specified in summary,test material,growth rate,True,True,,,,,,,,,,,,,,,,,,,,,,,,,,,,,,,,,,,,,japan_moe_620-92-8_algae_72_96h_ec50_p22_r5,Japan_MOE_official_summary,official_summary_source,MOE:22:5:algae_72_96h_ec50,16.0,False,,,official_summary_source,official_summary_not_individual_report_reviewed,https://www.env.go.jp/content/000316616.pdf,22.0,5.0
japan_moe__japan_moe_620-92-8_daphnia_48h_ec50_p22_r5,620-92-8,"4,4'-Dihydroxydiphenylmethane",620-92-8,DTXSID9022445,OC1=CC=C(CC2=CC=C(O)C=C2)C=C1,PXKLMJQFEQBVLD-UHFFFAOYSA-N,daphnia_48h_ec50,EC50,ITX,IMBL,Daphnia magna,Water Flea,Arthropoda,Branchiopoda,Diplostraca,Daphniidae,Daphnia,Crustaceans;Standard Test Species,48.0,FW,,,,2005.0,japan_moe_official_summary,dsstox_casrn,unclassified,12.0,mg/L,5.992898415377778e-05,-4.222363083894503,200.237,,True,False,1,1,,,,0.0,,,,official_summary_table,not specified in summary,test material,immobilisation (Japanese table header: acute swimming inhibition),True,True,,,,,,,,,,,,,,,,,,,,,,,,,,,,,,,,,,,,,japan_moe_620-92-8_daphnia_48h_ec50_p22_r5,Japan_MOE_official_summary,official_summary_source,MOE:22:5:daphnia_48h_ec50,12.0,False,,,official_summary_source,official_summary_not_individual_report_reviewed,https://www.env.go.jp/content/000316616.pdf,22.0,5.0
japan_moe__japan_moe_620-92-8_fish_96h_lc50_p22_r5,620-92-8,"4,4'-Dihydroxydiphenylmethane",620-92-8,DTXSID9022445,OC1=CC=C(CC2=CC=C(O)C=C2)C=C1,PXKLMJQFEQBVLD-UHFFFAOYSA-N,fish_96h_lc50,LC50,MOR,MORT,Oryzias latipes,Japanese Medaka,Chordata,Actinopterygii,Beloniformes,Adrianichthyidae,Oryzias,Fish;Standard Test Species,96.0,FW,,,,2005.0,japan_moe_official_summary,dsstox_casrn,unclassified,13.0,mg/L,6.492306616659259e-05,-4.187600977635291,200.237,,True,False,1,1,,,,0.0,,,,official_summary_table,not specified in summary,test material,mortality,True,True,,,,,,,,,,,,,,,,,,,,,,,,,,,,,,,,,,,,,japan_moe_620-92-8_fish_96h_lc50_p22_r5,Japan_MOE_official_summary,official_summary_source,MOE:22:5:fish_96h_lc50,13.0,False,,,official_summary_source,official_summary_not_individual_report_reviewed,https://www.env.go.jp/content/000316616.pdf,22.0,5.0
japan_moe__japan_moe_620-93-9_algae_72_96h_ec50_p22_r6,620-93-9,Di-p-tolylamine,620-93-9,DTXSID5060726,CC1=CC=C(NC2=CC=C(C)C=C2)C=C1,RHPVVNRNAHRJOQ-UHFFFAOYSA-N,algae_72_96h_ec50,EC50,GRO,GGRO,Pseudokirchneriella subcapitata,Green Alga,Chlorophyta,Chlorophyceae,Sphaeropleales,Selenastraceae,Pseudokirchneriella,Algae;Standard Test Species,72.0,FW,,,,2001.0,japan_moe_official_summary,dsstox_casrn,unclassified,0.14,mg/L,7.096476599368415e-07,-6.148957224979446,197.281,,True,False,1,1,,,,0.0,,,,official_summary_table,not specified in summary,test material,growth rate,True,True,,,,,,,,,,,,,,,,,,,,,,,,,,,,,,,,,,,,,japan_moe_620-93-9_algae_72_96h_ec50_p22_r6,Japan_MOE_official_summary,official_summary_source,MOE:22:6:algae_72_96h_ec50,0.14,False,,,official_summary_source,official_summary_not_individual_report_reviewed,https://www.env.go.jp/content/000316616.pdf,22.0,6.0
japan_moe__japan_moe_620-93-9_daphnia_48h_ec50_p22_r6,620-93-9,Di-p-tolylamine,620-93-9,DTXSID5060726,CC1=CC=C(NC2=CC=C(C)C=C2)C=C1,RHPVVNRNAHRJOQ-UHFFFAOYSA-N,daphnia_48h_ec50,EC50,ITX,IMBL,Daphnia magna,Water Flea,Arthropoda,Branchiopoda,Diplostraca,Daphniidae,Daphnia,Crustaceans;Standard Test Species,48.0,FW,,,,2001.0,japan_moe_official_summary,dsstox_casrn,unclassified,0.4,mg/L,2.0275647426766896e-06,-5.693025269329722,197.281,,True,False,1,1,,,,0.0,,,,official_summary_table,not specified in summary,test material,immobilisation (Japanese table header: acute swimming inhibition),True,True,,,,,,,,,,,,,,,,,,,,,,,,,,,,,,,,,,,,,japan_moe_620-93-9_daphnia_48h_ec50_p22_r6,Japan_MOE_official_summary,official_summary_source,MOE:22:6:daphnia_48h_ec50,0.4,False,,,official_summary_source,official_summary_not_individual_report_reviewed,https://www.env.go.jp/content/000316616.pdf,22.0,6.0
japan_moe__japan_moe_620-93-9_fish_96h_lc50_p22_r6,620-93-9,Di-p-tolylamine,620-93-9,DTXSID5060726,CC1=CC=C(NC2=CC=C(C)C=C2)C=C1,RHPVVNRNAHRJOQ-UHFFFAOYSA-N,fish_96h_lc50,LC50,MOR,MORT,Oryzias latipes,Japanese Medaka,Chordata,Actinopterygii,Beloniformes,Adrianichthyidae,Oryzias,Fish;Standard Test Species,96.0,FW,,,,2001.0,japan_moe_official_summary,dsstox_casrn,unclassified,0.43,mg/L,2.1796320983774413e-06,-5.661616805078098,197.281,,True,False,1,1,,,,0.0,,,,official_summary_table,not specified in summary,test material,mortality,True,True,,,,,,,,,,,,,,,,,,,,,,,,,,,,,,,,,,,,,japan_moe_620-93-9_fish_96h_lc50_p22_r6,Japan_MOE_official_summary,official_summary_source,MOE:22:6:fish_96h_lc50,0.43,False,,,official_summary_source,official_summary_not_individual_report_reviewed,https://www.env.go.jp/content/000316616.pdf,22.0,6.0
japan_moe__japan_moe_623-15-4_daphnia_48h_ec50_p22_r7,623-15-4,4-(2-Furyl)but-3-en-2-one,623-15-4,DTXSID2025345,CC(=O)C=CC1=CC=CO1,GBKGJMYPQZODMI-UHFFFAOYSA-N,daphnia_48h_ec50,EC50,ITX,IMBL,Daphnia magna,Water Flea,Arthropoda,Branchiopoda,Diplostraca,Daphniidae,Daphnia,Crustaceans;Standard Test Species,48.0,FW,,,,2005.0,japan_moe_official_summary,dsstox_casrn,unclassified,13.0,mg/L,9.54829232464194e-05,-4.020074293369147,136.14999999999998,,True,False,1,1,,,,0.0,,,,official_summary_table,not specified in summary,test material,immobilisation (Japanese table header: acute swimming inhibition),True,True,,,,,,,,,,,,,,,,,,,,,,,,,,,,,,,,,,,,,japan_moe_623-15-4_daphnia_48h_ec50_p22_r7,Japan_MOE_official_summary,official_summary_source,MOE:22:7:daphnia_48h_ec50,13.0,False,,,official_summary_source,official_summary_not_individual_report_reviewed,https://www.env.go.jp/content/000316616.pdf,22.0,7.0
japan_moe__japan_moe_623-15-4_fish_96h_lc50_p22_r7,623-15-4,4-(2-Furyl)but-3-en-2-one,623-15-4,DTXSID2025345,CC(=O)C=CC1=CC=CO1,GBKGJMYPQZODMI-UHFFFAOYSA-N,fish_96h_lc50,LC50,MOR,MORT,Oryzias latipes,Japanese Medaka,Chordata,Actinopterygii,Beloniformes,Adrianichthyidae,Oryzias,Fish;Standard Test Species,96.0,FW,,,,2005.0,japan_moe_official_summary,dsstox_casrn,unclassified,21.0,mg/L,0.0001542416452442,-3.811798350942064,136.14999999999998,,True,False,1,1,,,,0.0,,,,official_summary_table,not specified in summary,test material,mortality,True,True,,,,,,,,,,,,,,,,,,,,,,,,,,,,,,,,,,,,,japan_moe_623-15-4_fish_96h_lc50_p22_r7,Japan_MOE_official_summary,official_summary_source,MOE:22:7:fish_96h_lc50,21.0,False,,,official_summary_source,official_summary_not_individual_report_reviewed,https://www.env.go.jp/content/000316616.pdf,22.0,7.0
japan_moe__japan_moe_624-92-0_algae_72_96h_ec50_p22_r8,624-92-0,Dimethyl disulphide,624-92-0,DTXSID4025117,CSSC,WQOXQRCZOLPYPM-UHFFFAOYSA-N,algae_72_96h_ec50,EC50,GRO,GGRO,Pseudokirchneriella subcapitata,Green Alga,Chlorophyta,Chlorophyceae,Sphaeropleales,Selenastraceae,Pseudokirchneriella,Algae;Standard Test Species,72.0,FW,,,,1998.0,japan_moe_official_summary,dsstox_casrn,unclassified,29.0,mg/L,0.0003078425544562,-3.5116713458816697,94.204,,True,False,1,1,,,,0.0,,,,official_summary_table,not specified in summary,test material,growth rate,True,True,,,,,,,,,,,,,,,,,,,,,,,,,,,,,,,,,,,,,japan_moe_624-92-0_algae_72_96h_ec50_p22_r8,Japan_MOE_official_summary,official_summary_source,MOE:22:8:algae_72_96h_ec50,29.0,False,,,official_summary_source,official_summary_not_individual_report_reviewed,https://www.env.go.jp/content/000316616.pdf,22.0,8.0
japan_moe__japan_moe_624-92-0_daphnia_48h_ec50_p22_r8,624-92-0,Dimethyl disulphide,624-92-0,DTXSID4025117,CSSC,WQOXQRCZOLPYPM-UHFFFAOYSA-N,daphnia_48h_ec50,EC50,ITX,IMBL,Daphnia magna,Water Flea,Arthropoda,Branchiopoda,Diplostraca,Daphniidae,Daphnia,Crustaceans;Standard Test Species,48.0,FW,,,,1998.0,japan_moe_official_summary,dsstox_casrn,unclassified,5.7,mg/L,6.0506984841408016e-05,-4.218194488108134,94.204,,True,False,1,1,,,,0.0,,,,official_summary_table,not specified in summary,test material,immobilisation (Japanese table header: acute swimming inhibition),True,True,,,,,,,,,,,,,,,,,,,,,,,,,,,,,,,,,,,,,japan_moe_624-92-0_daphnia_48h_ec50_p22_r8,Japan_MOE_official_summary,official_summary_source,MOE:22:8:daphnia_48h_ec50,5.7,False,,,official_summary_source,official_summary_not_individual_report_reviewed,https://www.env.go.jp/content/000316616.pdf,22.0,8.0
japan_moe__japan_moe_624-92-0_fish_96h_lc50_p22_r8,624-92-0,Dimethyl disulphide,624-92-0,DTXSID4025117,CSSC,WQOXQRCZOLPYPM-UHFFFAOYSA-N,fish_96h_lc50,LC50,MOR,MORT,Oryzias latipes,Japanese Medaka,Chordata,Actinopterygii,Beloniformes,Adrianichthyidae,Oryzias,Fish;Standard Test Species,96.0,FW,,,,1998.0,japan_moe_official_summary,dsstox_casrn,unclassified,1.1,mg/L,1.1676786548341898e-05,-4.932676658622401,94.204,,True,False,1,1,,,,0.0,,,,official_summary_table,not specified in summary,test material,mortality,True,True,,,,,,,,,,,,,,,,,,,,,,,,,,,,,,,,,,,,,japan_moe_624-92-0_fish_96h_lc50_p22_r8,Japan_MOE_official_summary,official_summary_source,MOE:22:8:fish_96h_lc50,1.1,False,,,official_summary_source,official_summary_not_individual_report_reviewed,https://www.env.go.jp/content/000316616.pdf,22.0,8.0
japan_moe__japan_moe_629-40-3_algae_72_96h_ec50_p22_r9,629-40-3,Octanedinitrile,629-40-3,DTXSID7022097,N#CCCCCCCC#N,BTNXBLUGMAMSSH-UHFFFAOYSA-N,algae_72_96h_ec50,EC50,GRO,GGRO,Pseudokirchneriella subcapitata,Green Alga,Chlorophyta,Chlorophyceae,Sphaeropleales,Selenastraceae,Pseudokirchneriella,Algae;Standard Test Species,72.0,FW,,,,2010.0,japan_moe_official_summary,dsstox_casrn,unclassified,120.0,mg/L,0.0008810702066109,-3.0549894841771508,136.198,,True,False,1,1,,,,0.0,,,,official_summary_table,not specified in summary,test material,growth rate,True,True,,,,,,,,,,,,,,,,,,,,,,,,,,,,,,,,,,,,,japan_moe_629-40-3_algae_72_96h_ec50_p22_r9,Japan_MOE_official_summary,official_summary_source,MOE:22:9:algae_72_96h_ec50,120.0,False,,,official_summary_source,official_summary_not_individual_report_reviewed,https://www.env.go.jp/content/000316616.pdf,22.0,9.0
japan_moe__japan_moe_629-40-3_daphnia_48h_ec50_p22_r9,629-40-3,Octanedinitrile,629-40-3,DTXSID7022097,N#CCCCCCCC#N,BTNXBLUGMAMSSH-UHFFFAOYSA-N,daphnia_48h_ec50,EC50,ITX,IMBL,Daphnia magna,Water Flea,Arthropoda,Branchiopoda,Diplostraca,Daphniidae,Daphnia,Crustaceans;Standard Test Species,48.0,FW,,,,2010.0,japan_moe_official_summary,dsstox_casrn,unclassified,370.0,mg/L,0.0027166331370504,-2.5659690061577805,136.198,,True,False,1,1,,,,0.0,,,,official_summary_table,not specified in summary,test material,immobilisation (Japanese table header: acute swimming inhibition),True,True,,,,,,,,,,,,,,,,,,,,,,,,,,,,,,,,,,,,,japan_moe_629-40-3_daphnia_48h_ec50_p22_r9,Japan_MOE_official_summary,official_summary_source,MOE:22:9:daphnia_48h_ec50,370.0,False,,,official_summary_source,official_summary_not_individual_report_reviewed,https://www.env.go.jp/content/000316616.pdf,22.0,9.0
japan_moe__japan_moe_629-40-3_fish_96h_lc50_p22_r9,629-40-3,Octanedinitrile,629-40-3,DTXSID7022097,N#CCCCCCCC#N,BTNXBLUGMAMSSH-UHFFFAOYSA-N,fish_96h_lc50,LC50,MOR,MORT,Oryzias latipes,Japanese Medaka,Chordata,Actinopterygii,Beloniformes,Adrianichthyidae,Oryzias,Fish;Standard Test Species,96.0,FW,,,,2010.0,japan_moe_official_summary,dsstox_casrn,unclassified,550.0,mg/L,0.0040382384469669,-2.3938080407305318,136.198,,True,False,1,1,,,,0.0,,,,official_summary_table,not specified in summary,test material,mortality,True,True,,,,,,,,,,,,,,,,,,,,,,,,,,,,,,,,,,,,,japan_moe_629-40-3_fish_96h_lc50_p22_r9,Japan_MOE_official_summary,official_summary_source,MOE:22:9:fish_96h_lc50,550.0,False,,,official_summary_source,official_summary_not_individual_report_reviewed,https://www.env.go.jp/content/000316616.pdf,22.0,9.0
japan_moe__japan_moe_63-74-1_algae_72_96h_ec50_p2_r3,63-74-1,Sulphanilamide,63-74-1,DTXSID4023622,NC1=CC=C(C=C1)S(N)(=O)=O,FDDDEECHVMSUSB-UHFFFAOYSA-N,algae_72_96h_ec50,EC50,GRO,GGRO,Pseudokirchneriella subcapitata,Green Alga,Chlorophyta,Chlorophyceae,Sphaeropleales,Selenastraceae,Pseudokirchneriella,Algae;Standard Test Species,72.0,FW,,,,2007.0,japan_moe_official_summary,dsstox_casrn,unclassified,23.0,mg/L,0.0001335586409537,-3.8743280088247714,172.20899999999995,,True,False,1,1,,,,0.0,,,,official_summary_table,not specified in summary,test material,growth rate,True,True,,,,,,,,,,,,,,,,,,,,,,,,,,,,,,,,,,,,,japan_moe_63-74-1_algae_72_96h_ec50_p2_r3,Japan_MOE_official_summary,official_summary_source,MOE:2:3:algae_72_96h_ec50,23.0,False,,,official_summary_source,official_summary_not_individual_report_reviewed,https://www.env.go.jp/content/000316616.pdf,2.0,3.0
japan_moe__japan_moe_63-74-1_daphnia_48h_ec50_p2_r3,63-74-1,Sulphanilamide,63-74-1,DTXSID4023622,NC1=CC=C(C=C1)S(N)(=O)=O,FDDDEECHVMSUSB-UHFFFAOYSA-N,daphnia_48h_ec50,EC50,ITX,IMBL,Daphnia magna,Water Flea,Arthropoda,Branchiopoda,Diplostraca,Daphniidae,Daphnia,Crustaceans;Standard Test Species,48.0,FW,,,,2007.0,japan_moe_official_summary,dsstox_casrn,unclassified,13.0,mg/L,7.54896666260184e-05,-4.122112492535528,172.20899999999995,,True,False,1,1,,,,0.0,,,,official_summary_table,not specified in summary,test material,immobilisation (Japanese table header: acute swimming inhibition),True,True,,,,,,,,,,,,,,,,,,,,,,,,,,,,,,,,,,,,,japan_moe_63-74-1_daphnia_48h_ec50_p2_r3,Japan_MOE_official_summary,official_summary_source,MOE:2:3:daphnia_48h_ec50,13.0,False,,,official_summary_source,official_summary_not_individual_report_reviewed,https://www.env.go.jp/content/000316616.pdf,2.0,3.0
japan_moe__japan_moe_634-93-5_algae_72_96h_ec50_p22_r10,634-93-5,"2,4,6-Trichloroaniline",634-93-5,DTXSID6021379,NC1=C(Cl)C=C(Cl)C=C1Cl,NATVSFWWYVJTAZ-UHFFFAOYSA-N,algae_72_96h_ec50,EC50,GRO,GGRO,Pseudokirchneriella subcapitata,Green Alga,Chlorophyta,Chlorophyceae,Sphaeropleales,Selenastraceae,Pseudokirchneriella,Algae;Standard Test Species,72.0,FW,,,,2005.0,japan_moe_official_summary,dsstox_casrn,unclassified,3.7,mg/L,1.8832966853978337e-05,-4.725081257953862,196.464,,True,False,1,1,,,,0.0,,,,official_summary_table,not specified in summary,test material,growth rate,True,True,,,,,,,,,,,,,,,,,,,,,,,,,,,,,,,,,,,,,japan_moe_634-93-5_algae_72_96h_ec50_p22_r10,Japan_MOE_official_summary,official_summary_source,MOE:22:10:algae_72_96h_ec50,3.7,False,,,official_summary_source,official_summary_not_individual_report_reviewed,https://www.env.go.jp/content/000316616.pdf,22.0,10.0
japan_moe__japan_moe_634-93-5_daphnia_48h_ec50_p22_r10,634-93-5,"2,4,6-Trichloroaniline",634-93-5,DTXSID6021379,NC1=C(Cl)C=C(Cl)C=C1Cl,NATVSFWWYVJTAZ-UHFFFAOYSA-N,daphnia_48h_ec50,EC50,ITX,IMBL,Daphnia magna,Water Flea,Arthropoda,Branchiopoda,Diplostraca,Daphniidae,Daphnia,Crustaceans;Standard Test Species,48.0,FW,,,,2005.0,japan_moe_official_summary,dsstox_casrn,unclassified,4.3,mg/L,2.18869614789478e-05,-4.65981452644127,196.464,,True,False,1,1,,,,0.0,,,,official_summary_table,not specified in summary,test material,immobilisation (Japanese table header: acute swimming inhibition),True,True,,,,,,,,,,,,,,,,,,,,,,,,,,,,,,,,,,,,,japan_moe_634-93-5_daphnia_48h_ec50_p22_r10,Japan_MOE_official_summary,official_summary_source,MOE:22:10:daphnia_48h_ec50,4.3,False,,,official_summary_source,official_summary_not_individual_report_reviewed,https://www.env.go.jp/content/000316616.pdf,22.0,10.0
japan_moe__japan_moe_634-93-5_fish_96h_lc50_p22_r10,634-93-5,"2,4,6-Trichloroaniline",634-93-5,DTXSID6021379,NC1=C(Cl)C=C(Cl)C=C1Cl,NATVSFWWYVJTAZ-UHFFFAOYSA-N,fish_96h_lc50,LC50,MOR,MORT,Oryzias latipes,Japanese Medaka,Chordata,Actinopterygii,Beloniformes,Adrianichthyidae,Oryzias,Fish;Standard Test Species,96.0,FW,,,,2005.0,japan_moe_official_summary,dsstox_casrn,unclassified,5.3,mg/L,2.6976952520563564e-05,-4.569007112420068,196.464,,True,False,1,1,,,,0.0,,,,official_summary_table,not specified in summary,test material,mortality,True,True,,,,,,,,,,,,,,,,,,,,,,,,,,,,,,,,,,,,,japan_moe_634-93-5_fish_96h_lc50_p22_r10,Japan_MOE_official_summary,official_summary_source,MOE:22:10:fish_96h_lc50,5.3,False,,,official_summary_source,official_summary_not_individual_report_reviewed,https://www.env.go.jp/content/000316616.pdf,22.0,10.0
japan_moe__japan_moe_6362-80-7_daphnia_48h_ec50_p28_r5,6362-80-7,"2,4-Diphenyl-4-methylpentene-1",6362-80-7,DTXSID3044253,CC(C)(CC(=C)C1=CC=CC=C1)C1=CC=CC=C1,ZOKCNEIWFQCSCM-UHFFFAOYSA-N,daphnia_48h_ec50,EC50,ITX,IMBL,Daphnia magna,Water Flea,Arthropoda,Branchiopoda,Diplostraca,Daphniidae,Daphnia,Crustaceans;Standard Test Species,48.0,FW,,,,2004.0,japan_moe_official_summary,dsstox_casrn,unclassified,0.057,mg/L,2.411595968826949e-07,-6.617695450763591,236.35800000000003,,True,False,1,1,,,,0.0,,,,official_summary_table,not specified in summary,test material,immobilisation (Japanese table header: acute swimming inhibition),True,True,,,,,,,,,,,,,,,,,,,,,,,,,,,,,,,,,,,,,japan_moe_6362-80-7_daphnia_48h_ec50_p28_r5,Japan_MOE_official_summary,official_summary_source,MOE:28:5:daphnia_48h_ec50,0.057,False,,,official_summary_source,official_summary_not_individual_report_reviewed,https://www.env.go.jp/content/000316616.pdf,28.0,5.0
japan_moe__japan_moe_638-16-4_daphnia_48h_ec50_p22_r11,638-16-4,"1,3,5-Triazine-2,4,6-trithiol",638-16-4,DTXSID3045067,S=C1NC(=S)NC(=S)N1,WZRRRFSJFQTGGB-UHFFFAOYSA-N,daphnia_48h_ec50,EC50,ITX,IMBL,Daphnia magna,Water Flea,Arthropoda,Branchiopoda,Diplostraca,Daphniidae,Daphnia,Crustaceans;Standard Test Species,48.0,FW,,,,2005.0,japan_moe_official_summary,dsstox_casrn,unclassified,38.0,mg/L,0.0002143513896174,-3.668873696658812,177.27900000000002,,True,False,1,1,,,,0.0,,,,official_summary_table,not specified in summary,test material,immobilisation (Japanese table header: acute swimming inhibition),True,True,,,,,,,,,,,,,,,,,,,,,,,,,,,,,,,,,,,,,japan_moe_638-16-4_daphnia_48h_ec50_p22_r11,Japan_MOE_official_summary,official_summary_source,MOE:22:11:daphnia_48h_ec50,38.0,False,,,official_summary_source,official_summary_not_individual_report_reviewed,https://www.env.go.jp/content/000316616.pdf,22.0,11.0
japan_moe__japan_moe_674-82-8_algae_72_96h_ec50_p22_r13,674-82-8,But-3-en-3-olide,674-82-8,DTXSID9027289,C=C1CC(=O)O1,WASQWSOJHCZDFK-UHFFFAOYSA-N,algae_72_96h_ec50,EC50,GRO,GGRO,Pseudokirchneriella subcapitata,Green Alga,Chlorophyta,Chlorophyceae,Sphaeropleales,Selenastraceae,Pseudokirchneriella,Algae;Standard Test Species,72.0,FW,,,,1998.0,japan_moe_official_summary,dsstox_casrn,unclassified,6.9,mg/L,8.207055689035851e-05,-4.085812619658402,84.07399999999998,,True,False,1,1,,,,0.0,,,,official_summary_table,not specified in summary,test material,growth rate,True,True,,,,,,,,,,,,,,,,,,,,,,,,,,,,,,,,,,,,,japan_moe_674-82-8_algae_72_96h_ec50_p22_r13,Japan_MOE_official_summary,official_summary_source,MOE:22:13:algae_72_96h_ec50,6.9,False,,,official_summary_source,official_summary_not_individual_report_reviewed,https://www.env.go.jp/content/000316616.pdf,22.0,13.0
japan_moe__japan_moe_674-82-8_daphnia_48h_ec50_p22_r13,674-82-8,But-3-en-3-olide,674-82-8,DTXSID9027289,C=C1CC(=O)O1,WASQWSOJHCZDFK-UHFFFAOYSA-N,daphnia_48h_ec50,EC50,ITX,IMBL,Daphnia magna,Water Flea,Arthropoda,Branchiopoda,Diplostraca,Daphniidae,Daphnia,Crustaceans;Standard Test Species,48.0,FW,,,,1998.0,japan_moe_official_summary,dsstox_casrn,unclassified,2.6,mg/L,3.092513737897567e-05,-4.509688362424839,84.07399999999998,,True,False,1,1,,,,0.0,,,,official_summary_table,not specified in summary,test material,immobilisation (Japanese table header: acute swimming inhibition),True,True,,,,,,,,,,,,,,,,,,,,,,,,,,,,,,,,,,,,,japan_moe_674-82-8_daphnia_48h_ec50_p22_r13,Japan_MOE_official_summary,official_summary_source,MOE:22:13:daphnia_48h_ec50,2.6,False,,,official_summary_source,official_summary_not_individual_report_reviewed,https://www.env.go.jp/content/000316616.pdf,22.0,13.0
japan_moe__japan_moe_674-82-8_fish_96h_lc50_p22_r13,674-82-8,But-3-en-3-olide,674-82-8,DTXSID9027289,C=C1CC(=O)O1,WASQWSOJHCZDFK-UHFFFAOYSA-N,fish_96h_lc50,LC50,MOR,MORT,Oryzias latipes,Japanese Medaka,Chordata,Actinopterygii,Beloniformes,Adrianichthyidae,Oryzias,Fish;Standard Test Species,96.0,FW,,,,1998.0,japan_moe_official_summary,dsstox_casrn,unclassified,8.8,mg/L,0.0001046696957442,-3.980179038245488,84.07399999999998,,True,False,1,1,,,,0.0,,,,official_summary_table,not specified in summary,test material,mortality,True,True,,,,,,,,,,,,,,,,,,,,,,,,,,,,,,,,,,,,,japan_moe_674-82-8_fish_96h_lc50_p22_r13,Japan_MOE_official_summary,official_summary_source,MOE:22:13:fish_96h_lc50,8.8,False,,,official_summary_source,official_summary_not_individual_report_reviewed,https://www.env.go.jp/content/000316616.pdf,22.0,13.0
japan_moe__japan_moe_68-11-1_daphnia_48h_ec50_p2_r7,68-11-1,Mercaptoacetic acid,68-11-1,DTXSID8026141,OC(=O)CS,CWERGRDVMFNCDR-UHFFFAOYSA-N,daphnia_48h_ec50,EC50,ITX,IMBL,Daphnia magna,Water Flea,Arthropoda,Branchiopoda,Diplostraca,Daphniidae,Daphnia,Crustaceans;Standard Test Species,48.0,FW,,,,1998.0,japan_moe_official_summary,dsstox_casrn,unclassified,36.0,mg/L,0.0003907988579988,-3.4080467140563964,92.119,,True,False,1,1,,,,0.0,,,,official_summary_table,not specified in summary,test material,immobilisation (Japanese table header: acute swimming inhibition),True,True,,,,,,,,,,,,,,,,,,,,,,,,,,,,,,,,,,,,,japan_moe_68-11-1_daphnia_48h_ec50_p2_r7,Japan_MOE_official_summary,official_summary_source,MOE:2:7:daphnia_48h_ec50,36.0,False,,,official_summary_source,official_summary_not_individual_report_reviewed,https://www.env.go.jp/content/000316616.pdf,2.0,7.0
japan_moe__japan_moe_68-11-1_fish_96h_lc50_p2_r7,68-11-1,Mercaptoacetic acid,68-11-1,DTXSID8026141,OC(=O)CS,CWERGRDVMFNCDR-UHFFFAOYSA-N,fish_96h_lc50,LC50,MOR,MORT,Oryzias latipes,Japanese Medaka,Chordata,Actinopterygii,Beloniformes,Adrianichthyidae,Oryzias,Fish;Standard Test Species,96.0,FW,,,,1998.0,japan_moe_official_summary,dsstox_casrn,unclassified,40.0,mg/L,0.0004342209533321,-3.362289223495721,92.119,,True,False,1,1,,,,0.0,,,,official_summary_table,not specified in summary,test material,mortality,True,True,,,,,,,,,,,,,,,,,,,,,,,,,,,,,,,,,,,,,japan_moe_68-11-1_fish_96h_lc50_p2_r7,Japan_MOE_official_summary,official_summary_source,MOE:2:7:fish_96h_lc50,40.0,False,,,official_summary_source,official_summary_not_individual_report_reviewed,https://www.env.go.jp/content/000316616.pdf,2.0,7.0
japan_moe__japan_moe_6807-17-6_daphnia_48h_ec50_p28_r7,6807-17-6,"4,4-Isobutylethylidendiphenol",6807-17-6,DTXSID8029282,CC(C)CC(C)(C1=CC=C(O)C=C1)C1=CC=C(O)C=C1,VHLLJTHDWPAQEM-UHFFFAOYSA-N,daphnia_48h_ec50,EC50,ITX,IMBL,Daphnia magna,Water Flea,Arthropoda,Branchiopoda,Diplostraca,Daphniidae,Daphnia,Crustaceans;Standard Test Species,48.0,FW,,,,2000.0,japan_moe_official_summary,dsstox_casrn,unclassified,13.0,mg/L,4.8081901972097695e-05,-4.318018361312113,270.372,,True,False,1,1,,,,0.0,,,,official_summary_table,not specified in summary,test material,immobilisation (Japanese table header: acute swimming inhibition),True,True,,,,,,,,,,,,,,,,,,,,,,,,,,,,,,,,,,,,,japan_moe_6807-17-6_daphnia_48h_ec50_p28_r7,Japan_MOE_official_summary,official_summary_source,MOE:28:7:daphnia_48h_ec50,13.0,False,,,official_summary_source,official_summary_not_individual_report_reviewed,https://www.env.go.jp/content/000316616.pdf,28.0,7.0
japan_moe__japan_moe_6807-17-6_fish_96h_lc50_p28_r7,6807-17-6,"4,4-Isobutylethylidendiphenol",6807-17-6,DTXSID8029282,CC(C)CC(C)(C1=CC=C(O)C=C1)C1=CC=C(O)C=C1,VHLLJTHDWPAQEM-UHFFFAOYSA-N,fish_96h_lc50,LC50,MOR,MORT,Oryzias latipes,Japanese Medaka,Chordata,Actinopterygii,Beloniformes,Adrianichthyidae,Oryzias,Fish;Standard Test Species,96.0,FW,,,,2000.0,japan_moe_official_summary,dsstox_casrn,unclassified,2.7,mg/L,9.986241178820292e-06,-5.000597949459963,270.372,,True,False,1,1,,,,0.0,,,,official_summary_table,not specified in summary,test material,mortality,True,True,,,,,,,,,,,,,,,,,,,,,,,,,,,,,,,,,,,,,japan_moe_6807-17-6_fish_96h_lc50_p28_r7,Japan_MOE_official_summary,official_summary_source,MOE:28:7:fish_96h_lc50,2.7,False,,,official_summary_source,official_summary_not_individual_report_reviewed,https://www.env.go.jp/content/000316616.pdf,28.0,7.0
japan_moe__japan_moe_683-10-3_algae_72_96h_ec50_p22_r14,683-10-3,"1-Dodecanaminium, N-(carboxymethyl)- N,N-dimethyl-, inner salt",683-10-3,DTXSID6041266,CCCCCCCCCCCC[N+](C)(C)CC([O-])=O,DVEKCXOJTLDBFE-UHFFFAOYSA-N,algae_72_96h_ec50,EC50,GRO,GGRO,Pseudokirchneriella subcapitata,Green Alga,Chlorophyta,Chlorophyceae,Sphaeropleales,Selenastraceae,Pseudokirchneriella,Algae;Standard Test Species,72.0,FW,,,,2004.0,japan_moe_official_summary,dsstox_casrn,unclassified,3.8,mg/L,1.3999152682863935e-05,-4.853898249771246,271.44499999999994,,True,False,1,1,,,,0.0,,,,official_summary_table,not specified in summary,test material,growth rate,True,True,,,,,,,,,,,,,,,,,,,,,,,,,,,,,,,,,,,,,japan_moe_683-10-3_algae_72_96h_ec50_p22_r14,Japan_MOE_official_summary,official_summary_source,MOE:22:14:algae_72_96h_ec50,3.8,False,,,official_summary_source,official_summary_not_individual_report_reviewed,https://www.env.go.jp/content/000316616.pdf,22.0,14.0
japan_moe__japan_moe_683-10-3_algae_72_96h_ec50_p22_r15,683-10-3,"1-Dodecanaminium, N-(carboxymethyl)- N,N-dimethyl-, inner salt",683-10-3,DTXSID6041266,CCCCCCCCCCCC[N+](C)(C)CC([O-])=O,DVEKCXOJTLDBFE-UHFFFAOYSA-N,algae_72_96h_ec50,EC50,GRO,GGRO,Pseudokirchneriella subcapitata,Green Alga,Chlorophyta,Chlorophyceae,Sphaeropleales,Selenastraceae,Pseudokirchneriella,Algae;Standard Test Species,72.0,FW,,,,2005.0,japan_moe_official_summary,dsstox_casrn,unclassified,11.0,mg/L,4.052386302934297e-05,-4.392289161229832,271.44499999999994,,True,False,1,1,,,,0.0,,,,official_summary_table,not specified in summary,test material,growth rate,True,True,,,,,,,,,,,,,,,,,,,,,,,,,,,,,,,,,,,,,japan_moe_683-10-3_algae_72_96h_ec50_p22_r15,Japan_MOE_official_summary,official_summary_source,MOE:22:15:algae_72_96h_ec50,11.0,False,,,official_summary_source,official_summary_not_individual_report_reviewed,https://www.env.go.jp/content/000316616.pdf,22.0,15.0
japan_moe__japan_moe_683-10-3_daphnia_48h_ec50_p22_r14,683-10-3,"1-Dodecanaminium, N-(carboxymethyl)- N,N-dimethyl-, inner salt",683-10-3,DTXSID6041266,CCCCCCCCCCCC[N+](C)(C)CC([O-])=O,DVEKCXOJTLDBFE-UHFFFAOYSA-N,daphnia_48h_ec50,EC50,ITX,IMBL,Daphnia magna,Water Flea,Arthropoda,Branchiopoda,Diplostraca,Daphniidae,Daphnia,Crustaceans;Standard Test Species,48.0,FW,,,,2004.0,japan_moe_official_summary,dsstox_casrn,unclassified,2.0,mg/L,7.367975096244177e-06,-5.132651850724075,271.44499999999994,,True,False,1,1,,,,0.0,,,,official_summary_table,not specified in summary,test material,immobilisation (Japanese table header: acute swimming inhibition),True,True,,,,,,,,,,,,,,,,,,,,,,,,,,,,,,,,,,,,,japan_moe_683-10-3_daphnia_48h_ec50_p22_r14,Japan_MOE_official_summary,official_summary_source,MOE:22:14:daphnia_48h_ec50,2.0,False,,,official_summary_source,official_summary_not_individual_report_reviewed,https://www.env.go.jp/content/000316616.pdf,22.0,14.0
japan_moe__japan_moe_683-10-3_daphnia_48h_ec50_p22_r15,683-10-3,"1-Dodecanaminium, N-(carboxymethyl)- N,N-dimethyl-, inner salt",683-10-3,DTXSID6041266,CCCCCCCCCCCC[N+](C)(C)CC([O-])=O,DVEKCXOJTLDBFE-UHFFFAOYSA-N,daphnia_48h_ec50,EC50,ITX,IMBL,Daphnia magna,Water Flea,Arthropoda,Branchiopoda,Diplostraca,Daphniidae,Daphnia,Crustaceans;Standard Test Species,48.0,FW,,,,2005.0,japan_moe_official_summary,dsstox_casrn,unclassified,3.9,mg/L,1.4367551437676144e-05,-4.842617239361558,271.44499999999994,,True,False,1,1,,,,0.0,,,,official_summary_table,not specified in summary,test material,immobilisation (Japanese table header: acute swimming inhibition),True,True,,,,,,,,,,,,,,,,,,,,,,,,,,,,,,,,,,,,,japan_moe_683-10-3_daphnia_48h_ec50_p22_r15,Japan_MOE_official_summary,official_summary_source,MOE:22:15:daphnia_48h_ec50,3.9,False,,,official_summary_source,official_summary_not_individual_report_reviewed,https://www.env.go.jp/content/000316616.pdf,22.0,15.0
japan_moe__japan_moe_683-10-3_fish_96h_lc50_p22_r14,683-10-3,"1-Dodecanaminium, N-(carboxymethyl)- N,N-dimethyl-, inner salt",683-10-3,DTXSID6041266,CCCCCCCCCCCC[N+](C)(C)CC([O-])=O,DVEKCXOJTLDBFE-UHFFFAOYSA-N,fish_96h_lc50,LC50,MOR,MORT,Oryzias latipes,Japanese Medaka,Chordata,Actinopterygii,Beloniformes,Adrianichthyidae,Oryzias,Fish;Standard Test Species,96.0,FW,,,,2004.0,japan_moe_official_summary,dsstox_casrn,unclassified,0.88,mg/L,3.241909042347438e-06,-5.489199174237888,271.44499999999994,,True,False,1,1,,,,0.0,,,,official_summary_table,not specified in summary,test material,mortality,True,True,,,,,,,,,,,,,,,,,,,,,,,,,,,,,,,,,,,,,japan_moe_683-10-3_fish_96h_lc50_p22_r14,Japan_MOE_official_summary,official_summary_source,MOE:22:14:fish_96h_lc50,0.88,False,,,official_summary_source,official_summary_not_individual_report_reviewed,https://www.env.go.jp/content/000316616.pdf,22.0,14.0
japan_moe__japan_moe_683-10-3_fish_96h_lc50_p22_r15,683-10-3,"1-Dodecanaminium, N-(carboxymethyl)- N,N-dimethyl-, inner salt",683-10-3,DTXSID6041266,CCCCCCCCCCCC[N+](C)(C)CC([O-])=O,DVEKCXOJTLDBFE-UHFFFAOYSA-N,fish_96h_lc50,LC50,MOR,MORT,Oryzias latipes,Japanese Medaka,Chordata,Actinopterygii,Beloniformes,Adrianichthyidae,Oryzias,Fish;Standard Test Species,96.0,FW,,,,2005.0,japan_moe_official_summary,dsstox_casrn,unclassified,1.4,mg/L,5.157582567370924e-06,-5.287553810709818,271.44499999999994,,True,False,1,1,,,,0.0,,,,official_summary_table,not specified in summary,test material,mortality,True,True,,,,,,,,,,,,,,,,,,,,,,,,,,,,,,,,,,,,,japan_moe_683-10-3_fish_96h_lc50_p22_r15,Japan_MOE_official_summary,official_summary_source,MOE:22:15:fish_96h_lc50,1.4,False,,,official_summary_source,official_summary_not_individual_report_reviewed,https://www.env.go.jp/content/000316616.pdf,22.0,15.0
japan_moe__japan_moe_6864-37-5_algae_72_96h_ec50_p28_r9,6864-37-5,"2,2'-Dimethyl-4,4'- methylenebis(cyclohexylamine)",6864-37-5,DTXSID6029670,CC1CC(CC2CCC(N)C(C)C2)CCC1N,IGSBHTZEJMPDSZ-UHFFFAOYSA-N,algae_72_96h_ec50,EC50,GRO,GGRO,Pseudokirchneriella subcapitata,Green Alga,Chlorophyta,Chlorophyceae,Sphaeropleales,Selenastraceae,Pseudokirchneriella,Algae;Standard Test Species,72.0,FW,,,,2000.0,japan_moe_official_summary,dsstox_casrn,unclassified,6.1,mg/L,2.558520923248567e-05,-4.592011027074025,238.41899999999995,,True,False,1,1,,,,0.0,,,,official_summary_table,not specified in summary,test material,growth rate,True,True,,,,,,,,,,,,,,,,,,,,,,,,,,,,,,,,,,,,,japan_moe_6864-37-5_algae_72_96h_ec50_p28_r9,Japan_MOE_official_summary,official_summary_source,MOE:28:9:algae_72_96h_ec50,6.1,False,,,official_summary_source,official_summary_not_individual_report_reviewed,https://www.env.go.jp/content/000316616.pdf,28.0,9.0
japan_moe__japan_moe_6864-37-5_daphnia_48h_ec50_p28_r9,6864-37-5,"2,2'-Dimethyl-4,4'- methylenebis(cyclohexylamine)",6864-37-5,DTXSID6029670,CC1CC(CC2CCC(N)C(C)C2)CCC1N,IGSBHTZEJMPDSZ-UHFFFAOYSA-N,daphnia_48h_ec50,EC50,ITX,IMBL,Daphnia magna,Water Flea,Arthropoda,Branchiopoda,Diplostraca,Daphniidae,Daphnia,Crustaceans;Standard Test Species,48.0,FW,,,,2000.0,japan_moe_official_summary,dsstox_casrn,unclassified,4.6,mg/L,1.9293764339251488e-05,-4.714583030403218,238.41899999999995,,True,False,1,1,,,,0.0,,,,official_summary_table,not specified in summary,test material,immobilisation (Japanese table header: acute swimming inhibition),True,True,,,,,,,,,,,,,,,,,,,,,,,,,,,,,,,,,,,,,japan_moe_6864-37-5_daphnia_48h_ec50_p28_r9,Japan_MOE_official_summary,official_summary_source,MOE:28:9:daphnia_48h_ec50,4.6,False,,,official_summary_source,official_summary_not_individual_report_reviewed,https://www.env.go.jp/content/000316616.pdf,28.0,9.0
japan_moe__japan_moe_6864-37-5_fish_96h_lc50_p28_r9,6864-37-5,"2,2'-Dimethyl-4,4'- methylenebis(cyclohexylamine)",6864-37-5,DTXSID6029670,CC1CC(CC2CCC(N)C(C)C2)CCC1N,IGSBHTZEJMPDSZ-UHFFFAOYSA-N,fish_96h_lc50,LC50,MOR,MORT,Oryzias latipes,Japanese Medaka,Chordata,Actinopterygii,Beloniformes,Adrianichthyidae,Oryzias,Fish;Standard Test Species,96.0,FW,,,,2000.0,japan_moe_official_summary,dsstox_casrn,unclassified,22.0,mg/L,9.2274525100768e-05,-4.034918181262586,238.41899999999995,,True,False,1,1,,,,0.0,,,,official_summary_table,not specified in summary,test material,mortality,True,True,,,,,,,,,,,,,,,,,,,,,,,,,,,,,,,,,,,,,japan_moe_6864-37-5_fish_96h_lc50_p28_r9,Japan_MOE_official_summary,official_summary_source,MOE:28:9:fish_96h_lc50,22.0,False,,,official_summary_source,official_summary_not_individual_report_reviewed,https://www.env.go.jp/content/000316616.pdf,28.0,9.0
japan_moe__japan_moe_688-84-6_algae_72_96h_ec50_p22_r16,688-84-6,2-Ethylhexyl methacrylate,688-84-6,DTXSID3027293,CCCCC(CC)COC(=O)C(C)=C,WDQMWEYDKDCEHT-UHFFFAOYSA-N,algae_72_96h_ec50,EC50,GRO,GGRO,Pseudokirchneriella subcapitata,Green Alga,Chlorophyta,Chlorophyceae,Sphaeropleales,Selenastraceae,Pseudokirchneriella,Algae;Standard Test Species,72.0,FW,,,,1997.0,japan_moe_official_summary,dsstox_casrn,unclassified,5.3,mg/L,2.672637237400785e-05,-4.573059984934673,198.30599999999995,,True,False,1,1,,,,0.0,,,,official_summary_table,not specified in summary,test material,growth rate,True,True,,,,,,,,,,,,,,,,,,,,,,,,,,,,,,,,,,,,,japan_moe_688-84-6_algae_72_96h_ec50_p22_r16,Japan_MOE_official_summary,official_summary_source,MOE:22:16:algae_72_96h_ec50,5.3,False,,,official_summary_source,official_summary_not_individual_report_reviewed,https://www.env.go.jp/content/000316616.pdf,22.0,16.0
japan_moe__japan_moe_688-84-6_daphnia_48h_ec50_p22_r16,688-84-6,2-Ethylhexyl methacrylate,688-84-6,DTXSID3027293,CCCCC(CC)COC(=O)C(C)=C,WDQMWEYDKDCEHT-UHFFFAOYSA-N,daphnia_48h_ec50,EC50,ITX,IMBL,Daphnia magna,Water Flea,Arthropoda,Branchiopoda,Diplostraca,Daphniidae,Daphnia,Crustaceans;Standard Test Species,48.0,FW,,,,1997.0,japan_moe_official_summary,dsstox_casrn,unclassified,4.6,mg/L,2.3196474135931345e-05,-4.634578022853888,198.30599999999995,,True,False,1,1,,,,0.0,,,,official_summary_table,not specified in summary,test material,immobilisation (Japanese table header: acute swimming inhibition),True,True,,,,,,,,,,,,,,,,,,,,,,,,,,,,,,,,,,,,,japan_moe_688-84-6_daphnia_48h_ec50_p22_r16,Japan_MOE_official_summary,official_summary_source,MOE:22:16:daphnia_48h_ec50,4.6,False,,,official_summary_source,official_summary_not_individual_report_reviewed,https://www.env.go.jp/content/000316616.pdf,22.0,16.0
japan_moe__japan_moe_688-84-6_fish_96h_lc50_p22_r16,688-84-6,2-Ethylhexyl methacrylate,688-84-6,DTXSID3027293,CCCCC(CC)COC(=O)C(C)=C,WDQMWEYDKDCEHT-UHFFFAOYSA-N,fish_96h_lc50,LC50,MOR,MORT,Oryzias latipes,Japanese Medaka,Chordata,Actinopterygii,Beloniformes,Adrianichthyidae,Oryzias,Fish;Standard Test Species,96.0,FW,,,,1997.0,japan_moe_official_summary,dsstox_casrn,unclassified,2.8,mg/L,1.4119592952306037e-05,-4.850177823193243,198.30599999999995,,True,False,1,1,,,,0.0,,,,official_summary_table,not specified in summary,test material,mortality,True,True,,,,,,,,,,,,,,,,,,,,,,,,,,,,,,,,,,,,,japan_moe_688-84-6_fish_96h_lc50_p22_r16,Japan_MOE_official_summary,official_summary_source,MOE:22:16:fish_96h_lc50,2.8,False,,,official_summary_source,official_summary_not_individual_report_reviewed,https://www.env.go.jp/content/000316616.pdf,22.0,16.0
japan_moe__japan_moe_69-72-7_algae_72_96h_ec50_p2_r9,69-72-7,Salicylic acid,69-72-7,DTXSID7026368,OC(=O)C1=C(O)C=CC=C1,YGSDEFSMJLZEOE-UHFFFAOYSA-N,algae_72_96h_ec50,EC50,GRO,GGRO,Pseudokirchneriella subcapitata,Green Alga,Chlorophyta,Chlorophyceae,Sphaeropleales,Selenastraceae,Pseudokirchneriella,Algae;Standard Test Species,72.0,FW,,,,2000.0,japan_moe_official_summary,dsstox_casrn,unclassified,65.0,mg/L,0.000470598456437,-3.327349501643562,138.122,,True,False,1,1,,,,0.0,,,,official_summary_table,not specified in summary,test material,growth rate,True,True,,,,,,,,,,,,,,,,,,,,,,,,,,,,,,,,,,,,,japan_moe_69-72-7_algae_72_96h_ec50_p2_r9,Japan_MOE_official_summary,official_summary_source,MOE:2:9:algae_72_96h_ec50,65.0,False,,,official_summary_source,official_summary_not_individual_report_reviewed,https://www.env.go.jp/content/000316616.pdf,2.0,9.0
japan_moe__japan_moe_69-72-7_daphnia_48h_ec50_p2_r9,69-72-7,Salicylic acid,69-72-7,DTXSID7026368,OC(=O)C1=C(O)C=CC=C1,YGSDEFSMJLZEOE-UHFFFAOYSA-N,daphnia_48h_ec50,EC50,ITX,IMBL,Daphnia magna,Water Flea,Arthropoda,Branchiopoda,Diplostraca,Daphniidae,Daphnia,Crustaceans;Standard Test Species,48.0,FW,,,,2000.0,japan_moe_official_summary,dsstox_casrn,unclassified,77.0,mg/L,0.0005574781714715,-3.253772133113936,138.122,,True,False,1,1,,,,0.0,,,,official_summary_table,not specified in summary,test material,immobilisation (Japanese table header: acute swimming inhibition),True,True,,,,,,,,,,,,,,,,,,,,,,,,,,,,,,,,,,,,,japan_moe_69-72-7_daphnia_48h_ec50_p2_r9,Japan_MOE_official_summary,official_summary_source,MOE:2:9:daphnia_48h_ec50,77.0,False,,,official_summary_source,official_summary_not_individual_report_reviewed,https://www.env.go.jp/content/000316616.pdf,2.0,9.0
japan_moe__japan_moe_69-72-7_fish_96h_lc50_p2_r9,69-72-7,Salicylic acid,69-72-7,DTXSID7026368,OC(=O)C1=C(O)C=CC=C1,YGSDEFSMJLZEOE-UHFFFAOYSA-N,fish_96h_lc50,LC50,MOR,MORT,Oryzias latipes,Japanese Medaka,Chordata,Actinopterygii,Beloniformes,Adrianichthyidae,Oryzias,Fish;Standard Test Species,96.0,FW,,,,2000.0,japan_moe_official_summary,dsstox_casrn,unclassified,39.0,mg/L,0.0002823590738622,-3.5491982512599183,138.122,,True,False,1,1,,,,0.0,,,,official_summary_table,not specified in summary,test material,mortality,True,True,,,,,,,,,,,,,,,,,,,,,,,,,,,,,,,,,,,,,japan_moe_69-72-7_fish_96h_lc50_p2_r9,Japan_MOE_official_summary,official_summary_source,MOE:2:9:fish_96h_lc50,39.0,False,,,official_summary_source,official_summary_not_individual_report_reviewed,https://www.env.go.jp/content/000316616.pdf,2.0,9.0
japan_moe__japan_moe_693-54-9_algae_72_96h_ec50_p22_r18,693-54-9,2-Decanone,693-54-9,DTXSID9022104,CCCCCCCCC(C)=O,ZAJNGDIORYACQU-UHFFFAOYSA-N,algae_72_96h_ec50,EC50,GRO,GGRO,Pseudokirchneriella subcapitata,Green Alga,Chlorophyta,Chlorophyceae,Sphaeropleales,Selenastraceae,Pseudokirchneriella,Algae;Standard Test Species,72.0,FW,,,,2009.0,japan_moe_official_summary,dsstox_casrn,unclassified,4.9,mg/L,3.1356187087650144e-05,-4.503676752985999,156.269,,True,False,1,1,,,,0.0,,,,official_summary_table,not specified in summary,test material,growth rate,True,True,,,,,,,,,,,,,,,,,,,,,,,,,,,,,,,,,,,,,japan_moe_693-54-9_algae_72_96h_ec50_p22_r18,Japan_MOE_official_summary,official_summary_source,MOE:22:18:algae_72_96h_ec50,4.9,False,,,official_summary_source,official_summary_not_individual_report_reviewed,https://www.env.go.jp/content/000316616.pdf,22.0,18.0
japan_moe__japan_moe_693-54-9_daphnia_48h_ec50_p22_r18,693-54-9,2-Decanone,693-54-9,DTXSID9022104,CCCCCCCCC(C)=O,ZAJNGDIORYACQU-UHFFFAOYSA-N,daphnia_48h_ec50,EC50,ITX,IMBL,Daphnia magna,Water Flea,Arthropoda,Branchiopoda,Diplostraca,Daphniidae,Daphnia,Crustaceans;Standard Test Species,48.0,FW,,,,2009.0,japan_moe_official_summary,dsstox_casrn,unclassified,3.5,mg/L,2.2397276491178676e-05,-4.649804788664237,156.269,,True,False,1,1,,,,0.0,,,,official_summary_table,not specified in summary,test material,immobilisation (Japanese table header: acute swimming inhibition),True,True,,,,,,,,,,,,,,,,,,,,,,,,,,,,,,,,,,,,,japan_moe_693-54-9_daphnia_48h_ec50_p22_r18,Japan_MOE_official_summary,official_summary_source,MOE:22:18:daphnia_48h_ec50,3.5,False,,,official_summary_source,official_summary_not_individual_report_reviewed,https://www.env.go.jp/content/000316616.pdf,22.0,18.0
japan_moe__japan_moe_693-98-1_daphnia_48h_ec50_p22_r19,693-98-1,2-Methylimidazole,693-98-1,DTXSID4022107,CC1=NC=CN1,LXBGSDVWAMZHDD-UHFFFAOYSA-N,daphnia_48h_ec50,EC50,ITX,IMBL,Daphnia magna,Water Flea,Arthropoda,Branchiopoda,Diplostraca,Daphniidae,Daphnia,Crustaceans;Standard Test Species,48.0,FW,,,,2006.0,japan_moe_official_summary,dsstox_casrn,unclassified,200.0,mg/L,0.0024358755754756,-2.613344899234744,82.106,,True,False,1,1,,,,0.0,,,,official_summary_table,not specified in summary,test material,immobilisation (Japanese table header: acute swimming inhibition),True,True,,,,,,,,,,,,,,,,,,,,,,,,,,,,,,,,,,,,,japan_moe_693-98-1_daphnia_48h_ec50_p22_r19,Japan_MOE_official_summary,official_summary_source,MOE:22:19:daphnia_48h_ec50,200.0,False,,,official_summary_source,official_summary_not_individual_report_reviewed,https://www.env.go.jp/content/000316616.pdf,22.0,19.0
japan_moe__japan_moe_716-79-0_daphnia_48h_ec50_p22_r21,716-79-0,"1H-Benzimidazole, 2-phenyl-",716-79-0,DTXSID5052460,N1C2=CC=CC=C2N=C1C1=CC=CC=C1,DWYHDSLIWMUSOO-UHFFFAOYSA-N,daphnia_48h_ec50,EC50,ITX,IMBL,Daphnia magna,Water Flea,Arthropoda,Branchiopoda,Diplostraca,Daphniidae,Daphnia,Crustaceans;Standard Test Species,48.0,FW,,,,2006.0,japan_moe_official_summary,dsstox_casrn,unclassified,4.2,mg/L,2.1623068725320105e-05,-4.66508267134947,194.237,,True,False,1,1,,,,0.0,,,,official_summary_table,not specified in summary,test material,immobilisation (Japanese table header: acute swimming inhibition),True,True,,,,,,,,,,,,,,,,,,,,,,,,,,,,,,,,,,,,,japan_moe_716-79-0_daphnia_48h_ec50_p22_r21,Japan_MOE_official_summary,official_summary_source,MOE:22:21:daphnia_48h_ec50,4.2,False,,,official_summary_source,official_summary_not_individual_report_reviewed,https://www.env.go.jp/content/000316616.pdf,22.0,21.0
japan_moe__japan_moe_716-79-0_fish_96h_lc50_p22_r21,716-79-0,"1H-Benzimidazole, 2-phenyl-",716-79-0,DTXSID5052460,N1C2=CC=CC=C2N=C1C1=CC=CC=C1,DWYHDSLIWMUSOO-UHFFFAOYSA-N,fish_96h_lc50,LC50,MOR,MORT,Oryzias latipes,Japanese Medaka,Chordata,Actinopterygii,Beloniformes,Adrianichthyidae,Oryzias,Fish;Standard Test Species,96.0,FW,,,,2006.0,japan_moe_official_summary,dsstox_casrn,unclassified,8.6,mg/L,4.427580738994116e-05,-4.353833510503804,194.237,,True,False,1,1,,,,0.0,,,,official_summary_table,not specified in summary,test material,mortality,True,True,,,,,,,,,,,,,,,,,,,,,,,,,,,,,,,,,,,,,japan_moe_716-79-0_fish_96h_lc50_p22_r21,Japan_MOE_official_summary,official_summary_source,MOE:22:21:fish_96h_lc50,8.6,False,,,official_summary_source,official_summary_not_individual_report_reviewed,https://www.env.go.jp/content/000316616.pdf,22.0,21.0
japan_moe__japan_moe_7212-44-4_daphnia_48h_ec50_p28_r10,7212-44-4,"1,6,10-Dodecatrien-3-ol, 3,7,11- trimethyl-",7212-44-4,DTXSID3022247,CC(C)=CCCC(C)=CCCC(C)(O)C=C,FQTLCLSUCSAZDY-UHFFFAOYSA-N,daphnia_48h_ec50,EC50,ITX,IMBL,Daphnia magna,Water Flea,Arthropoda,Branchiopoda,Diplostraca,Daphniidae,Daphnia,Crustaceans;Standard Test Species,48.0,FW,,,,2006.0,japan_moe_official_summary,dsstox_casrn,unclassified,0.96,mg/L,4.317090281150504e-06,-5.3648088690654125,222.372,,True,False,1,1,,,,0.0,,,,official_summary_table,not specified in summary,test material,immobilisation (Japanese table header: acute swimming inhibition),True,True,,,,,,,,,,,,,,,,,,,,,,,,,,,,,,,,,,,,,japan_moe_7212-44-4_daphnia_48h_ec50_p28_r10,Japan_MOE_official_summary,official_summary_source,MOE:28:10:daphnia_48h_ec50,0.96,False,,,official_summary_source,official_summary_not_individual_report_reviewed,https://www.env.go.jp/content/000316616.pdf,28.0,10.0
japan_moe__japan_moe_732-26-3_daphnia_48h_ec50_p22_r22,732-26-3,"2,4,6-Tri-tert-butylphenol",732-26-3,DTXSID2021311,CC(C)(C)C1=CC(=C(O)C(=C1)C(C)(C)C)C(C)(C)C,PFEFOYRSMXVNEL-UHFFFAOYSA-N,daphnia_48h_ec50,EC50,ITX,IMBL,Daphnia magna,Water Flea,Arthropoda,Branchiopoda,Diplostraca,Daphniidae,Daphnia,Crustaceans;Standard Test Species,48.0,FW,,,,2000.0,japan_moe_official_summary,dsstox_casrn,unclassified,0.11,mg/L,4.191482146191278e-07,-6.377632379398411,262.43699999999995,,True,False,1,1,,,,0.0,,,,official_summary_table,not specified in summary,test material,immobilisation (Japanese table header: acute swimming inhibition),True,True,,,,,,,,,,,,,,,,,,,,,,,,,,,,,,,,,,,,,japan_moe_732-26-3_daphnia_48h_ec50_p22_r22,Japan_MOE_official_summary,official_summary_source,MOE:22:22:daphnia_48h_ec50,0.11,False,,,official_summary_source,official_summary_not_individual_report_reviewed,https://www.env.go.jp/content/000316616.pdf,22.0,22.0
japan_moe__japan_moe_75-07-0_algae_72_96h_ec50_p2_r12,75-07-0,Acetaldehyde,75-07-0,DTXSID5039224,CC=O,IKHGUXGNUITLKF-UHFFFAOYSA-N,algae_72_96h_ec50,EC50,GRO,GGRO,Pseudokirchneriella subcapitata,Green Alga,Chlorophyta,Chlorophyceae,Sphaeropleales,Selenastraceae,Pseudokirchneriella,Algae;Standard Test Species,72.0,FW,,,,2008.0,japan_moe_official_summary,dsstox_casrn,unclassified,26.0,mg/L,0.0005901981703856,-3.2290021411468666,44.053,,True,False,1,1,,,,0.0,,,,official_summary_table,not specified in summary,test material,growth rate,True,True,,,,,,,,,,,,,,,,,,,,,,,,,,,,,,,,,,,,,japan_moe_75-07-0_algae_72_96h_ec50_p2_r12,Japan_MOE_official_summary,official_summary_source,MOE:2:12:algae_72_96h_ec50,26.0,False,,,official_summary_source,official_summary_not_individual_report_reviewed,https://www.env.go.jp/content/000316616.pdf,2.0,12.0
japan_moe__japan_moe_75-07-0_daphnia_48h_ec50_p2_r12,75-07-0,Acetaldehyde,75-07-0,DTXSID5039224,CC=O,IKHGUXGNUITLKF-UHFFFAOYSA-N,daphnia_48h_ec50,EC50,ITX,IMBL,Daphnia magna,Water Flea,Arthropoda,Branchiopoda,Diplostraca,Daphniidae,Daphnia,Crustaceans;Standard Test Species,48.0,FW,,,,2008.0,japan_moe_official_summary,dsstox_casrn,unclassified,30.0,mg/L,0.0006809978889065,-3.1668542343980217,44.053,,True,False,1,1,,,,0.0,,,,official_summary_table,not specified in summary,test material,immobilisation (Japanese table header: acute swimming inhibition),True,True,,,,,,,,,,,,,,,,,,,,,,,,,,,,,,,,,,,,,japan_moe_75-07-0_daphnia_48h_ec50_p2_r12,Japan_MOE_official_summary,official_summary_source,MOE:2:12:daphnia_48h_ec50,30.0,False,,,official_summary_source,official_summary_not_individual_report_reviewed,https://www.env.go.jp/content/000316616.pdf,2.0,12.0
japan_moe__japan_moe_75-08-1_algae_72_96h_ec50_p2_r13,75-08-1,Ethanethiol,75-08-1,DTXSID9026394,CCS,DNJIEGIFACGWOD-UHFFFAOYSA-N,algae_72_96h_ec50,EC50,GRO,GGRO,Pseudokirchneriella subcapitata,Green Alga,Chlorophyta,Chlorophyceae,Sphaeropleales,Selenastraceae,Pseudokirchneriella,Algae;Standard Test Species,72.0,FW,,,,1998.0,japan_moe_official_summary,dsstox_casrn,unclassified,3.0,mg/L,4.8280412636593336e-05,-4.316229026788655,62.137,,True,False,1,1,,,,0.0,,,,official_summary_table,not specified in summary,test material,growth rate,True,True,,,,,,,,,,,,,,,,,,,,,,,,,,,,,,,,,,,,,japan_moe_75-08-1_algae_72_96h_ec50_p2_r13,Japan_MOE_official_summary,official_summary_source,MOE:2:13:algae_72_96h_ec50,3.0,False,,,official_summary_source,official_summary_not_individual_report_reviewed,https://www.env.go.jp/content/000316616.pdf,2.0,13.0
japan_moe__japan_moe_75-08-1_daphnia_48h_ec50_p2_r13,75-08-1,Ethanethiol,75-08-1,DTXSID9026394,CCS,DNJIEGIFACGWOD-UHFFFAOYSA-N,daphnia_48h_ec50,EC50,ITX,IMBL,Daphnia magna,Water Flea,Arthropoda,Branchiopoda,Diplostraca,Daphniidae,Daphnia,Crustaceans;Standard Test Species,48.0,FW,,,,1998.0,japan_moe_official_summary,dsstox_casrn,unclassified,0.077,mg/L,1.2391972576725622e-06,-5.906859556335835,62.137,,True,False,1,1,,,,0.0,,,,official_summary_table,not specified in summary,test material,immobilisation (Japanese table header: acute swimming inhibition),True,True,,,,,,,,,,,,,,,,,,,,,,,,,,,,,,,,,,,,,japan_moe_75-08-1_daphnia_48h_ec50_p2_r13,Japan_MOE_official_summary,official_summary_source,MOE:2:13:daphnia_48h_ec50,0.077,False,,,official_summary_source,official_summary_not_individual_report_reviewed,https://www.env.go.jp/content/000316616.pdf,2.0,13.0
japan_moe__japan_moe_75-08-1_fish_96h_lc50_p2_r13,75-08-1,Ethanethiol,75-08-1,DTXSID9026394,CCS,DNJIEGIFACGWOD-UHFFFAOYSA-N,fish_96h_lc50,LC50,MOR,MORT,Oryzias latipes,Japanese Medaka,Chordata,Actinopterygii,Beloniformes,Adrianichthyidae,Oryzias,Fish;Standard Test Species,96.0,FW,,,,1998.0,japan_moe_official_summary,dsstox_casrn,unclassified,2.2,mg/L,3.540563593350178e-05,-4.450927600686111,62.137,,True,False,1,1,,,,0.0,,,,official_summary_table,not specified in summary,test material,mortality,True,True,,,,,,,,,,,,,,,,,,,,,,,,,,,,,,,,,,,,,japan_moe_75-08-1_fish_96h_lc50_p2_r13,Japan_MOE_official_summary,official_summary_source,MOE:2:13:fish_96h_lc50,2.2,False,,,official_summary_source,official_summary_not_individual_report_reviewed,https://www.env.go.jp/content/000316616.pdf,2.0,13.0
japan_moe__japan_moe_75-18-3_daphnia_48h_ec50_p2_r15,75-18-3,Dimethyl sulphide,75-18-3,DTXSID9026398,CSC,QMMFVYPAHWMCMS-UHFFFAOYSA-N,daphnia_48h_ec50,EC50,ITX,IMBL,Daphnia magna,Water Flea,Arthropoda,Branchiopoda,Diplostraca,Daphniidae,Daphnia,Crustaceans;Standard Test Species,48.0,FW,,,,1998.0,japan_moe_official_summary,dsstox_casrn,unclassified,330.0,mg/L,0.0053108453900252,-2.27483634163043,62.137,,True,False,1,1,,,,0.0,,,,official_summary_table,not specified in summary,test material,immobilisation (Japanese table header: acute swimming inhibition),True,True,,,,,,,,,,,,,,,,,,,,,,,,,,,,,,,,,,,,,japan_moe_75-18-3_daphnia_48h_ec50_p2_r15,Japan_MOE_official_summary,official_summary_source,MOE:2:15:daphnia_48h_ec50,330.0,False,,,official_summary_source,official_summary_not_individual_report_reviewed,https://www.env.go.jp/content/000316616.pdf,2.0,15.0
japan_moe__japan_moe_75-26-3_daphnia_48h_ec50_p2_r16,75-26-3,2-Bromopropane,75-26-3,DTXSID7030197,CC(C)Br,NAMYKGVDVNBCFQ-UHFFFAOYSA-N,daphnia_48h_ec50,EC50,ITX,IMBL,Daphnia magna,Water Flea,Arthropoda,Branchiopoda,Diplostraca,Daphniidae,Daphnia,Crustaceans;Standard Test Species,48.0,FW,,,,2000.0,japan_moe_official_summary,dsstox_casrn,unclassified,23.0,mg/L,0.0001870025123381,-3.7281525587723534,122.993,,True,False,1,1,,,,0.0,,,,official_summary_table,not specified in summary,test material,immobilisation (Japanese table header: acute swimming inhibition),True,True,,,,,,,,,,,,,,,,,,,,,,,,,,,,,,,,,,,,,japan_moe_75-26-3_daphnia_48h_ec50_p2_r16,Japan_MOE_official_summary,official_summary_source,MOE:2:16:daphnia_48h_ec50,23.0,False,,,official_summary_source,official_summary_not_individual_report_reviewed,https://www.env.go.jp/content/000316616.pdf,2.0,16.0
japan_moe__japan_moe_75-27-4_algae_72_96h_ec50_p2_r17,75-27-4,Bromodichloromethane,75-27-4,DTXSID1020198,ClC(Cl)Br,FMWLUWPQPKEARP-UHFFFAOYSA-N,algae_72_96h_ec50,EC50,GRO,GGRO,Pseudokirchneriella subcapitata,Green Alga,Chlorophyta,Chlorophyceae,Sphaeropleales,Selenastraceae,Pseudokirchneriella,Algae;Standard Test Species,72.0,FW,,,,1995.0,japan_moe_official_summary,dsstox_casrn,unclassified,12.0,mg/L,7.32471052133627e-05,-4.135209534314537,163.829,,True,False,1,1,,,,0.0,,,,official_summary_table,not specified in summary,test material,growth rate,True,True,,,,,,,,,,,,,,,,,,,,,,,,,,,,,,,,,,,,,japan_moe_75-27-4_algae_72_96h_ec50_p2_r17,Japan_MOE_official_summary,official_summary_source,MOE:2:17:algae_72_96h_ec50,12.0,False,,,official_summary_source,official_summary_not_individual_report_reviewed,https://www.env.go.jp/content/000316616.pdf,2.0,17.0
japan_moe__japan_moe_75-27-4_daphnia_48h_ec50_p2_r17,75-27-4,Bromodichloromethane,75-27-4,DTXSID1020198,ClC(Cl)Br,FMWLUWPQPKEARP-UHFFFAOYSA-N,daphnia_48h_ec50,EC50,ITX,IMBL,Daphnia magna,Water Flea,Arthropoda,Branchiopoda,Diplostraca,Daphniidae,Daphnia,Crustaceans;Standard Test Species,48.0,FW,,,,1995.0,japan_moe_official_summary,dsstox_casrn,unclassified,29.0,mg/L,0.0001770138375989,-3.751992782463206,163.829,,True,False,1,1,,,,0.0,,,,official_summary_table,not specified in summary,test material,immobilisation (Japanese table header: acute swimming inhibition),True,True,,,,,,,,,,,,,,,,,,,,,,,,,,,,,,,,,,,,,japan_moe_75-27-4_daphnia_48h_ec50_p2_r17,Japan_MOE_official_summary,official_summary_source,MOE:2:17:daphnia_48h_ec50,29.0,False,,,official_summary_source,official_summary_not_individual_report_reviewed,https://www.env.go.jp/content/000316616.pdf,2.0,17.0
japan_moe__japan_moe_75-27-4_fish_96h_lc50_p2_r17,75-27-4,Bromodichloromethane,75-27-4,DTXSID1020198,ClC(Cl)Br,FMWLUWPQPKEARP-UHFFFAOYSA-N,fish_96h_lc50,LC50,MOR,MORT,Oryzias latipes,Japanese Medaka,Chordata,Actinopterygii,Beloniformes,Adrianichthyidae,Oryzias,Fish;Standard Test Species,96.0,FW,,,,1995.0,japan_moe_official_summary,dsstox_casrn,unclassified,28.0,mg/L,0.0001709099121645,-3.767232749019943,163.829,,True,False,1,1,,,,0.0,,,,official_summary_table,not specified in summary,test material,mortality,True,True,,,,,,,,,,,,,,,,,,,,,,,,,,,,,,,,,,,,,japan_moe_75-27-4_fish_96h_lc50_p2_r17,Japan_MOE_official_summary,official_summary_source,MOE:2:17:fish_96h_lc50,28.0,False,,,official_summary_source,official_summary_not_individual_report_reviewed,https://www.env.go.jp/content/000316616.pdf,2.0,17.0
japan_moe__japan_moe_75-35-4_daphnia_48h_ec50_p2_r20,75-35-4,"Ethene, 1,1-dichloro-",75-35-4,DTXSID8021438,ClC(Cl)=C,LGXVIGDEPROXKC-UHFFFAOYSA-N,daphnia_48h_ec50,EC50,ITX,IMBL,Daphnia magna,Water Flea,Arthropoda,Branchiopoda,Diplostraca,Daphniidae,Daphnia,Crustaceans;Standard Test Species,48.0,FW,,,,2005.0,japan_moe_official_summary,dsstox_casrn,unclassified,16.0,mg/L,0.0001650437365901,-3.7824009524965296,96.944,,True,False,1,1,,,,0.0,,,,official_summary_table,not specified in summary,test material,immobilisation (Japanese table header: acute swimming inhibition),True,True,,,,,,,,,,,,,,,,,,,,,,,,,,,,,,,,,,,,,japan_moe_75-35-4_daphnia_48h_ec50_p2_r20,Japan_MOE_official_summary,official_summary_source,MOE:2:20:daphnia_48h_ec50,16.0,False,,,official_summary_source,official_summary_not_individual_report_reviewed,https://www.env.go.jp/content/000316616.pdf,2.0,20.0
japan_moe__japan_moe_75-35-4_fish_96h_lc50_p2_r20,75-35-4,"Ethene, 1,1-dichloro-",75-35-4,DTXSID8021438,ClC(Cl)=C,LGXVIGDEPROXKC-UHFFFAOYSA-N,fish_96h_lc50,LC50,MOR,MORT,Oryzias latipes,Japanese Medaka,Chordata,Actinopterygii,Beloniformes,Adrianichthyidae,Oryzias,Fish;Standard Test Species,96.0,FW,,,,2005.0,japan_moe_official_summary,dsstox_casrn,unclassified,45.0,mg/L,0.0004641855091599,-3.3333084213771107,96.944,,True,False,1,1,,,,0.0,,,,official_summary_table,not specified in summary,test material,mortality,True,True,,,,,,,,,,,,,,,,,,,,,,,,,,,,,,,,,,,,,japan_moe_75-35-4_fish_96h_lc50_p2_r20,Japan_MOE_official_summary,official_summary_source,MOE:2:20:fish_96h_lc50,45.0,False,,,official_summary_source,official_summary_not_individual_report_reviewed,https://www.env.go.jp/content/000316616.pdf,2.0,20.0
japan_moe__japan_moe_75-50-3_daphnia_48h_ec50_p2_r21,75-50-3,Trimethylamine,75-50-3,DTXSID2026238,CN(C)C,GETQZCLCWQTVFV-UHFFFAOYSA-N,daphnia_48h_ec50,EC50,ITX,IMBL,Daphnia magna,Water Flea,Arthropoda,Branchiopoda,Diplostraca,Daphniidae,Daphnia,Crustaceans;Standard Test Species,48.0,FW,,,,2010.0,japan_moe_official_summary,dsstox_casrn,unclassified,28.0,mg/L,0.0004736770875625,-3.3245176222084902,59.112,,True,False,1,1,,,,0.0,,,,official_summary_table,not specified in summary,test material,immobilisation (Japanese table header: acute swimming inhibition),True,True,,,,,,,,,,,,,,,,,,,,,,,,,,,,,,,,,,,,,japan_moe_75-50-3_daphnia_48h_ec50_p2_r21,Japan_MOE_official_summary,official_summary_source,MOE:2:21:daphnia_48h_ec50,28.0,False,,,official_summary_source,official_summary_not_individual_report_reviewed,https://www.env.go.jp/content/000316616.pdf,2.0,21.0
japan_moe__japan_moe_75-91-2_algae_72_96h_ec50_p3_r1,75-91-2,tert-Butylhydroperoxide,75-91-2,DTXSID9024693,CC(C)(C)OO,CIHOLLKRGTVIJN-UHFFFAOYSA-N,algae_72_96h_ec50,EC50,GRO,GGRO,Pseudokirchneriella subcapitata,Green Alga,Chlorophyta,Chlorophyceae,Sphaeropleales,Selenastraceae,Pseudokirchneriella,Algae;Standard Test Species,72.0,FW,,,,2009.0,japan_moe_official_summary,dsstox_casrn,unclassified,1.1,mg/L,1.22056767492954e-05,-4.913438135924259,90.122,,True,False,1,1,,,,0.0,,,,official_summary_table,not specified in summary,test material,growth rate,True,True,,,,,,,,,,,,,,,,,,,,,,,,,,,,,,,,,,,,,japan_moe_75-91-2_algae_72_96h_ec50_p3_r1,Japan_MOE_official_summary,official_summary_source,MOE:3:1:algae_72_96h_ec50,1.1,False,,,official_summary_source,official_summary_not_individual_report_reviewed,https://www.env.go.jp/content/000316616.pdf,3.0,1.0
japan_moe__japan_moe_75-91-2_daphnia_48h_ec50_p3_r1,75-91-2,tert-Butylhydroperoxide,75-91-2,DTXSID9024693,CC(C)(C)OO,CIHOLLKRGTVIJN-UHFFFAOYSA-N,daphnia_48h_ec50,EC50,ITX,IMBL,Daphnia magna,Water Flea,Arthropoda,Branchiopoda,Diplostraca,Daphniidae,Daphnia,Crustaceans;Standard Test Species,48.0,FW,,,,2009.0,japan_moe_official_summary,dsstox_casrn,unclassified,14.0,mg/L,0.0001553449768092,-3.808702785404245,90.122,,True,False,1,1,,,,0.0,,,,official_summary_table,not specified in summary,test material,immobilisation (Japanese table header: acute swimming inhibition),True,True,,,,,,,,,,,,,,,,,,,,,,,,,,,,,,,,,,,,,japan_moe_75-91-2_daphnia_48h_ec50_p3_r1,Japan_MOE_official_summary,official_summary_source,MOE:3:1:daphnia_48h_ec50,14.0,False,,,official_summary_source,official_summary_not_individual_report_reviewed,https://www.env.go.jp/content/000316616.pdf,3.0,1.0
japan_moe__japan_moe_75-91-2_fish_96h_lc50_p3_r1,75-91-2,tert-Butylhydroperoxide,75-91-2,DTXSID9024693,CC(C)(C)OO,CIHOLLKRGTVIJN-UHFFFAOYSA-N,fish_96h_lc50,LC50,MOR,MORT,Oryzias latipes,Japanese Medaka,Chordata,Actinopterygii,Beloniformes,Adrianichthyidae,Oryzias,Fish;Standard Test Species,96.0,FW,,,,2009.0,japan_moe_official_summary,dsstox_casrn,unclassified,94.0,mg/L,0.0010430305585761,-2.981702967482785,90.122,,True,False,1,1,,,,0.0,,,,official_summary_table,not specified in summary,test material,mortality,True,True,,,,,,,,,,,,,,,,,,,,,,,,,,,,,,,,,,,,,japan_moe_75-91-2_fish_96h_lc50_p3_r1,Japan_MOE_official_summary,official_summary_source,MOE:3:1:fish_96h_lc50,94.0,False,,,official_summary_source,official_summary_not_individual_report_reviewed,https://www.env.go.jp/content/000316616.pdf,3.0,1.0
japan_moe__japan_moe_75-98-9_algae_72_96h_ec50_p3_r3,75-98-9,Pivalic acid,75-98-9,DTXSID8026432,CC(C)(C)C(O)=O,IUGYQRQAERSCNH-UHFFFAOYSA-N,algae_72_96h_ec50,EC50,GRO,GGRO,Pseudokirchneriella subcapitata,Green Alga,Chlorophyta,Chlorophyceae,Sphaeropleales,Selenastraceae,Pseudokirchneriella,Algae;Standard Test Species,72.0,FW,,,,2010.0,japan_moe_official_summary,dsstox_casrn,unclassified,66.0,mg/L,0.0006462162082774,-3.189622153286533,102.13299999999998,,True,False,1,1,,,,0.0,,,,official_summary_table,not specified in summary,test material,growth rate,True,True,,,,,,,,,,,,,,,,,,,,,,,,,,,,,,,,,,,,,japan_moe_75-98-9_algae_72_96h_ec50_p3_r3,Japan_MOE_official_summary,official_summary_source,MOE:3:3:algae_72_96h_ec50,66.0,False,,,official_summary_source,official_summary_not_individual_report_reviewed,https://www.env.go.jp/content/000316616.pdf,3.0,3.0
japan_moe__japan_moe_75-98-9_daphnia_48h_ec50_p3_r3,75-98-9,Pivalic acid,75-98-9,DTXSID8026432,CC(C)(C)C(O)=O,IUGYQRQAERSCNH-UHFFFAOYSA-N,daphnia_48h_ec50,EC50,ITX,IMBL,Daphnia magna,Water Flea,Arthropoda,Branchiopoda,Diplostraca,Daphniidae,Daphnia,Crustaceans;Standard Test Species,48.0,FW,,,,2010.0,japan_moe_official_summary,dsstox_casrn,unclassified,87.0,mg/L,0.0008518304563657,-3.0696468362097837,102.13299999999998,,True,False,1,1,,,,0.0,,,,official_summary_table,not specified in summary,test material,immobilisation (Japanese table header: acute swimming inhibition),True,True,,,,,,,,,,,,,,,,,,,,,,,,,,,,,,,,,,,,,japan_moe_75-98-9_daphnia_48h_ec50_p3_r3,Japan_MOE_official_summary,official_summary_source,MOE:3:3:daphnia_48h_ec50,87.0,False,,,official_summary_source,official_summary_not_individual_report_reviewed,https://www.env.go.jp/content/000316616.pdf,3.0,3.0
japan_moe__japan_moe_76-06-2_algae_72_96h_ec50_p3_r4,76-06-2,Trichloronitromethane,76-06-2,DTXSID0020315,[O-][N+](=O)C(Cl)(Cl)Cl,LFHISGNCFUNFFM-UHFFFAOYSA-N,algae_72_96h_ec50,EC50,GRO,GGRO,Pseudokirchneriella subcapitata,Green Alga,Chlorophyta,Chlorophyceae,Sphaeropleales,Selenastraceae,Pseudokirchneriella,Algae;Standard Test Species,72.0,FW,,,,2010.0,japan_moe_official_summary,dsstox_casrn,unclassified,7.8e-05,mg/L,4.745247148288971e-10,-9.323741163143351,164.37500000000003,,True,False,1,1,,,,0.0,,,,official_summary_table,not specified in summary,test material,growth rate,True,True,,,,,,,,,,,,,,,,,,,,,,,,,,,,,,,,,,,,,japan_moe_76-06-2_algae_72_96h_ec50_p3_r4,Japan_MOE_official_summary,official_summary_source,MOE:3:4:algae_72_96h_ec50,7.8e-05,False,,,official_summary_source,official_summary_not_individual_report_reviewed,https://www.env.go.jp/content/000316616.pdf,3.0,4.0
japan_moe__japan_moe_76-06-2_daphnia_48h_ec50_p3_r4,76-06-2,Trichloronitromethane,76-06-2,DTXSID0020315,[O-][N+](=O)C(Cl)(Cl)Cl,LFHISGNCFUNFFM-UHFFFAOYSA-N,daphnia_48h_ec50,EC50,ITX,IMBL,Daphnia magna,Water Flea,Arthropoda,Branchiopoda,Diplostraca,Daphniidae,Daphnia,Crustaceans;Standard Test Species,48.0,FW,,,,2010.0,japan_moe_official_summary,dsstox_casrn,unclassified,0.11,mg/L,6.692015209125474e-07,-6.1744430806756085,164.37500000000003,,True,False,1,1,,,,0.0,,,,official_summary_table,not specified in summary,test material,immobilisation (Japanese table header: acute swimming inhibition),True,True,,,,,,,,,,,,,,,,,,,,,,,,,,,,,,,,,,,,,japan_moe_76-06-2_daphnia_48h_ec50_p3_r4,Japan_MOE_official_summary,official_summary_source,MOE:3:4:daphnia_48h_ec50,0.11,False,,,official_summary_source,official_summary_not_individual_report_reviewed,https://www.env.go.jp/content/000316616.pdf,3.0,4.0
japan_moe__japan_moe_76-06-2_fish_96h_lc50_p3_r4,76-06-2,Trichloronitromethane,76-06-2,DTXSID0020315,[O-][N+](=O)C(Cl)(Cl)Cl,LFHISGNCFUNFFM-UHFFFAOYSA-N,fish_96h_lc50,LC50,MOR,MORT,Oryzias latipes,Japanese Medaka,Chordata,Actinopterygii,Beloniformes,Adrianichthyidae,Oryzias,Fish;Standard Test Species,96.0,FW,,,,2010.0,japan_moe_official_summary,dsstox_casrn,unclassified,0.01,mg/L,6.083650190114069e-08,-7.215835765833833,164.37500000000003,,True,False,1,1,,,,0.0,,,,official_summary_table,not specified in summary,test material,mortality,True,True,,,,,,,,,,,,,,,,,,,,,,,,,,,,,,,,,,,,,japan_moe_76-06-2_fish_96h_lc50_p3_r4,Japan_MOE_official_summary,official_summary_source,MOE:3:4:fish_96h_lc50,0.01,False,,,official_summary_source,official_summary_not_individual_report_reviewed,https://www.env.go.jp/content/000316616.pdf,3.0,4.0
japan_moe__japan_moe_76-13-1_daphnia_48h_ec50_p3_r5,76-13-1,"1,1,2-Trichloro-1,2,2-trifluoroethane",76-13-1,DTXSID6021377,FC(F)(Cl)C(F)(Cl)Cl,AJDIZQLSFPQPEY-UHFFFAOYSA-N,daphnia_48h_ec50,EC50,ITX,IMBL,Daphnia magna,Water Flea,Arthropoda,Branchiopoda,Diplostraca,Daphniidae,Daphnia,Crustaceans;Standard Test Species,48.0,FW,,,,1999.0,japan_moe_official_summary,dsstox_casrn,unclassified,4.3,mg/L,2.2948632421614407e-05,-4.6392431902767495,187.37500000000003,,True,False,1,1,,,,0.0,,,,official_summary_table,not specified in summary,test material,immobilisation (Japanese table header: acute swimming inhibition),True,True,,,,,,,,,,,,,,,,,,,,,,,,,,,,,,,,,,,,,japan_moe_76-13-1_daphnia_48h_ec50_p3_r5,Japan_MOE_official_summary,official_summary_source,MOE:3:5:daphnia_48h_ec50,4.3,False,,,official_summary_source,official_summary_not_individual_report_reviewed,https://www.env.go.jp/content/000316616.pdf,3.0,5.0
japan_moe__japan_moe_76-13-1_fish_96h_lc50_p3_r5,76-13-1,"1,1,2-Trichloro-1,2,2-trifluoroethane",76-13-1,DTXSID6021377,FC(F)(Cl)C(F)(Cl)Cl,AJDIZQLSFPQPEY-UHFFFAOYSA-N,fish_96h_lc50,LC50,MOR,MORT,Oryzias latipes,Japanese Medaka,Chordata,Actinopterygii,Beloniformes,Adrianichthyidae,Oryzias,Fish;Standard Test Species,96.0,FW,,,,1999.0,japan_moe_official_summary,dsstox_casrn,unclassified,19.0,mg/L,0.0001014009339559,-3.993958044903507,187.37500000000003,,True,False,1,1,,,,0.0,,,,official_summary_table,not specified in summary,test material,mortality,True,True,,,,,,,,,,,,,,,,,,,,,,,,,,,,,,,,,,,,,japan_moe_76-13-1_fish_96h_lc50_p3_r5,Japan_MOE_official_summary,official_summary_source,MOE:3:5:fish_96h_lc50,19.0,False,,,official_summary_source,official_summary_not_individual_report_reviewed,https://www.env.go.jp/content/000316616.pdf,3.0,5.0
japan_moe__japan_moe_760-23-6_algae_72_96h_ec50_p23_r1,760-23-6,"3,4-Dichlorobut-1-ene",760-23-6,DTXSID8022113,ClCC(Cl)C=C,XVEASTGLHPVZNA-UHFFFAOYSA-N,algae_72_96h_ec50,EC50,GRO,GGRO,Pseudokirchneriella subcapitata,Green Alga,Chlorophyta,Chlorophyceae,Sphaeropleales,Selenastraceae,Pseudokirchneriella,Algae;Standard Test Species,72.0,FW,,,,1996.0,japan_moe_official_summary,dsstox_casrn,unclassified,58.0,mg/L,0.0004640074241187,-3.3334750706778182,124.998,,True,False,1,1,,,,0.0,,,,official_summary_table,not specified in summary,test material,growth rate,True,True,,,,,,,,,,,,,,,,,,,,,,,,,,,,,,,,,,,,,japan_moe_760-23-6_algae_72_96h_ec50_p23_r1,Japan_MOE_official_summary,official_summary_source,MOE:23:1:algae_72_96h_ec50,58.0,False,,,official_summary_source,official_summary_not_individual_report_reviewed,https://www.env.go.jp/content/000316616.pdf,23.0,1.0
japan_moe__japan_moe_760-23-6_daphnia_48h_ec50_p23_r1,760-23-6,"3,4-Dichlorobut-1-ene",760-23-6,DTXSID8022113,ClCC(Cl)C=C,XVEASTGLHPVZNA-UHFFFAOYSA-N,daphnia_48h_ec50,EC50,ITX,IMBL,Daphnia magna,Water Flea,Arthropoda,Branchiopoda,Diplostraca,Daphniidae,Daphnia,Crustaceans;Standard Test Species,48.0,FW,,,,1996.0,japan_moe_official_summary,dsstox_casrn,unclassified,10.0,mg/L,8.000128002048032e-05,-4.096903064240756,124.998,,True,False,1,1,,,,0.0,,,,official_summary_table,not specified in summary,test material,immobilisation (Japanese table header: acute swimming inhibition),True,True,,,,,,,,,,,,,,,,,,,,,,,,,,,,,,,,,,,,,japan_moe_760-23-6_daphnia_48h_ec50_p23_r1,Japan_MOE_official_summary,official_summary_source,MOE:23:1:daphnia_48h_ec50,10.0,False,,,official_summary_source,official_summary_not_individual_report_reviewed,https://www.env.go.jp/content/000316616.pdf,23.0,1.0
japan_moe__japan_moe_760-23-6_fish_96h_lc50_p23_r1,760-23-6,"3,4-Dichlorobut-1-ene",760-23-6,DTXSID8022113,ClCC(Cl)C=C,XVEASTGLHPVZNA-UHFFFAOYSA-N,fish_96h_lc50,LC50,MOR,MORT,Oryzias latipes,Japanese Medaka,Chordata,Actinopterygii,Beloniformes,Adrianichthyidae,Oryzias,Fish;Standard Test Species,96.0,FW,,,,1996.0,japan_moe_official_summary,dsstox_casrn,unclassified,27.0,mg/L,0.0002160034560552,-3.665539300081768,124.998,,True,False,1,1,,,,0.0,,,,official_summary_table,not specified in summary,test material,mortality,True,True,,,,,,,,,,,,,,,,,,,,,,,,,,,,,,,,,,,,,japan_moe_760-23-6_fish_96h_lc50_p23_r1,Japan_MOE_official_summary,official_summary_source,MOE:23:1:fish_96h_lc50,27.0,False,,,official_summary_source,official_summary_not_individual_report_reviewed,https://www.env.go.jp/content/000316616.pdf,23.0,1.0
japan_moe__japan_moe_76334-36-6_daphnia_48h_ec50_p33_r1,76334-36-6,3-Bromo-3-buten-1-ol,76334-36-6,DTXSID00336472,OCCC(Br)=C,RTKMFQOHBDVEBC-UHFFFAOYSA-N,daphnia_48h_ec50,EC50,ITX,IMBL,Daphnia magna,Water Flea,Arthropoda,Branchiopoda,Diplostraca,Daphniidae,Daphnia,Crustaceans;Standard Test Species,48.0,FW,,,,2005.0,japan_moe_official_summary,dsstox_casrn,unclassified,69.0,mg/L,0.0004569445640152,-3.340136484837393,151.003,,True,False,1,1,,,,0.0,,,,official_summary_table,not specified in summary,test material,immobilisation (Japanese table header: acute swimming inhibition),True,True,,,,,,,,,,,,,,,,,,,,,,,,,,,,,,,,,,,,,japan_moe_76334-36-6_daphnia_48h_ec50_p33_r1,Japan_MOE_official_summary,official_summary_source,MOE:33:1:daphnia_48h_ec50,69.0,False,,,official_summary_source,official_summary_not_individual_report_reviewed,https://www.env.go.jp/content/000316616.pdf,33.0,1.0
japan_moe__japan_moe_76334-36-6_fish_96h_lc50_p33_r1,76334-36-6,3-Bromo-3-buten-1-ol,76334-36-6,DTXSID00336472,OCCC(Br)=C,RTKMFQOHBDVEBC-UHFFFAOYSA-N,fish_96h_lc50,LC50,MOR,MORT,Oryzias latipes,Japanese Medaka,Chordata,Actinopterygii,Beloniformes,Adrianichthyidae,Oryzias,Fish;Standard Test Species,96.0,FW,,,,2005.0,japan_moe_official_summary,dsstox_casrn,unclassified,43.0,mg/L,0.0002847625543863,-3.545517119995062,151.003,,True,False,1,1,,,,0.0,,,,official_summary_table,not specified in summary,test material,mortality,True,True,,,,,,,,,,,,,,,,,,,,,,,,,,,,,,,,,,,,,japan_moe_76334-36-6_fish_96h_lc50_p33_r1,Japan_MOE_official_summary,official_summary_source,MOE:33:1:fish_96h_lc50,43.0,False,,,official_summary_source,official_summary_not_individual_report_reviewed,https://www.env.go.jp/content/000316616.pdf,33.0,1.0
japan_moe__japan_moe_764-13-6_daphnia_48h_ec50_p23_r3,764-13-6,"2,5-Dimethylhexa-2,4-diene",764-13-6,DTXSID3022116,CC(C)=CC=C(C)C,DZPCYXCBXGQBRN-UHFFFAOYSA-N,daphnia_48h_ec50,EC50,ITX,IMBL,Daphnia magna,Water Flea,Arthropoda,Branchiopoda,Diplostraca,Daphniidae,Daphnia,Crustaceans;Standard Test Species,48.0,FW,,,,2008.0,japan_moe_official_summary,dsstox_casrn,unclassified,4.2,mg/L,3.811252268602541e-05,-4.418932304117866,110.2,,True,False,1,1,,,,0.0,,,,official_summary_table,not specified in summary,test material,immobilisation (Japanese table header: acute swimming inhibition),True,True,,,,,,,,,,,,,,,,,,,,,,,,,,,,,,,,,,,,,japan_moe_764-13-6_daphnia_48h_ec50_p23_r3,Japan_MOE_official_summary,official_summary_source,MOE:23:3:daphnia_48h_ec50,4.2,False,,,official_summary_source,official_summary_not_individual_report_reviewed,https://www.env.go.jp/content/000316616.pdf,23.0,3.0
japan_moe__japan_moe_764-13-6_fish_96h_lc50_p23_r3,764-13-6,"2,5-Dimethylhexa-2,4-diene",764-13-6,DTXSID3022116,CC(C)=CC=C(C)C,DZPCYXCBXGQBRN-UHFFFAOYSA-N,fish_96h_lc50,LC50,MOR,MORT,Oryzias latipes,Japanese Medaka,Chordata,Actinopterygii,Beloniformes,Adrianichthyidae,Oryzias,Fish;Standard Test Species,96.0,FW,,,,2008.0,japan_moe_official_summary,dsstox_casrn,unclassified,2.6,mg/L,2.3593466424682395e-05,-4.6272082465449484,110.2,,True,False,1,1,,,,0.0,,,,official_summary_table,not specified in summary,test material,mortality,True,True,,,,,,,,,,,,,,,,,,,,,,,,,,,,,,,,,,,,,japan_moe_764-13-6_fish_96h_lc50_p23_r3,Japan_MOE_official_summary,official_summary_source,MOE:23:3:fish_96h_lc50,2.6,False,,,official_summary_source,official_summary_not_individual_report_reviewed,https://www.env.go.jp/content/000316616.pdf,23.0,3.0
japan_moe__japan_moe_764-42-1_algae_72_96h_ec50_p23_r4,764-42-1,"2-Butenedinitrile, (E)-",764-42-1,DTXSID7025342,N#C\C=C\C#N,KYPOHTVBFVELTG-OWOJBTEDSA-N,algae_72_96h_ec50,EC50,GRO,GGRO,Pseudokirchneriella subcapitata,Green Alga,Chlorophyta,Chlorophyceae,Sphaeropleales,Selenastraceae,Pseudokirchneriella,Algae;Standard Test Species,72.0,FW,,,,2010.0,japan_moe_official_summary,dsstox_casrn,unclassified,0.38,mg/L,4.86717729333709e-06,-5.312722833720415,78.07400000000001,,True,False,1,1,,,,0.0,,,,official_summary_table,not specified in summary,test material,growth rate,True,True,,,,,,,,,,,,,,,,,,,,,,,,,,,,,,,,,,,,,japan_moe_764-42-1_algae_72_96h_ec50_p23_r4,Japan_MOE_official_summary,official_summary_source,MOE:23:4:algae_72_96h_ec50,0.38,False,,,official_summary_source,official_summary_not_individual_report_reviewed,https://www.env.go.jp/content/000316616.pdf,23.0,4.0
japan_moe__japan_moe_764-42-1_daphnia_48h_ec50_p23_r4,764-42-1,"2-Butenedinitrile, (E)-",764-42-1,DTXSID7025342,N#C\C=C\C#N,KYPOHTVBFVELTG-OWOJBTEDSA-N,daphnia_48h_ec50,EC50,ITX,IMBL,Daphnia magna,Water Flea,Arthropoda,Branchiopoda,Diplostraca,Daphniidae,Daphnia,Crustaceans;Standard Test Species,48.0,FW,,,,2010.0,japan_moe_official_summary,dsstox_casrn,unclassified,0.33,mg/L,4.226759228424315e-06,-5.373992490459338,78.07400000000001,,True,False,1,1,,,,0.0,,,,official_summary_table,not specified in summary,test material,immobilisation (Japanese table header: acute swimming inhibition),True,True,,,,,,,,,,,,,,,,,,,,,,,,,,,,,,,,,,,,,japan_moe_764-42-1_daphnia_48h_ec50_p23_r4,Japan_MOE_official_summary,official_summary_source,MOE:23:4:daphnia_48h_ec50,0.33,False,,,official_summary_source,official_summary_not_individual_report_reviewed,https://www.env.go.jp/content/000316616.pdf,23.0,4.0
japan_moe__japan_moe_764-42-1_fish_96h_lc50_p23_r4,764-42-1,"2-Butenedinitrile, (E)-",764-42-1,DTXSID7025342,N#C\C=C\C#N,KYPOHTVBFVELTG-OWOJBTEDSA-N,fish_96h_lc50,LC50,MOR,MORT,Oryzias latipes,Japanese Medaka,Chordata,Actinopterygii,Beloniformes,Adrianichthyidae,Oryzias,Fish;Standard Test Species,96.0,FW,,,,2010.0,japan_moe_official_summary,dsstox_casrn,unclassified,0.36,mg/L,4.611010067371979e-06,-5.336203929569939,78.07400000000001,,True,False,1,1,,,,0.0,,,,official_summary_table,not specified in summary,test material,mortality,True,True,,,,,,,,,,,,,,,,,,,,,,,,,,,,,,,,,,,,,japan_moe_764-42-1_fish_96h_lc50_p23_r4,Japan_MOE_official_summary,official_summary_source,MOE:23:4:fish_96h_lc50,0.36,False,,,official_summary_source,official_summary_not_individual_report_reviewed,https://www.env.go.jp/content/000316616.pdf,23.0,4.0
japan_moe__japan_moe_77-47-4_daphnia_48h_ec50_p3_r6,77-47-4,Hexachlorocyclopentadiene,77-47-4,DTXSID2020688,ClC1=C(Cl)C(Cl)(Cl)C(Cl)=C1Cl,VUNCWTMEJYMOOR-UHFFFAOYSA-N,daphnia_48h_ec50,EC50,ITX,IMBL,Daphnia magna,Water Flea,Arthropoda,Branchiopoda,Diplostraca,Daphniidae,Daphnia,Crustaceans;Standard Test Species,48.0,FW,,,,2005.0,japan_moe_official_summary,dsstox_casrn,unclassified,0.0091,mg/L,3.336107312673908e-08,-7.476759987844691,272.773,,True,False,1,1,,,,0.0,,,,official_summary_table,not specified in summary,test material,immobilisation (Japanese table header: acute swimming inhibition),True,True,,,,,,,,,,,,,,,,,,,,,,,,,,,,,,,,,,,,,japan_moe_77-47-4_daphnia_48h_ec50_p3_r6,Japan_MOE_official_summary,official_summary_source,MOE:3:6:daphnia_48h_ec50,0.0091,False,,,official_summary_source,official_summary_not_individual_report_reviewed,https://www.env.go.jp/content/000316616.pdf,3.0,6.0
japan_moe__japan_moe_77-47-4_fish_96h_lc50_p3_r6,77-47-4,Hexachlorocyclopentadiene,77-47-4,DTXSID2020688,ClC1=C(Cl)C(Cl)(Cl)C(Cl)=C1Cl,VUNCWTMEJYMOOR-UHFFFAOYSA-N,fish_96h_lc50,LC50,MOR,MORT,Oryzias latipes,Japanese Medaka,Chordata,Actinopterygii,Beloniformes,Adrianichthyidae,Oryzias,Fish;Standard Test Species,96.0,FW,,,,2005.0,japan_moe_official_summary,dsstox_casrn,unclassified,0.014,mg/L,5.1324727887290895e-08,-7.289673344487547,272.773,,True,False,1,1,,,,0.0,,,,official_summary_table,not specified in summary,test material,mortality,True,True,,,,,,,,,,,,,,,,,,,,,,,,,,,,,,,,,,,,,japan_moe_77-47-4_fish_96h_lc50_p3_r6,Japan_MOE_official_summary,official_summary_source,MOE:3:6:fish_96h_lc50,0.014,False,,,official_summary_source,official_summary_not_individual_report_reviewed,https://www.env.go.jp/content/000316616.pdf,3.0,6.0
japan_moe__japan_moe_78-51-3_algae_72_96h_ec50_p3_r11,78-51-3,Tri-n-butoxyethyl phosphate,78-51-3,DTXSID5021758,CCCCOCCOP(=O)(OCCOCCCC)OCCOCCCC,WTLBZVNBAKMVDP-UHFFFAOYSA-N,algae_72_96h_ec50,EC50,GRO,GGRO,Pseudokirchneriella subcapitata,Green Alga,Chlorophyta,Chlorophyceae,Sphaeropleales,Selenastraceae,Pseudokirchneriella,Algae;Standard Test Species,72.0,FW,,,,2008.0,japan_moe_official_summary,dsstox_casrn,unclassified,63.0,mg/L,0.0001581019732631,-3.801062709625217,398.47700000000026,,True,False,1,1,,,,0.0,,,,official_summary_table,not specified in summary,test material,growth rate,True,True,,,,,,,,,,,,,,,,,,,,,,,,,,,,,,,,,,,,,japan_moe_78-51-3_algae_72_96h_ec50_p3_r11,Japan_MOE_official_summary,official_summary_source,MOE:3:11:algae_72_96h_ec50,63.0,False,,,official_summary_source,official_summary_not_individual_report_reviewed,https://www.env.go.jp/content/000316616.pdf,3.0,11.0
japan_moe__japan_moe_78-51-3_daphnia_48h_ec50_p3_r11,78-51-3,Tri-n-butoxyethyl phosphate,78-51-3,DTXSID5021758,CCCCOCCOP(=O)(OCCOCCCC)OCCOCCCC,WTLBZVNBAKMVDP-UHFFFAOYSA-N,daphnia_48h_ec50,EC50,ITX,IMBL,Daphnia magna,Water Flea,Arthropoda,Branchiopoda,Diplostraca,Daphniidae,Daphnia,Crustaceans;Standard Test Species,48.0,FW,,,,2008.0,japan_moe_official_summary,dsstox_casrn,unclassified,33.0,mg/L,8.281531932834262e-05,-4.081889319200911,398.47700000000026,,True,False,1,1,,,,0.0,,,,official_summary_table,not specified in summary,test material,immobilisation (Japanese table header: acute swimming inhibition),True,True,,,,,,,,,,,,,,,,,,,,,,,,,,,,,,,,,,,,,japan_moe_78-51-3_daphnia_48h_ec50_p3_r11,Japan_MOE_official_summary,official_summary_source,MOE:3:11:daphnia_48h_ec50,33.0,False,,,official_summary_source,official_summary_not_individual_report_reviewed,https://www.env.go.jp/content/000316616.pdf,3.0,11.0
japan_moe__japan_moe_78-51-3_fish_96h_lc50_p3_r11,78-51-3,Tri-n-butoxyethyl phosphate,78-51-3,DTXSID5021758,CCCCOCCOP(=O)(OCCOCCCC)OCCOCCCC,WTLBZVNBAKMVDP-UHFFFAOYSA-N,fish_96h_lc50,LC50,MOR,MORT,Oryzias latipes,Japanese Medaka,Chordata,Actinopterygii,Beloniformes,Adrianichthyidae,Oryzias,Fish;Standard Test Species,96.0,FW,,,,2008.0,japan_moe_official_summary,dsstox_casrn,unclassified,21.0,mg/L,5.270065775439985e-05,-4.27818396434488,398.47700000000026,,True,False,1,1,,,,0.0,,,,official_summary_table,not specified in summary,test material,mortality,True,True,,,,,,,,,,,,,,,,,,,,,,,,,,,,,,,,,,,,,japan_moe_78-51-3_fish_96h_lc50_p3_r11,Japan_MOE_official_summary,official_summary_source,MOE:3:11:fish_96h_lc50,21.0,False,,,official_summary_source,official_summary_not_individual_report_reviewed,https://www.env.go.jp/content/000316616.pdf,3.0,11.0
japan_moe__japan_moe_78-59-1_algae_72_96h_ec50_p3_r12,78-59-1,"3,5,5-Trimethyl-2-cyclohexen-1-one",78-59-1,DTXSID8020759,CC1=CC(=O)CC(C)(C)C1,HJOVHMDZYOCNQW-UHFFFAOYSA-N,algae_72_96h_ec50,EC50,GRO,GGRO,Pseudokirchneriella subcapitata,Green Alga,Chlorophyta,Chlorophyceae,Sphaeropleales,Selenastraceae,Pseudokirchneriella,Algae;Standard Test Species,72.0,FW,,,,1996.0,japan_moe_official_summary,dsstox_casrn,unclassified,230.0,mg/L,0.0016641342884017,-2.778811630954749,138.20999999999998,,True,False,1,1,,,,0.0,,,,official_summary_table,not specified in summary,test material,growth rate,True,True,,,,,,,,,,,,,,,,,,,,,,,,,,,,,,,,,,,,,japan_moe_78-59-1_algae_72_96h_ec50_p3_r12,Japan_MOE_official_summary,official_summary_source,MOE:3:12:algae_72_96h_ec50,230.0,False,,,official_summary_source,official_summary_not_individual_report_reviewed,https://www.env.go.jp/content/000316616.pdf,3.0,12.0
japan_moe__japan_moe_78-59-1_daphnia_48h_ec50_p3_r12,78-59-1,"3,5,5-Trimethyl-2-cyclohexen-1-one",78-59-1,DTXSID8020759,CC1=CC(=O)CC(C)(C)C1,HJOVHMDZYOCNQW-UHFFFAOYSA-N,daphnia_48h_ec50,EC50,ITX,IMBL,Daphnia magna,Water Flea,Arthropoda,Branchiopoda,Diplostraca,Daphniidae,Daphnia,Crustaceans;Standard Test Species,48.0,FW,,,,1996.0,japan_moe_official_summary,dsstox_casrn,unclassified,220.0,mg/L,0.0015917806236885,-2.798116786150136,138.20999999999998,,True,False,1,1,,,,0.0,,,,official_summary_table,not specified in summary,test material,immobilisation (Japanese table header: acute swimming inhibition),True,True,,,,,,,,,,,,,,,,,,,,,,,,,,,,,,,,,,,,,japan_moe_78-59-1_daphnia_48h_ec50_p3_r12,Japan_MOE_official_summary,official_summary_source,MOE:3:12:daphnia_48h_ec50,220.0,False,,,official_summary_source,official_summary_not_individual_report_reviewed,https://www.env.go.jp/content/000316616.pdf,3.0,12.0
japan_moe__japan_moe_78-70-6_daphnia_48h_ec50_p3_r14,78-70-6,"1,6-Octadiene-3-ol, 3,7-dimethyl-",78-70-6,DTXSID7025502,CC(C)=CCCC(C)(O)C=C,CDOSHBSSFJOMGT-UHFFFAOYSA-N,daphnia_48h_ec50,EC50,ITX,IMBL,Daphnia magna,Water Flea,Arthropoda,Branchiopoda,Diplostraca,Daphniidae,Daphnia,Crustaceans;Standard Test Species,48.0,FW,,,,1998.0,japan_moe_official_summary,dsstox_casrn,unclassified,52.0,mg/L,0.000337108516528,-3.472230275558493,154.253,,True,False,1,1,,,,0.0,,,,official_summary_table,not specified in summary,test material,immobilisation (Japanese table header: acute swimming inhibition),True,True,,,,,,,,,,,,,,,,,,,,,,,,,,,,,,,,,,,,,japan_moe_78-70-6_daphnia_48h_ec50_p3_r14,Japan_MOE_official_summary,official_summary_source,MOE:3:14:daphnia_48h_ec50,52.0,False,,,official_summary_source,official_summary_not_individual_report_reviewed,https://www.env.go.jp/content/000316616.pdf,3.0,14.0
japan_moe__japan_moe_78-70-6_fish_96h_lc50_p3_r14,78-70-6,"1,6-Octadiene-3-ol, 3,7-dimethyl-",78-70-6,DTXSID7025502,CC(C)=CCCC(C)(O)C=C,CDOSHBSSFJOMGT-UHFFFAOYSA-N,fish_96h_lc50,LC50,MOR,MORT,Oryzias latipes,Japanese Medaka,Chordata,Actinopterygii,Beloniformes,Adrianichthyidae,Oryzias,Fish;Standard Test Species,96.0,FW,,,,1998.0,japan_moe_official_summary,dsstox_casrn,unclassified,39.0,mg/L,0.000252831387396,-3.597169012166793,154.253,,True,False,1,1,,,,0.0,,,,official_summary_table,not specified in summary,test material,mortality,True,True,,,,,,,,,,,,,,,,,,,,,,,,,,,,,,,,,,,,,japan_moe_78-70-6_fish_96h_lc50_p3_r14,Japan_MOE_official_summary,official_summary_source,MOE:3:14:fish_96h_lc50,39.0,False,,,official_summary_source,official_summary_not_individual_report_reviewed,https://www.env.go.jp/content/000316616.pdf,3.0,14.0
japan_moe__japan_moe_78-79-5_algae_72_96h_ec50_p3_r15,78-79-5,Isoprene,78-79-5,DTXSID2020761,CC(=C)C=C,RRHGJUQNOFWUDK-UHFFFAOYSA-N,algae_72_96h_ec50,EC50,GRO,GGRO,Pseudokirchneriella subcapitata,Green Alga,Chlorophyta,Chlorophyceae,Sphaeropleales,Selenastraceae,Pseudokirchneriella,Algae;Standard Test Species,72.0,FW,,,,2000.0,japan_moe_official_summary,dsstox_casrn,unclassified,67.0,mg/L,0.000983572865133,-3.0071934611101474,68.11900000000001,,True,False,1,1,,,,0.0,,,,official_summary_table,not specified in summary,test material,growth rate,True,True,,,,,,,,,,,,,,,,,,,,,,,,,,,,,,,,,,,,,japan_moe_78-79-5_algae_72_96h_ec50_p3_r15,Japan_MOE_official_summary,official_summary_source,MOE:3:15:algae_72_96h_ec50,67.0,False,,,official_summary_source,official_summary_not_individual_report_reviewed,https://www.env.go.jp/content/000316616.pdf,3.0,15.0
japan_moe__japan_moe_78-79-5_daphnia_48h_ec50_p3_r15,78-79-5,Isoprene,78-79-5,DTXSID2020761,CC(=C)C=C,RRHGJUQNOFWUDK-UHFFFAOYSA-N,daphnia_48h_ec50,EC50,ITX,IMBL,Daphnia magna,Water Flea,Arthropoda,Branchiopoda,Diplostraca,Daphniidae,Daphnia,Crustaceans;Standard Test Species,48.0,FW,,,,2000.0,japan_moe_official_summary,dsstox_casrn,unclassified,3.2,mg/L,4.6976614454117055e-05,-4.328118285491068,68.11900000000001,,True,False,1,1,,,,0.0,,,,official_summary_table,not specified in summary,test material,immobilisation (Japanese table header: acute swimming inhibition),True,True,,,,,,,,,,,,,,,,,,,,,,,,,,,,,,,,,,,,,japan_moe_78-79-5_daphnia_48h_ec50_p3_r15,Japan_MOE_official_summary,official_summary_source,MOE:3:15:daphnia_48h_ec50,3.2,False,,,official_summary_source,official_summary_not_individual_report_reviewed,https://www.env.go.jp/content/000316616.pdf,3.0,15.0
japan_moe__japan_moe_78-79-5_fish_96h_lc50_p3_r15,78-79-5,Isoprene,78-79-5,DTXSID2020761,CC(=C)C=C,RRHGJUQNOFWUDK-UHFFFAOYSA-N,fish_96h_lc50,LC50,MOR,MORT,Oryzias latipes,Japanese Medaka,Chordata,Actinopterygii,Beloniformes,Adrianichthyidae,Oryzias,Fish;Standard Test Species,96.0,FW,,,,2000.0,japan_moe_official_summary,dsstox_casrn,unclassified,15.0,mg/L,0.0002202028802536,-3.657177004755293,68.11900000000001,,True,False,1,1,,,,0.0,,,,official_summary_table,not specified in summary,test material,mortality,True,True,,,,,,,,,,,,,,,,,,,,,,,,,,,,,,,,,,,,,japan_moe_78-79-5_fish_96h_lc50_p3_r15,Japan_MOE_official_summary,official_summary_source,MOE:3:15:fish_96h_lc50,15.0,False,,,official_summary_source,official_summary_not_individual_report_reviewed,https://www.env.go.jp/content/000316616.pdf,3.0,15.0
japan_moe__japan_moe_78-87-5_algae_72_96h_ec50_p3_r16,78-87-5,"1,2-Dichloropropane",78-87-5,DTXSID0020448,CC(Cl)CCl,KNKRKFALVUDBJE-UHFFFAOYSA-N,algae_72_96h_ec50,EC50,GRO,GGRO,Pseudokirchneriella subcapitata,Green Alga,Chlorophyta,Chlorophyceae,Sphaeropleales,Selenastraceae,Pseudokirchneriella,Algae;Standard Test Species,72.0,FW,,,,1995.0,japan_moe_official_summary,dsstox_casrn,unclassified,140.0,mg/L,0.0012390806021931,-2.9069004418489897,112.987,,True,False,1,1,,,,0.0,,,,official_summary_table,not specified in summary,test material,growth rate,True,True,,,,,,,,,,,,,,,,,,,,,,,,,,,,,,,,,,,,,japan_moe_78-87-5_algae_72_96h_ec50_p3_r16,Japan_MOE_official_summary,official_summary_source,MOE:3:16:algae_72_96h_ec50,140.0,False,,,official_summary_source,official_summary_not_individual_report_reviewed,https://www.env.go.jp/content/000316616.pdf,3.0,16.0
japan_moe__japan_moe_78-87-5_daphnia_48h_ec50_p3_r16,78-87-5,"1,2-Dichloropropane",78-87-5,DTXSID0020448,CC(Cl)CCl,KNKRKFALVUDBJE-UHFFFAOYSA-N,daphnia_48h_ec50,EC50,ITX,IMBL,Daphnia magna,Water Flea,Arthropoda,Branchiopoda,Diplostraca,Daphniidae,Daphnia,Crustaceans;Standard Test Species,48.0,FW,,,,1995.0,japan_moe_official_summary,dsstox_casrn,unclassified,30.0,mg/L,0.0002655172718985,-3.575907222807565,112.987,,True,False,1,1,,,,0.0,,,,official_summary_table,not specified in summary,test material,immobilisation (Japanese table header: acute swimming inhibition),True,True,,,,,,,,,,,,,,,,,,,,,,,,,,,,,,,,,,,,,japan_moe_78-87-5_daphnia_48h_ec50_p3_r16,Japan_MOE_official_summary,official_summary_source,MOE:3:16:daphnia_48h_ec50,30.0,False,,,official_summary_source,official_summary_not_individual_report_reviewed,https://www.env.go.jp/content/000316616.pdf,3.0,16.0
japan_moe__japan_moe_78-87-5_fish_96h_lc50_p3_r16,78-87-5,"1,2-Dichloropropane",78-87-5,DTXSID0020448,CC(Cl)CCl,KNKRKFALVUDBJE-UHFFFAOYSA-N,fish_96h_lc50,LC50,MOR,MORT,Oryzias latipes,Japanese Medaka,Chordata,Actinopterygii,Beloniformes,Adrianichthyidae,Oryzias,Fish;Standard Test Species,96.0,FW,,,,1995.0,japan_moe_official_summary,dsstox_casrn,unclassified,160.0,mg/L,0.0014160921167921,-2.848908494871303,112.987,,True,False,1,1,,,,0.0,,,,official_summary_table,not specified in summary,test material,mortality,True,True,,,,,,,,,,,,,,,,,,,,,,,,,,,,,,,,,,,,,japan_moe_78-87-5_fish_96h_lc50_p3_r16,Japan_MOE_official_summary,official_summary_source,MOE:3:16:fish_96h_lc50,160.0,False,,,official_summary_source,official_summary_not_individual_report_reviewed,https://www.env.go.jp/content/000316616.pdf,3.0,16.0
japan_moe__japan_moe_782-74-1_daphnia_48h_ec50_p23_r6,782-74-1,"1,2-Bis(2-chlorophenyl)hydrazine",782-74-1,DTXSID3061138,ClC1=C(NNC2=C(Cl)C=CC=C2)C=CC=C1,IWKMQNKKYZERHI-UHFFFAOYSA-N,daphnia_48h_ec50,EC50,ITX,IMBL,Daphnia magna,Water Flea,Arthropoda,Branchiopoda,Diplostraca,Daphniidae,Daphnia,Crustaceans;Standard Test Species,48.0,FW,,,,1999.0,japan_moe_official_summary,dsstox_casrn,unclassified,0.23,mg/L,9.08616848126669e-07,-6.041619214494093,253.13200000000003,,True,False,1,1,,,,0.0,,,,official_summary_table,not specified in summary,test material,immobilisation (Japanese table header: acute swimming inhibition),True,True,,,,,,,,,,,,,,,,,,,,,,,,,,,,,,,,,,,,,japan_moe_782-74-1_daphnia_48h_ec50_p23_r6,Japan_MOE_official_summary,official_summary_source,MOE:23:6:daphnia_48h_ec50,0.23,False,,,official_summary_source,official_summary_not_individual_report_reviewed,https://www.env.go.jp/content/000316616.pdf,23.0,6.0
japan_moe__japan_moe_782-74-1_fish_96h_lc50_p23_r6,782-74-1,"1,2-Bis(2-chlorophenyl)hydrazine",782-74-1,DTXSID3061138,ClC1=C(NNC2=C(Cl)C=CC=C2)C=CC=C1,IWKMQNKKYZERHI-UHFFFAOYSA-N,fish_96h_lc50,LC50,MOR,MORT,Oryzias latipes,Japanese Medaka,Chordata,Actinopterygii,Beloniformes,Adrianichthyidae,Oryzias,Fish;Standard Test Species,96.0,FW,,,,1999.0,japan_moe_official_summary,dsstox_casrn,unclassified,0.1,mg/L,3.9505080353333433e-07,-6.403347050511687,253.13200000000003,,True,False,1,1,,,,0.0,,,,official_summary_table,not specified in summary,test material,mortality,True,True,,,,,,,,,,,,,,,,,,,,,,,,,,,,,,,,,,,,,japan_moe_782-74-1_fish_96h_lc50_p23_r6,Japan_MOE_official_summary,official_summary_source,MOE:23:6:fish_96h_lc50,0.1,False,,,official_summary_source,official_summary_not_individual_report_reviewed,https://www.env.go.jp/content/000316616.pdf,23.0,6.0
japan_moe__japan_moe_79-01-6_algae_72_96h_ec50_p3_r18,79-01-6,Trichloroethylene,79-01-6,DTXSID0021383,ClC=C(Cl)Cl,XSTXAVWGXDQKEL-UHFFFAOYSA-N,algae_72_96h_ec50,EC50,GRO,GGRO,Pseudokirchneriella subcapitata,Green Alga,Chlorophyta,Chlorophyceae,Sphaeropleales,Selenastraceae,Pseudokirchneriella,Algae;Standard Test Species,72.0,FW,,,,1995.0,japan_moe_official_summary,dsstox_casrn,unclassified,77.0,mg/L,0.0005860460160287,-3.232068282065948,131.389,,True,False,1,1,,,,0.0,,,,official_summary_table,not specified in summary,test material,growth rate,True,True,,,,,,,,,,,,,,,,,,,,,,,,,,,,,,,,,,,,,japan_moe_79-01-6_algae_72_96h_ec50_p3_r18,Japan_MOE_official_summary,official_summary_source,MOE:3:18:algae_72_96h_ec50,77.0,False,,,official_summary_source,official_summary_not_individual_report_reviewed,https://www.env.go.jp/content/000316616.pdf,3.0,18.0
japan_moe__japan_moe_79-01-6_daphnia_48h_ec50_p3_r18,79-01-6,Trichloroethylene,79-01-6,DTXSID0021383,ClC=C(Cl)Cl,XSTXAVWGXDQKEL-UHFFFAOYSA-N,daphnia_48h_ec50,EC50,ITX,IMBL,Daphnia magna,Water Flea,Arthropoda,Branchiopoda,Diplostraca,Daphniidae,Daphnia,Crustaceans;Standard Test Species,48.0,FW,,,,1995.0,japan_moe_official_summary,dsstox_casrn,unclassified,11.0,mg/L,8.372085943267701e-05,-4.077166322080205,131.389,,True,False,1,1,,,,0.0,,,,official_summary_table,not specified in summary,test material,immobilisation (Japanese table header: acute swimming inhibition),True,True,,,,,,,,,,,,,,,,,,,,,,,,,,,,,,,,,,,,,japan_moe_79-01-6_daphnia_48h_ec50_p3_r18,Japan_MOE_official_summary,official_summary_source,MOE:3:18:daphnia_48h_ec50,11.0,False,,,official_summary_source,official_summary_not_individual_report_reviewed,https://www.env.go.jp/content/000316616.pdf,3.0,18.0
japan_moe__japan_moe_79-01-6_fish_96h_lc50_p3_r18,79-01-6,Trichloroethylene,79-01-6,DTXSID0021383,ClC=C(Cl)Cl,XSTXAVWGXDQKEL-UHFFFAOYSA-N,fish_96h_lc50,LC50,MOR,MORT,Oryzias latipes,Japanese Medaka,Chordata,Actinopterygii,Beloniformes,Adrianichthyidae,Oryzias,Fish;Standard Test Species,96.0,FW,,,,1995.0,japan_moe_official_summary,dsstox_casrn,unclassified,38.0,mg/L,0.0002892175144037,-3.53877541062162,131.389,,True,False,1,1,,,,0.0,,,,official_summary_table,not specified in summary,test material,mortality,True,True,,,,,,,,,,,,,,,,,,,,,,,,,,,,,,,,,,,,,japan_moe_79-01-6_fish_96h_lc50_p3_r18,Japan_MOE_official_summary,official_summary_source,MOE:3:18:fish_96h_lc50,38.0,False,,,official_summary_source,official_summary_not_individual_report_reviewed,https://www.env.go.jp/content/000316616.pdf,3.0,18.0
japan_moe__japan_moe_79-10-7_algae_72_96h_ec50_p3_r19,79-10-7,Acrylic acid,79-10-7,DTXSID0039229,OC(=O)C=C,NIXOWILDQLNWCW-UHFFFAOYSA-N,algae_72_96h_ec50,EC50,GRO,GGRO,Pseudokirchneriella subcapitata,Green Alga,Chlorophyta,Chlorophyceae,Sphaeropleales,Selenastraceae,Pseudokirchneriella,Algae;Standard Test Species,72.0,FW,,,,2004.0,japan_moe_official_summary,dsstox_casrn,unclassified,0.75,mg/L,1.0407560051621495e-05,-4.982651074554795,72.06300000000002,,True,False,1,1,,,,0.0,,,,official_summary_table,not specified in summary,test material,growth rate,True,True,,,,,,,,,,,,,,,,,,,,,,,,,,,,,,,,,,,,,japan_moe_79-10-7_algae_72_96h_ec50_p3_r19,Japan_MOE_official_summary,official_summary_source,MOE:3:19:algae_72_96h_ec50,0.75,False,,,official_summary_source,official_summary_not_individual_report_reviewed,https://www.env.go.jp/content/000316616.pdf,3.0,19.0
japan_moe__japan_moe_79-10-7_daphnia_48h_ec50_p3_r19,79-10-7,Acrylic acid,79-10-7,DTXSID0039229,OC(=O)C=C,NIXOWILDQLNWCW-UHFFFAOYSA-N,daphnia_48h_ec50,EC50,ITX,IMBL,Daphnia magna,Water Flea,Arthropoda,Branchiopoda,Diplostraca,Daphniidae,Daphnia,Crustaceans;Standard Test Species,48.0,FW,,,,2004.0,japan_moe_official_summary,dsstox_casrn,unclassified,47.0,mg/L,0.0006522070965682,-3.185614480010777,72.06300000000002,,True,False,1,1,,,,0.0,,,,official_summary_table,not specified in summary,test material,immobilisation (Japanese table header: acute swimming inhibition),True,True,,,,,,,,,,,,,,,,,,,,,,,,,,,,,,,,,,,,,japan_moe_79-10-7_daphnia_48h_ec50_p3_r19,Japan_MOE_official_summary,official_summary_source,MOE:3:19:daphnia_48h_ec50,47.0,False,,,official_summary_source,official_summary_not_individual_report_reviewed,https://www.env.go.jp/content/000316616.pdf,3.0,19.0
japan_moe__japan_moe_79-10-7_fish_96h_lc50_p3_r19,79-10-7,Acrylic acid,79-10-7,DTXSID0039229,OC(=O)C=C,NIXOWILDQLNWCW-UHFFFAOYSA-N,fish_96h_lc50,LC50,MOR,MORT,Oryzias latipes,Japanese Medaka,Chordata,Actinopterygii,Beloniformes,Adrianichthyidae,Oryzias,Fish;Standard Test Species,96.0,FW,,,,2004.0,japan_moe_official_summary,dsstox_casrn,unclassified,62.0,mg/L,0.0008603582976007,-3.065320648448241,72.06300000000002,,True,False,1,1,,,,0.0,,,,official_summary_table,not specified in summary,test material,mortality,True,True,,,,,,,,,,,,,,,,,,,,,,,,,,,,,,,,,,,,,japan_moe_79-10-7_fish_96h_lc50_p3_r19,Japan_MOE_official_summary,official_summary_source,MOE:3:19:fish_96h_lc50,62.0,False,,,official_summary_source,official_summary_not_individual_report_reviewed,https://www.env.go.jp/content/000316616.pdf,3.0,19.0
japan_moe__japan_moe_79-11-8_algae_72_96h_ec50_p3_r20,79-11-8,Chloroacetic acid,79-11-8,DTXSID4020901,OC(=O)CCl,FOCAUTSVDIKZOP-UHFFFAOYSA-N,algae_72_96h_ec50,EC50,GRO,GGRO,Pseudokirchneriella subcapitata,Green Alga,Chlorophyta,Chlorophyceae,Sphaeropleales,Selenastraceae,Pseudokirchneriella,Algae;Standard Test Species,72.0,FW,,,,2004.0,japan_moe_official_summary,dsstox_casrn,unclassified,0.16,mg/L,1.693175444723113e-06,-5.771298038508081,94.497,,True,False,1,1,,,,0.0,,,,official_summary_table,not specified in summary,test material,growth rate,True,True,,,,,,,,,,,,,,,,,,,,,,,,,,,,,,,,,,,,,japan_moe_79-11-8_algae_72_96h_ec50_p3_r20,Japan_MOE_official_summary,official_summary_source,MOE:3:20:algae_72_96h_ec50,0.16,False,,,official_summary_source,official_summary_not_individual_report_reviewed,https://www.env.go.jp/content/000316616.pdf,3.0,20.0
japan_moe__japan_moe_79-11-8_fish_96h_lc50_p3_r20,79-11-8,Chloroacetic acid,79-11-8,DTXSID4020901,OC(=O)CCl,FOCAUTSVDIKZOP-UHFFFAOYSA-N,fish_96h_lc50,LC50,MOR,MORT,Oryzias latipes,Japanese Medaka,Chordata,Actinopterygii,Beloniformes,Adrianichthyidae,Oryzias,Fish;Standard Test Species,96.0,FW,,,,2004.0,japan_moe_official_summary,dsstox_casrn,unclassified,72.0,mg/L,0.0007619289501254,-3.118085524732737,94.497,,True,False,1,1,,,,0.0,,,,official_summary_table,not specified in summary,test material,mortality,True,True,,,,,,,,,,,,,,,,,,,,,,,,,,,,,,,,,,,,,japan_moe_79-11-8_fish_96h_lc50_p3_r20,Japan_MOE_official_summary,official_summary_source,MOE:3:20:fish_96h_lc50,72.0,False,,,official_summary_source,official_summary_not_individual_report_reviewed,https://www.env.go.jp/content/000316616.pdf,3.0,20.0
japan_moe__japan_moe_79-14-1_daphnia_48h_ec50_p3_r21,79-14-1,Glycolic acid,79-14-1,DTXSID0025363,OCC(O)=O,AEMRFAOFKBGASW-UHFFFAOYSA-N,daphnia_48h_ec50,EC50,ITX,IMBL,Daphnia magna,Water Flea,Arthropoda,Branchiopoda,Diplostraca,Daphniidae,Daphnia,Crustaceans;Standard Test Species,48.0,FW,,,,1998.0,japan_moe_official_summary,dsstox_casrn,unclassified,44.0,mg/L,0.0005785591247978,-3.23765225250936,76.051,,True,False,1,1,,,,0.0,,,,official_summary_table,not specified in summary,test material,immobilisation (Japanese table header: acute swimming inhibition),True,True,,,,,,,,,,,,,,,,,,,,,,,,,,,,,,,,,,,,,japan_moe_79-14-1_daphnia_48h_ec50_p3_r21,Japan_MOE_official_summary,official_summary_source,MOE:3:21:daphnia_48h_ec50,44.0,False,,,official_summary_source,official_summary_not_individual_report_reviewed,https://www.env.go.jp/content/000316616.pdf,3.0,21.0
japan_moe__japan_moe_79-14-1_fish_96h_lc50_p3_r21,79-14-1,Glycolic acid,79-14-1,DTXSID0025363,OCC(O)=O,AEMRFAOFKBGASW-UHFFFAOYSA-N,fish_96h_lc50,LC50,MOR,MORT,Oryzias latipes,Japanese Medaka,Chordata,Actinopterygii,Beloniformes,Adrianichthyidae,Oryzias,Fish;Standard Test Species,96.0,FW,,,,1998.0,japan_moe_official_summary,dsstox_casrn,unclassified,78.0,mg/L,0.0010256275394143,-2.989010326305067,76.051,,True,False,1,1,,,,0.0,,,,official_summary_table,not specified in summary,test material,mortality,True,True,,,,,,,,,,,,,,,,,,,,,,,,,,,,,,,,,,,,,japan_moe_79-14-1_fish_96h_lc50_p3_r21,Japan_MOE_official_summary,official_summary_source,MOE:3:21:fish_96h_lc50,78.0,False,,,official_summary_source,official_summary_not_individual_report_reviewed,https://www.env.go.jp/content/000316616.pdf,3.0,21.0
japan_moe__japan_moe_79-19-6_algae_72_96h_ec50_p3_r22,79-19-6,Thiosemicarbazide,79-19-6,DTXSID9021346,NNC(N)=S,BRWIZMBXBAOCCF-UHFFFAOYSA-N,algae_72_96h_ec50,EC50,GRO,GGRO,Pseudokirchneriella subcapitata,Green Alga,Chlorophyta,Chlorophyceae,Sphaeropleales,Selenastraceae,Pseudokirchneriella,Algae;Standard Test Species,72.0,FW,,,,2009.0,japan_moe_official_summary,dsstox_casrn,unclassified,19.0,mg/L,0.0002084727723587,-3.680950658131603,91.139,,True,False,1,1,,,,0.0,,,,official_summary_table,not specified in summary,test material,growth rate,True,True,,,,,,,,,,,,,,,,,,,,,,,,,,,,,,,,,,,,,japan_moe_79-19-6_algae_72_96h_ec50_p3_r22,Japan_MOE_official_summary,official_summary_source,MOE:3:22:algae_72_96h_ec50,19.0,False,,,official_summary_source,official_summary_not_individual_report_reviewed,https://www.env.go.jp/content/000316616.pdf,3.0,22.0
japan_moe__japan_moe_79-19-6_daphnia_48h_ec50_p3_r22,79-19-6,Thiosemicarbazide,79-19-6,DTXSID9021346,NNC(N)=S,BRWIZMBXBAOCCF-UHFFFAOYSA-N,daphnia_48h_ec50,EC50,ITX,IMBL,Daphnia magna,Water Flea,Arthropoda,Branchiopoda,Diplostraca,Daphniidae,Daphnia,Crustaceans;Standard Test Species,48.0,FW,,,,2009.0,japan_moe_official_summary,dsstox_casrn,unclassified,12.0,mg/L,0.0001316670141212,-3.880523013036808,91.139,,True,False,1,1,,,,0.0,,,,official_summary_table,not specified in summary,test material,immobilisation (Japanese table header: acute swimming inhibition),True,True,,,,,,,,,,,,,,,,,,,,,,,,,,,,,,,,,,,,,japan_moe_79-19-6_daphnia_48h_ec50_p3_r22,Japan_MOE_official_summary,official_summary_source,MOE:3:22:daphnia_48h_ec50,12.0,False,,,official_summary_source,official_summary_not_individual_report_reviewed,https://www.env.go.jp/content/000316616.pdf,3.0,22.0
japan_moe__japan_moe_79-19-6_fish_96h_lc50_p3_r22,79-19-6,Thiosemicarbazide,79-19-6,DTXSID9021346,NNC(N)=S,BRWIZMBXBAOCCF-UHFFFAOYSA-N,fish_96h_lc50,LC50,MOR,MORT,Oryzias latipes,Japanese Medaka,Chordata,Actinopterygii,Beloniformes,Adrianichthyidae,Oryzias,Fish;Standard Test Species,96.0,FW,,,,2009.0,japan_moe_official_summary,dsstox_casrn,unclassified,21.0,mg/L,0.0002304172747122,-3.637484964350513,91.139,,True,False,1,1,,,,0.0,,,,official_summary_table,not specified in summary,test material,mortality,True,True,,,,,,,,,,,,,,,,,,,,,,,,,,,,,,,,,,,,,japan_moe_79-19-6_fish_96h_lc50_p3_r22,Japan_MOE_official_summary,official_summary_source,MOE:3:22:fish_96h_lc50,21.0,False,,,official_summary_source,official_summary_not_individual_report_reviewed,https://www.env.go.jp/content/000316616.pdf,3.0,22.0
japan_moe__japan_moe_79-43-6_algae_72_96h_ec50_p4_r2,79-43-6,Dichloracetic acid,79-43-6,DTXSID2020428,OC(=O)C(Cl)Cl,JXTHNDFMNIQAHM-UHFFFAOYSA-N,algae_72_96h_ec50,EC50,GRO,GGRO,Pseudokirchneriella subcapitata,Green Alga,Chlorophyta,Chlorophyceae,Sphaeropleales,Selenastraceae,Pseudokirchneriella,Algae;Standard Test Species,72.0,FW,,,,2017.0,japan_moe_official_summary,dsstox_casrn,unclassified,17.0,mg/L,0.0001318422236354,-3.879945480825551,128.942,,True,False,1,1,,,,0.0,,,,official_summary_table,not specified in summary,test material,growth rate,True,True,,,,,,,,,,,,,,,,,,,,,,,,,,,,,,,,,,,,,japan_moe_79-43-6_algae_72_96h_ec50_p4_r2,Japan_MOE_official_summary,official_summary_source,MOE:4:2:algae_72_96h_ec50,17.0,False,,,official_summary_source,official_summary_not_individual_report_reviewed,https://www.env.go.jp/content/000316616.pdf,4.0,2.0
japan_moe__japan_moe_79-94-7_algae_72_96h_ec50_p4_r3,79-94-7,Tetrabromobisphenol A,79-94-7,DTXSID1026081,CC(C)(C1=CC(Br)=C(O)C(Br)=C1)C1=CC(Br)=C(O)C(Br)=C1,VEORPZCZECFIRK-UHFFFAOYSA-N,algae_72_96h_ec50,EC50,GRO,GGRO,Pseudokirchneriella subcapitata,Green Alga,Chlorophyta,Chlorophyceae,Sphaeropleales,Selenastraceae,Pseudokirchneriella,Algae;Standard Test Species,72.0,FW,,,,1999.0,japan_moe_official_summary,dsstox_casrn,unclassified,9.5,mg/L,1.7467248908296942e-05,-4.757775491011926,543.875,,True,False,1,1,,,,0.0,,,,official_summary_table,not specified in summary,test material,growth rate,True,True,,,,,,,,,,,,,,,,,,,,,,,,,,,,,,,,,,,,,japan_moe_79-94-7_algae_72_96h_ec50_p4_r3,Japan_MOE_official_summary,official_summary_source,MOE:4:3:algae_72_96h_ec50,9.5,False,,,official_summary_source,official_summary_not_individual_report_reviewed,https://www.env.go.jp/content/000316616.pdf,4.0,3.0
japan_moe__japan_moe_79-94-7_daphnia_48h_ec50_p4_r3,79-94-7,Tetrabromobisphenol A,79-94-7,DTXSID1026081,CC(C)(C1=CC(Br)=C(O)C(Br)=C1)C1=CC(Br)=C(O)C(Br)=C1,VEORPZCZECFIRK-UHFFFAOYSA-N,daphnia_48h_ec50,EC50,ITX,IMBL,Daphnia magna,Water Flea,Arthropoda,Branchiopoda,Diplostraca,Daphniidae,Daphnia,Crustaceans;Standard Test Species,48.0,FW,,,,1999.0,japan_moe_official_summary,dsstox_casrn,unclassified,7.87,mg/L,1.4470236727189152e-05,-4.839524363941709,543.875,,True,False,1,1,,,,0.0,,,,official_summary_table,nominal concentration,test material,immobilisation; source report 48 h EiC50,True,True,,,,,,,,,,,,,,,,,,,,,,,,,,,,,,,,,,,,,japan_moe_79-94-7_daphnia_48h_ec50_p4_r3,Japan_MOE_official_summary,primary_source_aligned,MOE:4:3:daphnia_48h_ec50,7.9,True,79-94-7_daphnia_37047.pdf,"7,8",primary_source_aligned,48 h EiC50 = 7.87 mg/L; report uses nominal concentration within the stated acceptance range.,https://www.env.go.jp/content/000316616.pdf,4.0,3.0
japan_moe__japan_moe_79-94-7_fish_96h_lc50_p4_r3,79-94-7,Tetrabromobisphenol A,79-94-7,DTXSID1026081,CC(C)(C1=CC(Br)=C(O)C(Br)=C1)C1=CC(Br)=C(O)C(Br)=C1,VEORPZCZECFIRK-UHFFFAOYSA-N,fish_96h_lc50,LC50,MOR,MORT,Oryzias latipes,Japanese Medaka,Chordata,Actinopterygii,Beloniformes,Adrianichthyidae,Oryzias,Fish;Standard Test Species,96.0,FW,,,,1999.0,japan_moe_official_summary,dsstox_casrn,unclassified,9.19,mg/L,1.6897264996552518e-05,-4.772183584914662,543.875,,True,False,1,1,,,,0.0,,,,official_summary_table,nominal concentration,test material,mortality; source report 96 h LC50,True,True,,,,,,,,,,,,,,,,,,,,,,,,,,,,,,,,,,,,,japan_moe_79-94-7_fish_96h_lc50_p4_r3,Japan_MOE_official_summary,primary_source_aligned,MOE:4:3:fish_96h_lc50,9.2,True,79-94-7_fish_37046.pdf,7,primary_source_aligned,96 h LC50 = 9.19 mg/L; report uses nominal concentration within the stated acceptance range.,https://www.env.go.jp/content/000316616.pdf,4.0,3.0
japan_moe__japan_moe_793-24-8_daphnia_48h_ec50_p23_r7,793-24-8,"N-1,3-Dimethylbutyl-N'-phenyl-p- phenylenediamine",793-24-8,DTXSID9025114,CC(C)CC(C)NC1=CC=C(NC2=CC=CC=C2)C=C1,ZZMVLMVFYMGSMY-UHFFFAOYSA-N,daphnia_48h_ec50,EC50,ITX,IMBL,Daphnia magna,Water Flea,Arthropoda,Branchiopoda,Diplostraca,Daphniidae,Daphnia,Crustaceans;Standard Test Species,48.0,FW,,,,1999.0,japan_moe_official_summary,dsstox_casrn,unclassified,0.23,mg/L,8.569171845427044e-07,-6.067061147778106,268.404,,True,False,1,1,,,,0.0,,,,official_summary_table,not specified in summary,test material,immobilisation (Japanese table header: acute swimming inhibition),True,True,,,,,,,,,,,,,,,,,,,,,,,,,,,,,,,,,,,,,japan_moe_793-24-8_daphnia_48h_ec50_p23_r7,Japan_MOE_official_summary,official_summary_source,MOE:23:7:daphnia_48h_ec50,0.23,False,,,official_summary_source,official_summary_not_individual_report_reviewed,https://www.env.go.jp/content/000316616.pdf,23.0,7.0
japan_moe__japan_moe_793-24-8_fish_96h_lc50_p23_r7,793-24-8,"N-1,3-Dimethylbutyl-N'-phenyl-p- phenylenediamine",793-24-8,DTXSID9025114,CC(C)CC(C)NC1=CC=C(NC2=CC=CC=C2)C=C1,ZZMVLMVFYMGSMY-UHFFFAOYSA-N,fish_96h_lc50,LC50,MOR,MORT,Oryzias latipes,Japanese Medaka,Chordata,Actinopterygii,Beloniformes,Adrianichthyidae,Oryzias,Fish;Standard Test Species,96.0,FW,,,,1999.0,japan_moe_official_summary,dsstox_casrn,unclassified,0.029,mg/L,1.080460797901671e-07,-6.966390985896743,268.404,,True,False,1,1,,,,0.0,,,,official_summary_table,not specified in summary,test material,mortality,True,True,,,,,,,,,,,,,,,,,,,,,,,,,,,,,,,,,,,,,japan_moe_793-24-8_fish_96h_lc50_p23_r7,Japan_MOE_official_summary,official_summary_source,MOE:23:7:fish_96h_lc50,0.029,False,,,official_summary_source,official_summary_not_individual_report_reviewed,https://www.env.go.jp/content/000316616.pdf,23.0,7.0
japan_moe__japan_moe_80-00-2_algae_72_96h_ec50_p4_r5,80-00-2,1-Chloro-4-(phenylsulfonyl)benzene,80-00-2,DTXSID9042259,ClC1=CC=C(C=C1)S(=O)(=O)C1=CC=CC=C1,OFCFYWOKHPOXKF-UHFFFAOYSA-N,algae_72_96h_ec50,EC50,GRO,GGRO,Pseudokirchneriella subcapitata,Green Alga,Chlorophyta,Chlorophyceae,Sphaeropleales,Selenastraceae,Pseudokirchneriella,Algae;Standard Test Species,72.0,FW,,,,2023.0,japan_moe_official_summary,dsstox_casrn,unclassified,4.0,mg/L,1.5827668347037456e-05,-4.800583058517242,252.722,,True,False,1,1,,,,0.0,,,,official_summary_table,not specified in summary,test material,growth rate,True,True,,,,,,,,,,,,,,,,,,,,,,,,,,,,,,,,,,,,,japan_moe_80-00-2_algae_72_96h_ec50_p4_r5,Japan_MOE_official_summary,official_summary_source,MOE:4:5:algae_72_96h_ec50,4.0,False,,,official_summary_source,official_summary_not_individual_report_reviewed,https://www.env.go.jp/content/000316616.pdf,4.0,5.0
japan_moe__japan_moe_80-00-2_daphnia_48h_ec50_p4_r5,80-00-2,1-Chloro-4-(phenylsulfonyl)benzene,80-00-2,DTXSID9042259,ClC1=CC=C(C=C1)S(=O)(=O)C1=CC=CC=C1,OFCFYWOKHPOXKF-UHFFFAOYSA-N,daphnia_48h_ec50,EC50,ITX,IMBL,Daphnia magna,Water Flea,Arthropoda,Branchiopoda,Diplostraca,Daphniidae,Daphnia,Crustaceans;Standard Test Species,48.0,FW,,,,2023.0,japan_moe_official_summary,dsstox_casrn,unclassified,1.6,mg/L,6.331067338814982e-06,-5.19852306718928,252.722,,True,False,1,1,,,,0.0,,,,official_summary_table,not specified in summary,test material,immobilisation (Japanese table header: acute swimming inhibition),True,True,,,,,,,,,,,,,,,,,,,,,,,,,,,,,,,,,,,,,japan_moe_80-00-2_daphnia_48h_ec50_p4_r5,Japan_MOE_official_summary,official_summary_source,MOE:4:5:daphnia_48h_ec50,1.6,False,,,official_summary_source,official_summary_not_individual_report_reviewed,https://www.env.go.jp/content/000316616.pdf,4.0,5.0
japan_moe__japan_moe_80-00-2_fish_96h_lc50_p4_r5,80-00-2,1-Chloro-4-(phenylsulfonyl)benzene,80-00-2,DTXSID9042259,ClC1=CC=C(C=C1)S(=O)(=O)C1=CC=CC=C1,OFCFYWOKHPOXKF-UHFFFAOYSA-N,fish_96h_lc50,LC50,MOR,MORT,Oryzias latipes,Japanese Medaka,Chordata,Actinopterygii,Beloniformes,Adrianichthyidae,Oryzias,Fish;Standard Test Species,96.0,FW,,,,2023.0,japan_moe_official_summary,dsstox_casrn,unclassified,10.0,mg/L,3.956917086759364e-05,-4.402643049845205,252.722,,True,False,1,1,,,,0.0,,,,official_summary_table,not specified in summary,test material,mortality,True,True,,,,,,,,,,,,,,,,,,,,,,,,,,,,,,,,,,,,,japan_moe_80-00-2_fish_96h_lc50_p4_r5,Japan_MOE_official_summary,official_summary_source,MOE:4:5:fish_96h_lc50,10.0,False,,,official_summary_source,official_summary_not_individual_report_reviewed,https://www.env.go.jp/content/000316616.pdf,4.0,5.0
japan_moe__japan_moe_80-04-6_algae_72_96h_ec50_p4_r6,80-04-6,Hydrogenatedbisphenol A,80-04-6,DTXSID0044993,CC(C)(C1CCC(O)CC1)C1CCC(O)CC1,CDBAMNGURPMUTG-UHFFFAOYSA-N,algae_72_96h_ec50,EC50,GRO,GGRO,Pseudokirchneriella subcapitata,Green Alga,Chlorophyta,Chlorophyceae,Sphaeropleales,Selenastraceae,Pseudokirchneriella,Algae;Standard Test Species,72.0,FW,,,,2006.0,japan_moe_official_summary,dsstox_casrn,unclassified,81.0,mg/L,0.0003369566573899,-3.4724259586745,240.387,,True,False,1,1,,,,0.0,,,,official_summary_table,not specified in summary,test material,growth rate,True,True,,,,,,,,,,,,,,,,,,,,,,,,,,,,,,,,,,,,,japan_moe_80-04-6_algae_72_96h_ec50_p4_r6,Japan_MOE_official_summary,official_summary_source,MOE:4:6:algae_72_96h_ec50,81.0,False,,,official_summary_source,official_summary_not_individual_report_reviewed,https://www.env.go.jp/content/000316616.pdf,4.0,6.0
japan_moe__japan_moe_80-04-6_daphnia_48h_ec50_p4_r6,80-04-6,Hydrogenatedbisphenol A,80-04-6,DTXSID0044993,CC(C)(C1CCC(O)CC1)C1CCC(O)CC1,CDBAMNGURPMUTG-UHFFFAOYSA-N,daphnia_48h_ec50,EC50,ITX,IMBL,Daphnia magna,Water Flea,Arthropoda,Branchiopoda,Diplostraca,Daphniidae,Daphnia,Crustaceans;Standard Test Species,48.0,FW,,,,2006.0,japan_moe_official_summary,dsstox_casrn,unclassified,31.0,mg/L,0.0001289587207294,-3.889549283718877,240.387,,True,False,1,1,,,,0.0,,,,official_summary_table,not specified in summary,test material,immobilisation (Japanese table header: acute swimming inhibition),True,True,,,,,,,,,,,,,,,,,,,,,,,,,,,,,,,,,,,,,japan_moe_80-04-6_daphnia_48h_ec50_p4_r6,Japan_MOE_official_summary,official_summary_source,MOE:4:6:daphnia_48h_ec50,31.0,False,,,official_summary_source,official_summary_not_individual_report_reviewed,https://www.env.go.jp/content/000316616.pdf,4.0,6.0
japan_moe__japan_moe_80-04-6_fish_96h_lc50_p4_r6,80-04-6,Hydrogenatedbisphenol A,80-04-6,DTXSID0044993,CC(C)(C1CCC(O)CC1)C1CCC(O)CC1,CDBAMNGURPMUTG-UHFFFAOYSA-N,fish_96h_lc50,LC50,MOR,MORT,Oryzias latipes,Japanese Medaka,Chordata,Actinopterygii,Beloniformes,Adrianichthyidae,Oryzias,Fish;Standard Test Species,96.0,FW,,,,2006.0,japan_moe_official_summary,dsstox_casrn,unclassified,19.0,mg/L,7.903921593097796e-05,-4.10215737660032,240.387,,True,False,1,1,,,,0.0,,,,official_summary_table,not specified in summary,test material,mortality,True,True,,,,,,,,,,,,,,,,,,,,,,,,,,,,,,,,,,,,,japan_moe_80-04-6_fish_96h_lc50_p4_r6,Japan_MOE_official_summary,official_summary_source,MOE:4:6:fish_96h_lc50,19.0,False,,,official_summary_source,official_summary_not_individual_report_reviewed,https://www.env.go.jp/content/000316616.pdf,4.0,6.0
japan_moe__japan_moe_80-05-7_algae_72_96h_ec50_p4_r7,80-05-7,Bisphenol A,80-05-7,DTXSID7020182,CC(C)(C1=CC=C(O)C=C1)C1=CC=C(O)C=C1,IISBACLAFKSPIT-UHFFFAOYSA-N,algae_72_96h_ec50,EC50,GRO,GGRO,Pseudokirchneriella subcapitata,Green Alga,Chlorophyta,Chlorophyceae,Sphaeropleales,Selenastraceae,Pseudokirchneriella,Algae;Standard Test Species,72.0,FW,,,,1998.0,japan_moe_official_summary,dsstox_casrn,unclassified,4.8,mg/L,2.1025796023496325e-05,-4.677247553101148,228.291,,True,False,1,1,,,,0.0,,,,official_summary_table,not specified in summary,test material,growth rate,True,True,,,,,,,,,,,,,,,,,,,,,,,,,,,,,,,,,,,,,japan_moe_80-05-7_algae_72_96h_ec50_p4_r7,Japan_MOE_official_summary,official_summary_source,MOE:4:7:algae_72_96h_ec50,4.8,False,,,official_summary_source,official_summary_not_individual_report_reviewed,https://www.env.go.jp/content/000316616.pdf,4.0,7.0
japan_moe__japan_moe_80-05-7_daphnia_48h_ec50_p4_r7,80-05-7,Bisphenol A,80-05-7,DTXSID7020182,CC(C)(C1=CC=C(O)C=C1)C1=CC=C(O)C=C1,IISBACLAFKSPIT-UHFFFAOYSA-N,daphnia_48h_ec50,EC50,ITX,IMBL,Daphnia magna,Water Flea,Arthropoda,Branchiopoda,Diplostraca,Daphniidae,Daphnia,Crustaceans;Standard Test Species,48.0,FW,,,,1998.0,japan_moe_official_summary,dsstox_casrn,unclassified,13.0,mg/L,5.694486423030255e-05,-4.244545438169898,228.291,,True,False,1,1,,,,0.0,,,,official_summary_table,not specified in summary,test material,immobilisation (Japanese table header: acute swimming inhibition),True,True,,,,,,,,,,,,,,,,,,,,,,,,,,,,,,,,,,,,,japan_moe_80-05-7_daphnia_48h_ec50_p4_r7,Japan_MOE_official_summary,official_summary_source,MOE:4:7:daphnia_48h_ec50,13.0,False,,,official_summary_source,official_summary_not_individual_report_reviewed,https://www.env.go.jp/content/000316616.pdf,4.0,7.0
japan_moe__japan_moe_80-05-7_fish_96h_lc50_p4_r7,80-05-7,Bisphenol A,80-05-7,DTXSID7020182,CC(C)(C1=CC=C(O)C=C1)C1=CC=C(O)C=C1,IISBACLAFKSPIT-UHFFFAOYSA-N,fish_96h_lc50,LC50,MOR,MORT,Oryzias latipes,Japanese Medaka,Chordata,Actinopterygii,Beloniformes,Adrianichthyidae,Oryzias,Fish;Standard Test Species,96.0,FW,,,,1998.0,japan_moe_official_summary,dsstox_casrn,unclassified,8.0,mg/L,3.504299337249388e-05,-4.455398803484791,228.291,,True,False,1,1,,,,0.0,,,,official_summary_table,not specified in summary,test material,mortality,True,True,,,,,,,,,,,,,,,,,,,,,,,,,,,,,,,,,,,,,japan_moe_80-05-7_fish_96h_lc50_p4_r7,Japan_MOE_official_summary,official_summary_source,MOE:4:7:fish_96h_lc50,8.0,False,,,official_summary_source,official_summary_not_individual_report_reviewed,https://www.env.go.jp/content/000316616.pdf,4.0,7.0
japan_moe__japan_moe_80-09-1_algae_72_96h_ec50_p4_r8,80-09-1,Bis(4-hydroxyphenyl)sulfone,80-09-1,DTXSID3022409,OC1=CC=C(C=C1)S(=O)(=O)C1=CC=C(O)C=C1,VPWNQTHUCYMVMZ-UHFFFAOYSA-N,algae_72_96h_ec50,EC50,GRO,GGRO,Pseudokirchneriella subcapitata,Green Alga,Chlorophyta,Chlorophyceae,Sphaeropleales,Selenastraceae,Pseudokirchneriella,Algae;Standard Test Species,72.0,FW,,,,1999.0,japan_moe_official_summary,dsstox_casrn,unclassified,65.0,mg/L,0.0002597143142543,-3.5855041134036374,250.275,,True,False,1,1,,,,0.0,,,,official_summary_table,not specified in summary,test material,growth rate,True,True,,,,,,,,,,,,,,,,,,,,,,,,,,,,,,,,,,,,,japan_moe_80-09-1_algae_72_96h_ec50_p4_r8,Japan_MOE_official_summary,official_summary_source,MOE:4:8:algae_72_96h_ec50,65.0,False,,,official_summary_source,official_summary_not_individual_report_reviewed,https://www.env.go.jp/content/000316616.pdf,4.0,8.0
japan_moe__japan_moe_80-09-1_daphnia_48h_ec50_p4_r8,80-09-1,Bis(4-hydroxyphenyl)sulfone,80-09-1,DTXSID3022409,OC1=CC=C(C=C1)S(=O)(=O)C1=CC=C(O)C=C1,VPWNQTHUCYMVMZ-UHFFFAOYSA-N,daphnia_48h_ec50,EC50,ITX,IMBL,Daphnia magna,Water Flea,Arthropoda,Branchiopoda,Diplostraca,Daphniidae,Daphnia,Crustaceans;Standard Test Species,48.0,FW,,,,1999.0,japan_moe_official_summary,dsstox_casrn,unclassified,100.0,mg/L,0.0003995604834681,-3.3984174700464926,250.275,,True,False,1,1,,,,0.0,,,,official_summary_table,not specified in summary,test material,immobilisation (Japanese table header: acute swimming inhibition),True,True,,,,,,,,,,,,,,,,,,,,,,,,,,,,,,,,,,,,,japan_moe_80-09-1_daphnia_48h_ec50_p4_r8,Japan_MOE_official_summary,official_summary_source,MOE:4:8:daphnia_48h_ec50,100.0,False,,,official_summary_source,official_summary_not_individual_report_reviewed,https://www.env.go.jp/content/000316616.pdf,4.0,8.0
japan_moe__japan_moe_80-43-3_daphnia_48h_ec50_p4_r9,80-43-3,Di-α-cumyl peroxide,80-43-3,DTXSID1025017,CC(C)(OOC(C)(C)C1=CC=CC=C1)C1=CC=CC=C1,XMNIXWIUMCBBBL-UHFFFAOYSA-N,daphnia_48h_ec50,EC50,ITX,IMBL,Daphnia magna,Water Flea,Arthropoda,Branchiopoda,Diplostraca,Daphniidae,Daphnia,Crustaceans;Standard Test Species,48.0,FW,,,,1999.0,japan_moe_official_summary,dsstox_casrn,unclassified,0.26,mg/L,9.61638039441954e-07,-6.016988365648132,270.372,,True,False,1,1,,,,0.0,,,,official_summary_table,not specified in summary,test material,immobilisation (Japanese table header: acute swimming inhibition),True,True,,,,,,,,,,,,,,,,,,,,,,,,,,,,,,,,,,,,,japan_moe_80-43-3_daphnia_48h_ec50_p4_r9,Japan_MOE_official_summary,official_summary_source,MOE:4:9:daphnia_48h_ec50,0.26,False,,,official_summary_source,official_summary_not_individual_report_reviewed,https://www.env.go.jp/content/000316616.pdf,4.0,9.0
japan_moe__japan_moe_80-43-3_fish_96h_lc50_p4_r9,80-43-3,Di-α-cumyl peroxide,80-43-3,DTXSID1025017,CC(C)(OOC(C)(C)C1=CC=CC=C1)C1=CC=CC=C1,XMNIXWIUMCBBBL-UHFFFAOYSA-N,fish_96h_lc50,LC50,MOR,MORT,Oryzias latipes,Japanese Medaka,Chordata,Actinopterygii,Beloniformes,Adrianichthyidae,Oryzias,Fish;Standard Test Species,96.0,FW,,,,1999.0,japan_moe_official_summary,dsstox_casrn,unclassified,0.47,mg/L,1.7383456866835322e-06,-5.759863855683233,270.372,,True,False,1,1,,,,0.0,,,,official_summary_table,not specified in summary,test material,mortality,True,True,,,,,,,,,,,,,,,,,,,,,,,,,,,,,,,,,,,,,japan_moe_80-43-3_fish_96h_lc50_p4_r9,Japan_MOE_official_summary,official_summary_source,MOE:4:9:fish_96h_lc50,0.47,False,,,official_summary_source,official_summary_not_individual_report_reviewed,https://www.env.go.jp/content/000316616.pdf,4.0,9.0
japan_moe__japan_moe_80-51-3_daphnia_48h_ec50_p4_r10,80-51-3,"4,4'-Oxybis(benzenesulfonylhydrazide)",80-51-3,DTXSID7026499,NNS(=O)(=O)C1=CC=C(OC2=CC=C(C=C2)S(=O)(=O)NN)C=C1,NBOCQTNZUPTTEI-UHFFFAOYSA-N,daphnia_48h_ec50,EC50,ITX,IMBL,Daphnia magna,Water Flea,Arthropoda,Branchiopoda,Diplostraca,Daphniidae,Daphnia,Crustaceans;Standard Test Species,48.0,FW,,,,2002.0,japan_moe_official_summary,dsstox_casrn,unclassified,2.9,mg/L,8.091495280426112e-06,-5.091971214848599,358.40100000000007,,True,False,1,1,,,,0.0,,,,official_summary_table,not specified in summary,test material,immobilisation (Japanese table header: acute swimming inhibition),True,True,,,,,,,,,,,,,,,,,,,,,,,,,,,,,,,,,,,,,japan_moe_80-51-3_daphnia_48h_ec50_p4_r10,Japan_MOE_official_summary,official_summary_source,MOE:4:10:daphnia_48h_ec50,2.9,False,,,official_summary_source,official_summary_not_individual_report_reviewed,https://www.env.go.jp/content/000316616.pdf,4.0,10.0
japan_moe__japan_moe_80-62-6_daphnia_48h_ec50_p4_r11,80-62-6,"Methyl methacrylate <2-Propenoic acid, 2-methyl-, methyl ester>",80-62-6,DTXSID2020844,COC(=O)C(C)=C,VVQNEPGJFQJSBK-UHFFFAOYSA-N,daphnia_48h_ec50,EC50,ITX,IMBL,Daphnia magna,Water Flea,Arthropoda,Branchiopoda,Diplostraca,Daphniidae,Daphnia,Crustaceans;Standard Test Species,48.0,FW,,,,2003.0,japan_moe_official_summary,dsstox_casrn,unclassified,84.0,mg/L,0.0008390183485322,-3.076228541460741,100.117,,True,False,1,1,,,,0.0,,,,official_summary_table,not specified in summary,test material,immobilisation (Japanese table header: acute swimming inhibition),True,True,,,,,,,,,,,,,,,,,,,,,,,,,,,,,,,,,,,,,japan_moe_80-62-6_daphnia_48h_ec50_p4_r11,Japan_MOE_official_summary,official_summary_source,MOE:4:11:daphnia_48h_ec50,84.0,False,,,official_summary_source,official_summary_not_individual_report_reviewed,https://www.env.go.jp/content/000316616.pdf,4.0,11.0
japan_moe__japan_moe_818-61-1_algae_72_96h_ec50_p23_r8,818-61-1,2-Hydroxyethyl acrylate,818-61-1,DTXSID2022123,OCCOC(=O)C=C,OMIGHNLMNHATMP-UHFFFAOYSA-N,algae_72_96h_ec50,EC50,GRO,GGRO,Pseudokirchneriella subcapitata,Green Alga,Chlorophyta,Chlorophyceae,Sphaeropleales,Selenastraceae,Pseudokirchneriella,Algae;Standard Test Species,72.0,FW,,,,1998.0,japan_moe_official_summary,dsstox_casrn,unclassified,6.0,mg/L,5.167246546556892e-05,-4.2867408163225935,116.116,,True,False,1,1,,,,0.0,,,,official_summary_table,not specified in summary,test material,growth rate,True,True,,,,,,,,,,,,,,,,,,,,,,,,,,,,,,,,,,,,,japan_moe_818-61-1_algae_72_96h_ec50_p23_r8,Japan_MOE_official_summary,official_summary_source,MOE:23:8:algae_72_96h_ec50,6.0,False,,,official_summary_source,official_summary_not_individual_report_reviewed,https://www.env.go.jp/content/000316616.pdf,23.0,8.0
japan_moe__japan_moe_818-61-1_daphnia_48h_ec50_p23_r8,818-61-1,2-Hydroxyethyl acrylate,818-61-1,DTXSID2022123,OCCOC(=O)C=C,OMIGHNLMNHATMP-UHFFFAOYSA-N,daphnia_48h_ec50,EC50,ITX,IMBL,Daphnia magna,Water Flea,Arthropoda,Branchiopoda,Diplostraca,Daphniidae,Daphnia,Crustaceans;Standard Test Species,48.0,FW,,,,1998.0,japan_moe_official_summary,dsstox_casrn,unclassified,5.2,mg/L,4.478280340349306e-05,-4.348888723071438,116.116,,True,False,1,1,,,,0.0,,,,official_summary_table,not specified in summary,test material,immobilisation (Japanese table header: acute swimming inhibition),True,True,,,,,,,,,,,,,,,,,,,,,,,,,,,,,,,,,,,,,japan_moe_818-61-1_daphnia_48h_ec50_p23_r8,Japan_MOE_official_summary,official_summary_source,MOE:23:8:daphnia_48h_ec50,5.2,False,,,official_summary_source,official_summary_not_individual_report_reviewed,https://www.env.go.jp/content/000316616.pdf,23.0,8.0
japan_moe__japan_moe_818-61-1_fish_96h_lc50_p23_r8,818-61-1,2-Hydroxyethyl acrylate,818-61-1,DTXSID2022123,OCCOC(=O)C=C,OMIGHNLMNHATMP-UHFFFAOYSA-N,fish_96h_lc50,LC50,MOR,MORT,Oryzias latipes,Japanese Medaka,Chordata,Actinopterygii,Beloniformes,Adrianichthyidae,Oryzias,Fish;Standard Test Species,96.0,FW,,,,1998.0,japan_moe_official_summary,dsstox_casrn,unclassified,6.5,mg/L,5.597850425436632e-05,-4.251978710063382,116.116,,True,False,1,1,,,,0.0,,,,official_summary_table,not specified in summary,test material,mortality,True,True,,,,,,,,,,,,,,,,,,,,,,,,,,,,,,,,,,,,,japan_moe_818-61-1_fish_96h_lc50_p23_r8,Japan_MOE_official_summary,official_summary_source,MOE:23:8:fish_96h_lc50,6.5,False,,,official_summary_source,official_summary_not_individual_report_reviewed,https://www.env.go.jp/content/000316616.pdf,23.0,8.0
japan_moe__japan_moe_82-68-8_daphnia_48h_ec50_p4_r12,82-68-8,Pentachloronitrobenzene,82-68-8,DTXSID2021105,[O-][N+](=O)C1=C(Cl)C(Cl)=C(Cl)C(Cl)=C1Cl,LKPLKUMXSAEKID-UHFFFAOYSA-N,daphnia_48h_ec50,EC50,ITX,IMBL,Daphnia magna,Water Flea,Arthropoda,Branchiopoda,Diplostraca,Daphniidae,Daphnia,Crustaceans;Standard Test Species,48.0,FW,,,,1999.0,japan_moe_official_summary,dsstox_casrn,unclassified,0.93,mg/L,3.148955765636428e-06,-5.50183343999062,295.336,,True,False,1,1,,,,0.0,,,,official_summary_table,not specified in summary,test material,immobilisation (Japanese table header: acute swimming inhibition),True,True,,,,,,,,,,,,,,,,,,,,,,,,,,,,,,,,,,,,,japan_moe_82-68-8_daphnia_48h_ec50_p4_r12,Japan_MOE_official_summary,official_summary_source,MOE:4:12:daphnia_48h_ec50,0.93,False,,,official_summary_source,official_summary_not_individual_report_reviewed,https://www.env.go.jp/content/000316616.pdf,4.0,12.0
japan_moe__japan_moe_82-68-8_fish_96h_lc50_p4_r12,82-68-8,Pentachloronitrobenzene,82-68-8,DTXSID2021105,[O-][N+](=O)C1=C(Cl)C(Cl)=C(Cl)C(Cl)=C1Cl,LKPLKUMXSAEKID-UHFFFAOYSA-N,fish_96h_lc50,LC50,MOR,MORT,Oryzias latipes,Japanese Medaka,Chordata,Actinopterygii,Beloniformes,Adrianichthyidae,Oryzias,Fish;Standard Test Species,96.0,FW,,,,1999.0,japan_moe_official_summary,dsstox_casrn,unclassified,0.32,mg/L,1.0835116612942547e-06,-5.965166410224649,295.336,,True,False,1,1,,,,0.0,,,,official_summary_table,not specified in summary,test material,mortality,True,True,,,,,,,,,,,,,,,,,,,,,,,,,,,,,,,,,,,,,japan_moe_82-68-8_fish_96h_lc50_p4_r12,Japan_MOE_official_summary,official_summary_source,MOE:4:12:fish_96h_lc50,0.32,False,,,official_summary_source,official_summary_not_individual_report_reviewed,https://www.env.go.jp/content/000316616.pdf,4.0,12.0
japan_moe__japan_moe_827-43-0_daphnia_48h_ec50_p23_r11,827-43-0,4-Methyl-2-phenyl-1H-imidazole,827-43-0,DTXSID8061187,CC1=CNC(=N1)C1=CC=CC=C1,TYOXIFXYEIILLY-UHFFFAOYSA-N,daphnia_48h_ec50,EC50,ITX,IMBL,Daphnia magna,Water Flea,Arthropoda,Branchiopoda,Diplostraca,Daphniidae,Daphnia,Crustaceans;Standard Test Species,48.0,FW,,,,2006.0,japan_moe_official_summary,dsstox_casrn,unclassified,44.0,mg/L,0.0002781219185355,-3.55576478343379,158.204,,True,False,1,1,,,,0.0,,,,official_summary_table,not specified in summary,test material,immobilisation (Japanese table header: acute swimming inhibition),True,True,,,,,,,,,,,,,,,,,,,,,,,,,,,,,,,,,,,,,japan_moe_827-43-0_daphnia_48h_ec50_p23_r11,Japan_MOE_official_summary,official_summary_source,MOE:23:11:daphnia_48h_ec50,44.0,False,,,official_summary_source,official_summary_not_individual_report_reviewed,https://www.env.go.jp/content/000316616.pdf,23.0,11.0
japan_moe__japan_moe_827-43-0_fish_96h_lc50_p23_r11,827-43-0,4-Methyl-2-phenyl-1H-imidazole,827-43-0,DTXSID8061187,CC1=CNC(=N1)C1=CC=CC=C1,TYOXIFXYEIILLY-UHFFFAOYSA-N,fish_96h_lc50,LC50,MOR,MORT,Oryzias latipes,Japanese Medaka,Chordata,Actinopterygii,Beloniformes,Adrianichthyidae,Oryzias,Fish;Standard Test Species,96.0,FW,,,,2006.0,japan_moe_official_summary,dsstox_casrn,unclassified,45.0,mg/L,0.0002844428712295,-3.5460049461446337,158.204,,True,False,1,1,,,,0.0,,,,official_summary_table,not specified in summary,test material,mortality,True,True,,,,,,,,,,,,,,,,,,,,,,,,,,,,,,,,,,,,,japan_moe_827-43-0_fish_96h_lc50_p23_r11,Japan_MOE_official_summary,official_summary_source,MOE:23:11:fish_96h_lc50,45.0,False,,,official_summary_source,official_summary_not_individual_report_reviewed,https://www.env.go.jp/content/000316616.pdf,23.0,11.0
japan_moe__japan_moe_827-52-1_algae_72_96h_ec50_p23_r12,827-52-1,Cyclohexylbenzene,827-52-1,DTXSID3061188,C1CCC(CC1)C1=CC=CC=C1,IGARGHRYKHJQSM-UHFFFAOYSA-N,algae_72_96h_ec50,EC50,GRO,GGRO,Pseudokirchneriella subcapitata,Green Alga,Chlorophyta,Chlorophyceae,Sphaeropleales,Selenastraceae,Pseudokirchneriella,Algae;Standard Test Species,72.0,FW,,,,2005.0,japan_moe_official_summary,dsstox_casrn,unclassified,0.69,mg/L,4.305503556720329e-06,-5.365976047667761,160.26000000000002,,True,False,1,1,,,,0.0,,,,official_summary_table,not specified in summary,test material,growth rate,True,True,,,,,,,,,,,,,,,,,,,,,,,,,,,,,,,,,,,,,japan_moe_827-52-1_algae_72_96h_ec50_p23_r12,Japan_MOE_official_summary,official_summary_source,MOE:23:12:algae_72_96h_ec50,0.69,False,,,official_summary_source,official_summary_not_individual_report_reviewed,https://www.env.go.jp/content/000316616.pdf,23.0,12.0
japan_moe__japan_moe_827-52-1_daphnia_48h_ec50_p23_r12,827-52-1,Cyclohexylbenzene,827-52-1,DTXSID3061188,C1CCC(CC1)C1=CC=CC=C1,IGARGHRYKHJQSM-UHFFFAOYSA-N,daphnia_48h_ec50,EC50,ITX,IMBL,Daphnia magna,Water Flea,Arthropoda,Branchiopoda,Diplostraca,Daphniidae,Daphnia,Crustaceans;Standard Test Species,48.0,FW,,,,2005.0,japan_moe_official_summary,dsstox_casrn,unclassified,0.37,mg/L,2.3087482840384373e-06,-5.636623414338022,160.26000000000002,,True,False,1,1,,,,0.0,,,,official_summary_table,not specified in summary,test material,immobilisation (Japanese table header: acute swimming inhibition),True,True,,,,,,,,,,,,,,,,,,,,,,,,,,,,,,,,,,,,,japan_moe_827-52-1_daphnia_48h_ec50_p23_r12,Japan_MOE_official_summary,official_summary_source,MOE:23:12:daphnia_48h_ec50,0.37,False,,,official_summary_source,official_summary_not_individual_report_reviewed,https://www.env.go.jp/content/000316616.pdf,23.0,12.0
japan_moe__japan_moe_827-52-1_fish_96h_lc50_p23_r12,827-52-1,Cyclohexylbenzene,827-52-1,DTXSID3061188,C1CCC(CC1)C1=CC=CC=C1,IGARGHRYKHJQSM-UHFFFAOYSA-N,fish_96h_lc50,LC50,MOR,MORT,Oryzias latipes,Japanese Medaka,Chordata,Actinopterygii,Beloniformes,Adrianichthyidae,Oryzias,Fish;Standard Test Species,96.0,FW,,,,2005.0,japan_moe_official_summary,dsstox_casrn,unclassified,1.2,mg/L,7.487832272557093e-06,-5.125643892357392,160.26000000000002,,True,False,1,1,,,,0.0,,,,official_summary_table,not specified in summary,test material,mortality,True,True,,,,,,,,,,,,,,,,,,,,,,,,,,,,,,,,,,,,,japan_moe_827-52-1_fish_96h_lc50_p23_r12,Japan_MOE_official_summary,official_summary_source,MOE:23:12:fish_96h_lc50,1.2,False,,,official_summary_source,official_summary_not_individual_report_reviewed,https://www.env.go.jp/content/000316616.pdf,23.0,12.0
japan_moe__japan_moe_83-32-9_algae_72_96h_ec50_p4_r14,83-32-9,Acenaphthene,83-32-9,DTXSID3021774,C1CC2=C3C1=CC=CC3=CC=C2,CWRYPZZKDGJXCA-UHFFFAOYSA-N,algae_72_96h_ec50,EC50,GRO,GGRO,Pseudokirchneriella subcapitata,Green Alga,Chlorophyta,Chlorophyceae,Sphaeropleales,Selenastraceae,Pseudokirchneriella,Algae;Standard Test Species,72.0,FW,,,,2005.0,japan_moe_official_summary,dsstox_casrn,unclassified,1.4,mg/L,9.07841153736415e-06,-5.041990133957646,154.21199999999996,,True,False,1,1,,,,0.0,,,,official_summary_table,not specified in summary,test material,growth rate,True,True,,,,,,,,,,,,,,,,,,,,,,,,,,,,,,,,,,,,,japan_moe_83-32-9_algae_72_96h_ec50_p4_r14,Japan_MOE_official_summary,official_summary_source,MOE:4:14:algae_72_96h_ec50,1.4,False,,,official_summary_source,official_summary_not_individual_report_reviewed,https://www.env.go.jp/content/000316616.pdf,4.0,14.0
japan_moe__japan_moe_83-32-9_daphnia_48h_ec50_p4_r13,83-32-9,Acenaphthene,83-32-9,DTXSID3021774,C1CC2=C3C1=CC=CC3=CC=C2,CWRYPZZKDGJXCA-UHFFFAOYSA-N,daphnia_48h_ec50,EC50,ITX,IMBL,Daphnia magna,Water Flea,Arthropoda,Branchiopoda,Diplostraca,Daphniidae,Daphnia,Crustaceans;Standard Test Species,48.0,FW,,,,2000.0,japan_moe_official_summary,dsstox_casrn,unclassified,1.3,mg/L,8.429953570409568e-06,-5.074174817329048,154.21199999999996,,True,False,1,1,,,,0.0,,,,official_summary_table,not specified in summary,test material,immobilisation (Japanese table header: acute swimming inhibition),True,True,,,,,,,,,,,,,,,,,,,,,,,,,,,,,,,,,,,,,japan_moe_83-32-9_daphnia_48h_ec50_p4_r13,Japan_MOE_official_summary,official_summary_source,MOE:4:13:daphnia_48h_ec50,1.3,False,,,official_summary_source,official_summary_not_individual_report_reviewed,https://www.env.go.jp/content/000316616.pdf,4.0,13.0
japan_moe__japan_moe_84-15-1_daphnia_48h_ec50_p4_r15,84-15-1,o-Terphenyl,84-15-1,DTXSID1049697,C1=CC=C(C=C1)C1=CC=CC=C1C1=CC=CC=C1,OIAQMFOKAXHPNH-UHFFFAOYSA-N,daphnia_48h_ec50,EC50,ITX,IMBL,Daphnia magna,Water Flea,Arthropoda,Branchiopoda,Diplostraca,Daphniidae,Daphnia,Crustaceans;Standard Test Species,48.0,FW,,,,1995.0,japan_moe_official_summary,dsstox_casrn,unclassified,0.52,mg/L,2.257826407885025e-06,-5.646309451691711,230.31,,True,False,1,1,,,,0.0,,,,official_summary_table,not specified in summary,test material,immobilisation (Japanese table header: acute swimming inhibition),True,True,,,,,,,,,,,,,,,,,,,,,,,,,,,,,,,,,,,,,japan_moe_84-15-1_daphnia_48h_ec50_p4_r15,Japan_MOE_official_summary,official_summary_source,MOE:4:15:daphnia_48h_ec50,0.52,False,,,official_summary_source,official_summary_not_individual_report_reviewed,https://www.env.go.jp/content/000316616.pdf,4.0,15.0
japan_moe__japan_moe_84-15-1_fish_96h_lc50_p4_r15,84-15-1,o-Terphenyl,84-15-1,DTXSID1049697,C1=CC=C(C=C1)C1=CC=CC=C1C1=CC=CC=C1,OIAQMFOKAXHPNH-UHFFFAOYSA-N,fish_96h_lc50,LC50,MOR,MORT,Oryzias latipes,Japanese Medaka,Chordata,Actinopterygii,Beloniformes,Adrianichthyidae,Oryzias,Fish;Standard Test Species,96.0,FW,,,,1995.0,japan_moe_official_summary,dsstox_casrn,unclassified,0.12,mg/L,5.210368633580825e-07,-6.2831315492788855,230.31,,True,False,1,1,,,,0.0,,,,official_summary_table,not specified in summary,test material,mortality,True,True,,,,,,,,,,,,,,,,,,,,,,,,,,,,,,,,,,,,,japan_moe_84-15-1_fish_96h_lc50_p4_r15,Japan_MOE_official_summary,official_summary_source,MOE:4:15:fish_96h_lc50,0.12,False,,,official_summary_source,official_summary_not_individual_report_reviewed,https://www.env.go.jp/content/000316616.pdf,4.0,15.0
japan_moe__japan_moe_84-69-5_algae_72_96h_ec50_p4_r18,84-69-5,Diisobutyl phthalate,84-69-5,DTXSID9022522,CC(C)COC(=O)C1=C(C=CC=C1)C(=O)OCC(C)C,MGWAVDBGNNKXQV-UHFFFAOYSA-N,algae_72_96h_ec50,EC50,GRO,GGRO,Pseudokirchneriella subcapitata,Green Alga,Chlorophyta,Chlorophyceae,Sphaeropleales,Selenastraceae,Pseudokirchneriella,Algae;Standard Test Species,72.0,FW,,,,1995.0,japan_moe_official_summary,dsstox_casrn,unclassified,1.8,mg/L,6.466725106700964e-06,-5.189315600036385,278.348,,True,False,1,1,,,,0.0,,,,official_summary_table,not specified in summary,test material,growth rate,True,True,,,,,,,,,,,,,,,,,,,,,,,,,,,,,,,,,,,,,japan_moe_84-69-5_algae_72_96h_ec50_p4_r18,Japan_MOE_official_summary,official_summary_source,MOE:4:18:algae_72_96h_ec50,1.8,False,,,official_summary_source,official_summary_not_individual_report_reviewed,https://www.env.go.jp/content/000316616.pdf,4.0,18.0
japan_moe__japan_moe_84-69-5_daphnia_48h_ec50_p4_r18,84-69-5,Diisobutyl phthalate,84-69-5,DTXSID9022522,CC(C)COC(=O)C1=C(C=CC=C1)C(=O)OCC(C)C,MGWAVDBGNNKXQV-UHFFFAOYSA-N,daphnia_48h_ec50,EC50,ITX,IMBL,Daphnia magna,Water Flea,Arthropoda,Branchiopoda,Diplostraca,Daphniidae,Daphnia,Crustaceans;Standard Test Species,48.0,FW,,,,1995.0,japan_moe_official_summary,dsstox_casrn,unclassified,6.7,mg/L,2.40705878971647e-05,-4.618513302438864,278.348,,True,False,1,1,,,,0.0,,,,official_summary_table,not specified in summary,test material,immobilisation (Japanese table header: acute swimming inhibition),True,True,,,,,,,,,,,,,,,,,,,,,,,,,,,,,,,,,,,,,japan_moe_84-69-5_daphnia_48h_ec50_p4_r18,Japan_MOE_official_summary,official_summary_source,MOE:4:18:daphnia_48h_ec50,6.7,False,,,official_summary_source,official_summary_not_individual_report_reviewed,https://www.env.go.jp/content/000316616.pdf,4.0,18.0
japan_moe__japan_moe_84-69-5_fish_96h_lc50_p4_r18,84-69-5,Diisobutyl phthalate,84-69-5,DTXSID9022522,CC(C)COC(=O)C1=C(C=CC=C1)C(=O)OCC(C)C,MGWAVDBGNNKXQV-UHFFFAOYSA-N,fish_96h_lc50,LC50,MOR,MORT,Oryzias latipes,Japanese Medaka,Chordata,Actinopterygii,Beloniformes,Adrianichthyidae,Oryzias,Fish;Standard Test Species,96.0,FW,,,,1995.0,japan_moe_official_summary,dsstox_casrn,unclassified,3.0,mg/L,1.077787517783494e-05,-4.967466850420028,278.348,,True,False,1,1,,,,0.0,,,,official_summary_table,not specified in summary,test material,mortality,True,True,,,,,,,,,,,,,,,,,,,,,,,,,,,,,,,,,,,,,japan_moe_84-69-5_fish_96h_lc50_p4_r18,Japan_MOE_official_summary,official_summary_source,MOE:4:18:fish_96h_lc50,3.0,False,,,official_summary_source,official_summary_not_individual_report_reviewed,https://www.env.go.jp/content/000316616.pdf,4.0,18.0
japan_moe__japan_moe_84-74-2_algae_72_96h_ec50_p4_r19,84-74-2,Dibutyl phthalate,84-74-2,DTXSID2021781,CCCCOC(=O)C1=CC=CC=C1C(=O)OCCCC,DOIRQSBPFJWKBE-UHFFFAOYSA-N,algae_72_96h_ec50,EC50,GRO,GGRO,Pseudokirchneriella subcapitata,Green Alga,Chlorophyta,Chlorophyceae,Sphaeropleales,Selenastraceae,Pseudokirchneriella,Algae;Standard Test Species,72.0,FW,,,,1995.0,japan_moe_official_summary,dsstox_casrn,unclassified,2.7,mg/L,9.700087660051446e-06,-5.013224340980703,278.348,,True,False,1,1,,,,0.0,,,,official_summary_table,not specified in summary,test material,growth rate,True,True,,,,,,,,,,,,,,,,,,,,,,,,,,,,,,,,,,,,,japan_moe_84-74-2_algae_72_96h_ec50_p4_r19,Japan_MOE_official_summary,official_summary_source,MOE:4:19:algae_72_96h_ec50,2.7,False,,,official_summary_source,official_summary_not_individual_report_reviewed,https://www.env.go.jp/content/000316616.pdf,4.0,19.0
japan_moe__japan_moe_84-74-2_daphnia_48h_ec50_p4_r19,84-74-2,Dibutyl phthalate,84-74-2,DTXSID2021781,CCCCOC(=O)C1=CC=CC=C1C(=O)OCCCC,DOIRQSBPFJWKBE-UHFFFAOYSA-N,daphnia_48h_ec50,EC50,ITX,IMBL,Daphnia magna,Water Flea,Arthropoda,Branchiopoda,Diplostraca,Daphniidae,Daphnia,Crustaceans;Standard Test Species,48.0,FW,,,,1995.0,japan_moe_official_summary,dsstox_casrn,unclassified,4.8,mg/L,1.72446002845359e-05,-4.763346867764104,278.348,,True,False,1,1,,,,0.0,,,,official_summary_table,not specified in summary,test material,immobilisation (Japanese table header: acute swimming inhibition),True,True,,,,,,,,,,,,,,,,,,,,,,,,,,,,,,,,,,,,,japan_moe_84-74-2_daphnia_48h_ec50_p4_r19,Japan_MOE_official_summary,official_summary_source,MOE:4:19:daphnia_48h_ec50,4.8,False,,,official_summary_source,official_summary_not_individual_report_reviewed,https://www.env.go.jp/content/000316616.pdf,4.0,19.0
japan_moe__japan_moe_84-74-2_fish_96h_lc50_p4_r19,84-74-2,Dibutyl phthalate,84-74-2,DTXSID2021781,CCCCOC(=O)C1=CC=CC=C1C(=O)OCCCC,DOIRQSBPFJWKBE-UHFFFAOYSA-N,fish_96h_lc50,LC50,MOR,MORT,Oryzias latipes,Japanese Medaka,Chordata,Actinopterygii,Beloniformes,Adrianichthyidae,Oryzias,Fish;Standard Test Species,96.0,FW,,,,1995.0,japan_moe_official_summary,dsstox_casrn,unclassified,2.8,mg/L,1.0059350165979278e-05,-4.997430073797471,278.348,,True,False,1,1,,,,0.0,,,,official_summary_table,not specified in summary,test material,mortality,True,True,,,,,,,,,,,,,,,,,,,,,,,,,,,,,,,,,,,,,japan_moe_84-74-2_fish_96h_lc50_p4_r19,Japan_MOE_official_summary,official_summary_source,MOE:4:19:fish_96h_lc50,2.8,False,,,official_summary_source,official_summary_not_individual_report_reviewed,https://www.env.go.jp/content/000316616.pdf,4.0,19.0
japan_moe__japan_moe_843-55-0_daphnia_48h_ec50_p23_r15,843-55-0,"1,1-Bis(4-hydroxyphenyl)-cyclohexane",843-55-0,DTXSID4047963,OC1=CC=C(C=C1)C1(CCCCC1)C1=CC=C(O)C=C1,SDDLEVPIDBLVHC-UHFFFAOYSA-N,daphnia_48h_ec50,EC50,ITX,IMBL,Daphnia magna,Water Flea,Arthropoda,Branchiopoda,Diplostraca,Daphniidae,Daphnia,Crustaceans;Standard Test Species,48.0,FW,,,,2006.0,japan_moe_official_summary,dsstox_casrn,unclassified,1.8,mg/L,6.707507937217727e-06,-5.173438804740583,268.35599999999994,,True,False,1,1,,,,0.0,,,,official_summary_table,not specified in summary,test material,immobilisation (Japanese table header: acute swimming inhibition),True,True,,,,,,,,,,,,,,,,,,,,,,,,,,,,,,,,,,,,,japan_moe_843-55-0_daphnia_48h_ec50_p23_r15,Japan_MOE_official_summary,official_summary_source,MOE:23:15:daphnia_48h_ec50,1.8,False,,,official_summary_source,official_summary_not_individual_report_reviewed,https://www.env.go.jp/content/000316616.pdf,23.0,15.0
japan_moe__japan_moe_843-55-0_fish_96h_lc50_p23_r15,843-55-0,"1,1-Bis(4-hydroxyphenyl)-cyclohexane",843-55-0,DTXSID4047963,OC1=CC=C(C=C1)C1(CCCCC1)C1=CC=C(O)C=C1,SDDLEVPIDBLVHC-UHFFFAOYSA-N,fish_96h_lc50,LC50,MOR,MORT,Oryzias latipes,Japanese Medaka,Chordata,Actinopterygii,Beloniformes,Adrianichthyidae,Oryzias,Fish;Standard Test Species,96.0,FW,,,,2006.0,japan_moe_official_summary,dsstox_casrn,unclassified,1.8,mg/L,6.707507937217727e-06,-5.173438804740583,268.35599999999994,,True,False,1,1,,,,0.0,,,,official_summary_table,not specified in summary,test material,mortality,True,True,,,,,,,,,,,,,,,,,,,,,,,,,,,,,,,,,,,,,japan_moe_843-55-0_fish_96h_lc50_p23_r15,Japan_MOE_official_summary,official_summary_source,MOE:23:15:fish_96h_lc50,1.8,False,,,official_summary_source,official_summary_not_individual_report_reviewed,https://www.env.go.jp/content/000316616.pdf,23.0,15.0
japan_moe__japan_moe_85-01-8_algae_72_96h_ec50_p4_r20,85-01-8,Phenanthrene,85-01-8,DTXSID6024254,C1=CC2=C(C=C1)C1=C(C=CC=C1)C=C2,YNPNZTXNASCQKK-UHFFFAOYSA-N,algae_72_96h_ec50,EC50,GRO,GGRO,Pseudokirchneriella subcapitata,Green Alga,Chlorophyta,Chlorophyceae,Sphaeropleales,Selenastraceae,Pseudokirchneriella,Algae;Standard Test Species,72.0,FW,,,,1997.0,japan_moe_official_summary,dsstox_casrn,unclassified,0.64,mg/L,3.590785147614934e-06,-5.444810579835428,178.23399999999998,,True,False,1,1,,,,0.0,,,,official_summary_table,not specified in summary,test material,growth rate,True,True,,,,,,,,,,,,,,,,,,,,,,,,,,,,,,,,,,,,,japan_moe_85-01-8_algae_72_96h_ec50_p4_r20,Japan_MOE_official_summary,official_summary_source,MOE:4:20:algae_72_96h_ec50,0.64,False,,,official_summary_source,official_summary_not_individual_report_reviewed,https://www.env.go.jp/content/000316616.pdf,4.0,20.0
japan_moe__japan_moe_85-01-8_daphnia_48h_ec50_p4_r20,85-01-8,Phenanthrene,85-01-8,DTXSID6024254,C1=CC2=C(C=C1)C1=C(C=CC=C1)C=C2,YNPNZTXNASCQKK-UHFFFAOYSA-N,daphnia_48h_ec50,EC50,ITX,IMBL,Daphnia magna,Water Flea,Arthropoda,Branchiopoda,Diplostraca,Daphniidae,Daphnia,Crustaceans;Standard Test Species,48.0,FW,,,,1997.0,japan_moe_official_summary,dsstox_casrn,unclassified,1.1,mg/L,6.171661972463167e-06,-5.20959786866109,178.23399999999998,,True,False,1,1,,,,0.0,,,,official_summary_table,not specified in summary,test material,immobilisation (Japanese table header: acute swimming inhibition),True,True,,,,,,,,,,,,,,,,,,,,,,,,,,,,,,,,,,,,,japan_moe_85-01-8_daphnia_48h_ec50_p4_r20,Japan_MOE_official_summary,official_summary_source,MOE:4:20:daphnia_48h_ec50,1.1,False,,,official_summary_source,official_summary_not_individual_report_reviewed,https://www.env.go.jp/content/000316616.pdf,4.0,20.0
japan_moe__japan_moe_85-01-8_fish_96h_lc50_p4_r20,85-01-8,Phenanthrene,85-01-8,DTXSID6024254,C1=CC2=C(C=C1)C1=C(C=CC=C1)C=C2,YNPNZTXNASCQKK-UHFFFAOYSA-N,fish_96h_lc50,LC50,MOR,MORT,Oryzias latipes,Japanese Medaka,Chordata,Actinopterygii,Beloniformes,Adrianichthyidae,Oryzias,Fish;Standard Test Species,96.0,FW,,,,1997.0,japan_moe_official_summary,dsstox_casrn,unclassified,1.4,mg/L,7.854842510407668e-06,-5.104862518141077,178.23399999999998,,True,False,1,1,,,,0.0,,,,official_summary_table,not specified in summary,test material,mortality,True,True,,,,,,,,,,,,,,,,,,,,,,,,,,,,,,,,,,,,,japan_moe_85-01-8_fish_96h_lc50_p4_r20,Japan_MOE_official_summary,official_summary_source,MOE:4:20:fish_96h_lc50,1.4,False,,,official_summary_source,official_summary_not_individual_report_reviewed,https://www.env.go.jp/content/000316616.pdf,4.0,20.0
japan_moe__japan_moe_85-41-6_daphnia_48h_ec50_p4_r21,85-41-6,Phthalimide,85-41-6,DTXSID3026514,O=C1NC(=O)C2=C1C=CC=C2,XKJCHHZQLQNZHY-UHFFFAOYSA-N,daphnia_48h_ec50,EC50,ITX,IMBL,Daphnia magna,Water Flea,Arthropoda,Branchiopoda,Diplostraca,Daphniidae,Daphnia,Crustaceans;Standard Test Species,48.0,FW,,,,1998.0,japan_moe_official_summary,dsstox_casrn,unclassified,21.0,mg/L,0.0001427280079927,-3.8454907954686246,147.13299999999998,,True,False,1,1,,,,0.0,,,,official_summary_table,not specified in summary,test material,immobilisation (Japanese table header: acute swimming inhibition),True,True,,,,,,,,,,,,,,,,,,,,,,,,,,,,,,,,,,,,,japan_moe_85-41-6_daphnia_48h_ec50_p4_r21,Japan_MOE_official_summary,official_summary_source,MOE:4:21:daphnia_48h_ec50,21.0,False,,,official_summary_source,official_summary_not_individual_report_reviewed,https://www.env.go.jp/content/000316616.pdf,4.0,21.0
japan_moe__japan_moe_85-41-6_fish_96h_lc50_p4_r21,85-41-6,Phthalimide,85-41-6,DTXSID3026514,O=C1NC(=O)C2=C1C=CC=C2,XKJCHHZQLQNZHY-UHFFFAOYSA-N,fish_96h_lc50,LC50,MOR,MORT,Oryzias latipes,Japanese Medaka,Chordata,Actinopterygii,Beloniformes,Adrianichthyidae,Oryzias,Fish;Standard Test Species,96.0,FW,,,,1998.0,japan_moe_official_summary,dsstox_casrn,unclassified,100.0,mg/L,0.0006796571809179,-3.167710090202544,147.13299999999998,,True,False,1,1,,,,0.0,,,,official_summary_table,not specified in summary,test material,mortality,True,True,,,,,,,,,,,,,,,,,,,,,,,,,,,,,,,,,,,,,japan_moe_85-41-6_fish_96h_lc50_p4_r21,Japan_MOE_official_summary,official_summary_source,MOE:4:21:fish_96h_lc50,100.0,False,,,official_summary_source,official_summary_not_individual_report_reviewed,https://www.env.go.jp/content/000316616.pdf,4.0,21.0
japan_moe__japan_moe_85-44-9_algae_72_96h_ec50_p4_r22,85-44-9,Phthalic anhydride,85-44-9,DTXSID2021159,O=C1OC(=O)C2=C1C=CC=C2,LGRFSURHDFAFJT-UHFFFAOYSA-N,algae_72_96h_ec50,EC50,GRO,GGRO,Pseudokirchneriella subcapitata,Green Alga,Chlorophyta,Chlorophyceae,Sphaeropleales,Selenastraceae,Pseudokirchneriella,Algae;Standard Test Species,72.0,FW,,,,2003.0,japan_moe_official_summary,dsstox_casrn,unclassified,68.0,mg/L,0.0004590965250443,-3.3380959944475657,148.117,,True,False,1,1,,,,0.0,,,,official_summary_table,not specified in summary,test material,growth rate,True,True,,,,,,,,,,,,,,,,,,,,,,,,,,,,,,,,,,,,,japan_moe_85-44-9_algae_72_96h_ec50_p4_r22,Japan_MOE_official_summary,official_summary_source,MOE:4:22:algae_72_96h_ec50,68.0,False,,,official_summary_source,official_summary_not_individual_report_reviewed,https://www.env.go.jp/content/000316616.pdf,4.0,22.0
japan_moe__japan_moe_85-44-9_daphnia_48h_ec50_p4_r22,85-44-9,Phthalic anhydride,85-44-9,DTXSID2021159,O=C1OC(=O)C2=C1C=CC=C2,LGRFSURHDFAFJT-UHFFFAOYSA-N,daphnia_48h_ec50,EC50,ITX,IMBL,Daphnia magna,Water Flea,Arthropoda,Branchiopoda,Diplostraca,Daphniidae,Daphnia,Crustaceans;Standard Test Species,48.0,FW,,,,2003.0,japan_moe_official_summary,dsstox_casrn,unclassified,71.0,mg/L,0.0004793507835022,-3.319346558434727,148.117,,True,False,1,1,,,,0.0,,,,official_summary_table,not specified in summary,test material,immobilisation (Japanese table header: acute swimming inhibition),True,True,,,,,,,,,,,,,,,,,,,,,,,,,,,,,,,,,,,,,japan_moe_85-44-9_daphnia_48h_ec50_p4_r22,Japan_MOE_official_summary,official_summary_source,MOE:4:22:daphnia_48h_ec50,71.0,False,,,official_summary_source,official_summary_not_individual_report_reviewed,https://www.env.go.jp/content/000316616.pdf,4.0,22.0
japan_moe__japan_moe_85068-29-7_algae_72_96h_ec50_p33_r2,85068-29-7,"3,5-Bis(trifluoromethyl)benzylamine",85068-29-7,DTXSID70234133,NCC1=CC(=CC(=C1)C(F)(F)F)C(F)(F)F,DHVHORCFFOSRBP-UHFFFAOYSA-N,algae_72_96h_ec50,EC50,GRO,GGRO,Pseudokirchneriella subcapitata,Green Alga,Chlorophyta,Chlorophyceae,Sphaeropleales,Selenastraceae,Pseudokirchneriella,Algae;Standard Test Species,72.0,FW,,,,2005.0,japan_moe_official_summary,dsstox_casrn,unclassified,3.6,mg/L,1.48056755089451e-05,-4.829571773136909,243.14999999999992,,True,False,1,1,,,,0.0,,,,official_summary_table,not specified in summary,test material,growth rate,True,True,,,,,,,,,,,,,,,,,,,,,,,,,,,,,,,,,,,,,japan_moe_85068-29-7_algae_72_96h_ec50_p33_r2,Japan_MOE_official_summary,official_summary_source,MOE:33:2:algae_72_96h_ec50,3.6,False,,,official_summary_source,official_summary_not_individual_report_reviewed,https://www.env.go.jp/content/000316616.pdf,33.0,2.0
japan_moe__japan_moe_85068-29-7_daphnia_48h_ec50_p33_r2,85068-29-7,"3,5-Bis(trifluoromethyl)benzylamine",85068-29-7,DTXSID70234133,NCC1=CC(=CC(=C1)C(F)(F)F)C(F)(F)F,DHVHORCFFOSRBP-UHFFFAOYSA-N,daphnia_48h_ec50,EC50,ITX,IMBL,Daphnia magna,Water Flea,Arthropoda,Branchiopoda,Diplostraca,Daphniidae,Daphnia,Crustaceans;Standard Test Species,48.0,FW,,,,2005.0,japan_moe_official_summary,dsstox_casrn,unclassified,5.5,mg/L,2.261978202755501e-05,-4.645511584409952,243.14999999999992,,True,False,1,1,,,,0.0,,,,official_summary_table,not specified in summary,test material,immobilisation (Japanese table header: acute swimming inhibition),True,True,,,,,,,,,,,,,,,,,,,,,,,,,,,,,,,,,,,,,japan_moe_85068-29-7_daphnia_48h_ec50_p33_r2,Japan_MOE_official_summary,official_summary_source,MOE:33:2:daphnia_48h_ec50,5.5,False,,,official_summary_source,official_summary_not_individual_report_reviewed,https://www.env.go.jp/content/000316616.pdf,33.0,2.0
japan_moe__japan_moe_85068-29-7_fish_96h_lc50_p33_r2,85068-29-7,"3,5-Bis(trifluoromethyl)benzylamine",85068-29-7,DTXSID70234133,NCC1=CC(=CC(=C1)C(F)(F)F)C(F)(F)F,DHVHORCFFOSRBP-UHFFFAOYSA-N,fish_96h_lc50,LC50,MOR,MORT,Oryzias latipes,Japanese Medaka,Chordata,Actinopterygii,Beloniformes,Adrianichthyidae,Oryzias,Fish;Standard Test Species,96.0,FW,,,,2005.0,japan_moe_official_summary,dsstox_casrn,unclassified,11.0,mg/L,4.5239564055110025e-05,-4.344481588745971,243.14999999999992,,True,False,1,1,,,,0.0,,,,official_summary_table,not specified in summary,test material,mortality,True,True,,,,,,,,,,,,,,,,,,,,,,,,,,,,,,,,,,,,,japan_moe_85068-29-7_fish_96h_lc50_p33_r2,Japan_MOE_official_summary,official_summary_source,MOE:33:2:fish_96h_lc50,11.0,False,,,official_summary_source,official_summary_not_individual_report_reviewed,https://www.env.go.jp/content/000316616.pdf,33.0,2.0
japan_moe__japan_moe_85785-20-2_daphnia_48h_ec50_p33_r3,85785-20-2,"S-Benzyl N-(1,2-dimethylpropyl)-N- ethylthiocarbamate <Esprocarb>",85785-20-2,DTXSID2058201,CCN(C(C)C(C)C)C(=O)SCC1=CC=CC=C1,BXEHUCNTIZGSOJ-UHFFFAOYSA-N,daphnia_48h_ec50,EC50,ITX,IMBL,Daphnia magna,Water Flea,Arthropoda,Branchiopoda,Diplostraca,Daphniidae,Daphnia,Crustaceans;Standard Test Species,48.0,FW,,,,1997.0,japan_moe_official_summary,dsstox_casrn,unclassified,0.15,mg/L,5.65137780590908e-07,-6.247845658276882,265.422,,True,False,1,1,,,,0.0,,,,official_summary_table,not specified in summary,test material,immobilisation (Japanese table header: acute swimming inhibition),True,True,,,,,,,,,,,,,,,,,,,,,,,,,,,,,,,,,,,,,japan_moe_85785-20-2_daphnia_48h_ec50_p33_r3,Japan_MOE_official_summary,official_summary_source,MOE:33:3:daphnia_48h_ec50,0.15,False,,,official_summary_source,official_summary_not_individual_report_reviewed,https://www.env.go.jp/content/000316616.pdf,33.0,3.0
japan_moe__japan_moe_85785-20-2_fish_96h_lc50_p33_r3,85785-20-2,"S-Benzyl N-(1,2-dimethylpropyl)-N- ethylthiocarbamate <Esprocarb>",85785-20-2,DTXSID2058201,CCN(C(C)C(C)C)C(=O)SCC1=CC=CC=C1,BXEHUCNTIZGSOJ-UHFFFAOYSA-N,fish_96h_lc50,LC50,MOR,MORT,Oryzias latipes,Japanese Medaka,Chordata,Actinopterygii,Beloniformes,Adrianichthyidae,Oryzias,Fish;Standard Test Species,96.0,FW,,,,1997.0,japan_moe_official_summary,dsstox_casrn,unclassified,1.3,mg/L,4.897860765121203e-06,-5.309993565025726,265.422,,True,False,1,1,,,,0.0,,,,official_summary_table,not specified in summary,test material,mortality,True,True,,,,,,,,,,,,,,,,,,,,,,,,,,,,,,,,,,,,,japan_moe_85785-20-2_fish_96h_lc50_p33_r3,Japan_MOE_official_summary,official_summary_source,MOE:33:3:fish_96h_lc50,1.3,False,,,official_summary_source,official_summary_not_individual_report_reviewed,https://www.env.go.jp/content/000316616.pdf,33.0,3.0
japan_moe__japan_moe_86-30-6_daphnia_48h_ec50_p5_r2,86-30-6,N-Nitrosodiphenylamine,86-30-6,DTXSID6021030,O=NN(C1=CC=CC=C1)C1=CC=CC=C1,UBUCNCOMADRQHX-UHFFFAOYSA-N,daphnia_48h_ec50,EC50,ITX,IMBL,Daphnia magna,Water Flea,Arthropoda,Branchiopoda,Diplostraca,Daphniidae,Daphnia,Crustaceans;Standard Test Species,48.0,FW,,,,1996.0,japan_moe_official_summary,dsstox_casrn,unclassified,10.0,mg/L,5.0447723546474966e-05,-4.29715842652341,198.225,,True,False,1,1,,,,0.0,,,,official_summary_table,not specified in summary,test material,immobilisation (Japanese table header: acute swimming inhibition),True,True,,,,,,,,,,,,,,,,,,,,,,,,,,,,,,,,,,,,,japan_moe_86-30-6_daphnia_48h_ec50_p5_r2,Japan_MOE_official_summary,official_summary_source,MOE:5:2:daphnia_48h_ec50,10.0,False,,,official_summary_source,official_summary_not_individual_report_reviewed,https://www.env.go.jp/content/000316616.pdf,5.0,2.0
japan_moe__japan_moe_86-30-6_fish_96h_lc50_p5_r2,86-30-6,N-Nitrosodiphenylamine,86-30-6,DTXSID6021030,O=NN(C1=CC=CC=C1)C1=CC=CC=C1,UBUCNCOMADRQHX-UHFFFAOYSA-N,fish_96h_lc50,LC50,MOR,MORT,Oryzias latipes,Japanese Medaka,Chordata,Actinopterygii,Beloniformes,Adrianichthyidae,Oryzias,Fish;Standard Test Species,96.0,FW,,,,1996.0,japan_moe_official_summary,dsstox_casrn,unclassified,10.0,mg/L,5.0447723546474966e-05,-4.29715842652341,198.225,,True,False,1,1,,,,0.0,,,,official_summary_table,not specified in summary,test material,mortality,True,True,,,,,,,,,,,,,,,,,,,,,,,,,,,,,,,,,,,,,japan_moe_86-30-6_fish_96h_lc50_p5_r2,Japan_MOE_official_summary,official_summary_source,MOE:5:2:fish_96h_lc50,10.0,False,,,official_summary_source,official_summary_not_individual_report_reviewed,https://www.env.go.jp/content/000316616.pdf,5.0,2.0
japan_moe__japan_moe_86-73-7_algae_72_96h_ec50_p5_r3,86-73-7,Fluorene,86-73-7,DTXSID8024105,C1C2=C(C=CC=C2)C2=C1C=CC=C2,NIHNNTQXNPWCJQ-UHFFFAOYSA-N,algae_72_96h_ec50,EC50,GRO,GGRO,Pseudokirchneriella subcapitata,Green Alga,Chlorophyta,Chlorophyceae,Sphaeropleales,Selenastraceae,Pseudokirchneriella,Algae;Standard Test Species,72.0,FW,,,,2008.0,japan_moe_official_summary,dsstox_casrn,unclassified,0.76,mg/L,4.572171119520164e-06,-5.339877523930158,166.22299999999998,,True,False,1,1,,,,0.0,,,,official_summary_table,not specified in summary,test material,growth rate,True,True,,,,,,,,,,,,,,,,,,,,,,,,,,,,,,,,,,,,,japan_moe_86-73-7_algae_72_96h_ec50_p5_r3,Japan_MOE_official_summary,official_summary_source,MOE:5:3:algae_72_96h_ec50,0.76,False,,,official_summary_source,official_summary_not_individual_report_reviewed,https://www.env.go.jp/content/000316616.pdf,5.0,3.0
japan_moe__japan_moe_86-73-7_daphnia_48h_ec50_p5_r3,86-73-7,Fluorene,86-73-7,DTXSID8024105,C1C2=C(C=CC=C2)C2=C1C=CC=C2,NIHNNTQXNPWCJQ-UHFFFAOYSA-N,daphnia_48h_ec50,EC50,ITX,IMBL,Daphnia magna,Water Flea,Arthropoda,Branchiopoda,Diplostraca,Daphniidae,Daphnia,Crustaceans;Standard Test Species,48.0,FW,,,,2008.0,japan_moe_official_summary,dsstox_casrn,unclassified,0.49,mg/L,2.947847169164316e-06,-5.530495036182436,166.22299999999998,,True,False,1,1,,,,0.0,,,,official_summary_table,not specified in summary,test material,immobilisation (Japanese table header: acute swimming inhibition),True,True,,,,,,,,,,,,,,,,,,,,,,,,,,,,,,,,,,,,,japan_moe_86-73-7_daphnia_48h_ec50_p5_r3,Japan_MOE_official_summary,official_summary_source,MOE:5:3:daphnia_48h_ec50,0.49,False,,,official_summary_source,official_summary_not_individual_report_reviewed,https://www.env.go.jp/content/000316616.pdf,5.0,3.0
japan_moe__japan_moe_868-63-3_fish_96h_lc50_p23_r16,868-63-3,"2-Propenamide, N,N'-(1,2-dihydroxy- 1,2-ethanediyl)bis-",868-63-3,DTXSID00862448,OC(NC(=O)C=C)C(O)NC(=O)C=C,ZMLXKXHICXTSDM-UHFFFAOYSA-N,fish_96h_lc50,LC50,MOR,MORT,Oryzias latipes,Japanese Medaka,Chordata,Actinopterygii,Beloniformes,Adrianichthyidae,Oryzias,Fish;Standard Test Species,96.0,FW,,,,2006.0,japan_moe_official_summary,dsstox_casrn,unclassified,110.0,mg/L,0.0005494670169935,-3.26005837197139,200.194,,True,False,1,1,,,,0.0,,,,official_summary_table,not specified in summary,test material,mortality,True,True,,,,,,,,,,,,,,,,,,,,,,,,,,,,,,,,,,,,,japan_moe_868-63-3_fish_96h_lc50_p23_r16,Japan_MOE_official_summary,official_summary_source,MOE:23:16:fish_96h_lc50,110.0,False,,,official_summary_source,official_summary_not_individual_report_reviewed,https://www.env.go.jp/content/000316616.pdf,23.0,16.0
japan_moe__japan_moe_868-77-9_algae_72_96h_ec50_p23_r17,868-77-9,2-Hydroxyethyl methacrylate,868-77-9,DTXSID7022128,CC(=C)C(=O)OCCO,WOBHKFSMXKNTIM-UHFFFAOYSA-N,algae_72_96h_ec50,EC50,GRO,GGRO,Pseudokirchneriella subcapitata,Green Alga,Chlorophyta,Chlorophyceae,Sphaeropleales,Selenastraceae,Pseudokirchneriella,Algae;Standard Test Species,72.0,FW,,,,1996.0,japan_moe_official_summary,dsstox_casrn,unclassified,710.0,mg/L,0.0054555373704309,-2.2631624649622166,130.143,,True,False,1,1,,,,0.0,,,,official_summary_table,not specified in summary,test material,growth rate,True,True,,,,,,,,,,,,,,,,,,,,,,,,,,,,,,,,,,,,,japan_moe_868-77-9_algae_72_96h_ec50_p23_r17,Japan_MOE_official_summary,official_summary_source,MOE:23:17:algae_72_96h_ec50,710.0,False,,,official_summary_source,official_summary_not_individual_report_reviewed,https://www.env.go.jp/content/000316616.pdf,23.0,17.0
japan_moe__japan_moe_868-77-9_daphnia_48h_ec50_p23_r17,868-77-9,2-Hydroxyethyl methacrylate,868-77-9,DTXSID7022128,CC(=C)C(=O)OCCO,WOBHKFSMXKNTIM-UHFFFAOYSA-N,daphnia_48h_ec50,EC50,ITX,IMBL,Daphnia magna,Water Flea,Arthropoda,Branchiopoda,Diplostraca,Daphniidae,Daphnia,Crustaceans;Standard Test Species,48.0,FW,,,,1996.0,japan_moe_official_summary,dsstox_casrn,unclassified,380.0,mg/L,0.0029198650714982,-2.534637217064482,130.143,,True,False,1,1,,,,0.0,,,,official_summary_table,not specified in summary,test material,immobilisation (Japanese table header: acute swimming inhibition),True,True,,,,,,,,,,,,,,,,,,,,,,,,,,,,,,,,,,,,,japan_moe_868-77-9_daphnia_48h_ec50_p23_r17,Japan_MOE_official_summary,official_summary_source,MOE:23:17:daphnia_48h_ec50,380.0,False,,,official_summary_source,official_summary_not_individual_report_reviewed,https://www.env.go.jp/content/000316616.pdf,23.0,17.0
japan_moe__japan_moe_87-59-2_algae_72_96h_ec50_p5_r5,87-59-2,"2,3-Dimethylaniline",87-59-2,DTXSID3026304,CC1=CC=CC(N)=C1C,VVAKEQGKZNKUSU-UHFFFAOYSA-N,algae_72_96h_ec50,EC50,GRO,GGRO,Pseudokirchneriella subcapitata,Green Alga,Chlorophyta,Chlorophyceae,Sphaeropleales,Selenastraceae,Pseudokirchneriella,Algae;Standard Test Species,72.0,FW,,,,2003.0,japan_moe_official_summary,dsstox_casrn,unclassified,41.0,mg/L,0.000338331284091,-3.470657842945302,121.183,,True,False,1,1,,,,0.0,,,,official_summary_table,not specified in summary,test material,growth rate,True,True,,,,,,,,,,,,,,,,,,,,,,,,,,,,,,,,,,,,,japan_moe_87-59-2_algae_72_96h_ec50_p5_r5,Japan_MOE_official_summary,official_summary_source,MOE:5:5:algae_72_96h_ec50,41.0,False,,,official_summary_source,official_summary_not_individual_report_reviewed,https://www.env.go.jp/content/000316616.pdf,5.0,5.0
japan_moe__japan_moe_87-59-2_daphnia_48h_ec50_p5_r5,87-59-2,"2,3-Dimethylaniline",87-59-2,DTXSID3026304,CC1=CC=CC(N)=C1C,VVAKEQGKZNKUSU-UHFFFAOYSA-N,daphnia_48h_ec50,EC50,ITX,IMBL,Daphnia magna,Water Flea,Arthropoda,Branchiopoda,Diplostraca,Daphniidae,Daphnia,Crustaceans;Standard Test Species,48.0,FW,,,,2003.0,japan_moe_official_summary,dsstox_casrn,unclassified,8.9,mg/L,7.344264459536403e-05,-4.134051693020124,121.183,,True,False,1,1,,,,0.0,,,,official_summary_table,not specified in summary,test material,immobilisation (Japanese table header: acute swimming inhibition),True,True,,,,,,,,,,,,,,,,,,,,,,,,,,,,,,,,,,,,,japan_moe_87-59-2_daphnia_48h_ec50_p5_r5,Japan_MOE_official_summary,official_summary_source,MOE:5:5:daphnia_48h_ec50,8.9,False,,,official_summary_source,official_summary_not_individual_report_reviewed,https://www.env.go.jp/content/000316616.pdf,5.0,5.0
japan_moe__japan_moe_87-62-7_daphnia_48h_ec50_p5_r7,87-62-7,"2,6-Dimethylaniline",87-62-7,DTXSID8026307,CC1=CC=CC(C)=C1N,UFFBMTHBGFGIHF-UHFFFAOYSA-N,daphnia_48h_ec50,EC50,ITX,IMBL,Daphnia magna,Water Flea,Arthropoda,Branchiopoda,Diplostraca,Daphniidae,Daphnia,Crustaceans;Standard Test Species,48.0,FW,,,,2002.0,japan_moe_official_summary,dsstox_casrn,unclassified,20.0,mg/L,0.000165039650776,-3.782411704001056,121.183,,True,False,1,1,,,,0.0,,,,official_summary_table,not specified in summary,test material,immobilisation (Japanese table header: acute swimming inhibition),True,True,,,,,,,,,,,,,,,,,,,,,,,,,,,,,,,,,,,,,japan_moe_87-62-7_daphnia_48h_ec50_p5_r7,Japan_MOE_official_summary,official_summary_source,MOE:5:7:daphnia_48h_ec50,20.0,False,,,official_summary_source,official_summary_not_individual_report_reviewed,https://www.env.go.jp/content/000316616.pdf,5.0,7.0
japan_moe__japan_moe_873-32-5_algae_72_96h_ec50_p23_r18,873-32-5,o-Chlorobenzonitrile,873-32-5,DTXSID5052593,ClC1=CC=CC=C1C#N,NHWQMJMIYICNBP-UHFFFAOYSA-N,algae_72_96h_ec50,EC50,GRO,GGRO,Pseudokirchneriella subcapitata,Green Alga,Chlorophyta,Chlorophyceae,Sphaeropleales,Selenastraceae,Pseudokirchneriella,Algae;Standard Test Species,72.0,FW,,,,2007.0,japan_moe_official_summary,dsstox_casrn,unclassified,19.0,mg/L,0.0001381125108127,-3.85976697941668,137.56899999999996,,True,False,1,1,,,,0.0,,,,official_summary_table,not specified in summary,test material,growth rate,True,True,,,,,,,,,,,,,,,,,,,,,,,,,,,,,,,,,,,,,japan_moe_873-32-5_algae_72_96h_ec50_p23_r18,Japan_MOE_official_summary,official_summary_source,MOE:23:18:algae_72_96h_ec50,19.0,False,,,official_summary_source,official_summary_not_individual_report_reviewed,https://www.env.go.jp/content/000316616.pdf,23.0,18.0
japan_moe__japan_moe_873-32-5_daphnia_48h_ec50_p23_r18,873-32-5,o-Chlorobenzonitrile,873-32-5,DTXSID5052593,ClC1=CC=CC=C1C#N,NHWQMJMIYICNBP-UHFFFAOYSA-N,daphnia_48h_ec50,EC50,ITX,IMBL,Daphnia magna,Water Flea,Arthropoda,Branchiopoda,Diplostraca,Daphniidae,Daphnia,Crustaceans;Standard Test Species,48.0,FW,,,,2007.0,japan_moe_official_summary,dsstox_casrn,unclassified,18.0,mg/L,0.0001308434312962,-3.883248075266203,137.56899999999996,,True,False,1,1,,,,0.0,,,,official_summary_table,not specified in summary,test material,immobilisation (Japanese table header: acute swimming inhibition),True,True,,,,,,,,,,,,,,,,,,,,,,,,,,,,,,,,,,,,,japan_moe_873-32-5_daphnia_48h_ec50_p23_r18,Japan_MOE_official_summary,official_summary_source,MOE:23:18:daphnia_48h_ec50,18.0,False,,,official_summary_source,official_summary_not_individual_report_reviewed,https://www.env.go.jp/content/000316616.pdf,23.0,18.0
japan_moe__japan_moe_873-32-5_fish_96h_lc50_p23_r18,873-32-5,o-Chlorobenzonitrile,873-32-5,DTXSID5052593,ClC1=CC=CC=C1C#N,NHWQMJMIYICNBP-UHFFFAOYSA-N,fish_96h_lc50,LC50,MOR,MORT,Oryzias latipes,Japanese Medaka,Chordata,Actinopterygii,Beloniformes,Adrianichthyidae,Oryzias,Fish;Standard Test Species,96.0,FW,,,,2007.0,japan_moe_official_summary,dsstox_casrn,unclassified,37.0,mg/L,0.000268955942109,-3.570318856302514,137.56899999999996,,True,False,1,1,,,,0.0,,,,official_summary_table,not specified in summary,test material,mortality,True,True,,,,,,,,,,,,,,,,,,,,,,,,,,,,,,,,,,,,,japan_moe_873-32-5_fish_96h_lc50_p23_r18,Japan_MOE_official_summary,official_summary_source,MOE:23:18:fish_96h_lc50,37.0,False,,,official_summary_source,official_summary_not_individual_report_reviewed,https://www.env.go.jp/content/000316616.pdf,23.0,18.0
japan_moe__japan_moe_88-05-1_algae_72_96h_ec50_p5_r11,88-05-1,"2,4,6-Trimethylaniline",88-05-1,DTXSID5043847,CC1=CC(C)=C(N)C(C)=C1,KWVPRPSXBZNOHS-UHFFFAOYSA-N,algae_72_96h_ec50,EC50,GRO,GGRO,Pseudokirchneriella subcapitata,Green Alga,Chlorophyta,Chlorophyceae,Sphaeropleales,Selenastraceae,Pseudokirchneriella,Algae;Standard Test Species,72.0,FW,,,,2007.0,japan_moe_official_summary,dsstox_casrn,unclassified,27.0,mg/L,0.0001996893720878,-3.6996450486316528,135.21,,True,False,1,1,,,,0.0,,,,official_summary_table,not specified in summary,test material,growth rate,True,True,,,,,,,,,,,,,,,,,,,,,,,,,,,,,,,,,,,,,japan_moe_88-05-1_algae_72_96h_ec50_p5_r11,Japan_MOE_official_summary,official_summary_source,MOE:5:11:algae_72_96h_ec50,27.0,False,,,official_summary_source,official_summary_not_individual_report_reviewed,https://www.env.go.jp/content/000316616.pdf,5.0,11.0
japan_moe__japan_moe_88-05-1_daphnia_48h_ec50_p5_r11,88-05-1,"2,4,6-Trimethylaniline",88-05-1,DTXSID5043847,CC1=CC(C)=C(N)C(C)=C1,KWVPRPSXBZNOHS-UHFFFAOYSA-N,daphnia_48h_ec50,EC50,ITX,IMBL,Daphnia magna,Water Flea,Arthropoda,Branchiopoda,Diplostraca,Daphniidae,Daphnia,Crustaceans;Standard Test Species,48.0,FW,,,,2007.0,japan_moe_official_summary,dsstox_casrn,unclassified,12.0,mg/L,8.875083203905036e-05,-4.051827566743016,135.21,,True,False,1,1,,,,0.0,,,,official_summary_table,not specified in summary,test material,immobilisation (Japanese table header: acute swimming inhibition),True,True,,,,,,,,,,,,,,,,,,,,,,,,,,,,,,,,,,,,,japan_moe_88-05-1_daphnia_48h_ec50_p5_r11,Japan_MOE_official_summary,official_summary_source,MOE:5:11:daphnia_48h_ec50,12.0,False,,,official_summary_source,official_summary_not_individual_report_reviewed,https://www.env.go.jp/content/000316616.pdf,5.0,11.0
japan_moe__japan_moe_88-05-1_fish_96h_lc50_p5_r11,88-05-1,"2,4,6-Trimethylaniline",88-05-1,DTXSID5043847,CC1=CC(C)=C(N)C(C)=C1,KWVPRPSXBZNOHS-UHFFFAOYSA-N,fish_96h_lc50,LC50,MOR,MORT,Oryzias latipes,Japanese Medaka,Chordata,Actinopterygii,Beloniformes,Adrianichthyidae,Oryzias,Fish;Standard Test Species,96.0,FW,,,,2007.0,japan_moe_official_summary,dsstox_casrn,unclassified,55.0,mg/L,0.0004067746468456,-3.390646123296396,135.21,,True,False,1,1,,,,0.0,,,,official_summary_table,not specified in summary,test material,mortality,True,True,,,,,,,,,,,,,,,,,,,,,,,,,,,,,,,,,,,,,japan_moe_88-05-1_fish_96h_lc50_p5_r11,Japan_MOE_official_summary,official_summary_source,MOE:5:11:fish_96h_lc50,55.0,False,,,official_summary_source,official_summary_not_individual_report_reviewed,https://www.env.go.jp/content/000316616.pdf,5.0,11.0
japan_moe__japan_moe_88-09-5_algae_72_96h_ec50_p5_r12,88-09-5,"Butanoic acid, 2-ethyl-",88-09-5,DTXSID2041418,CCC(CC)C(O)=O,OXQGTIUCKGYOAA-UHFFFAOYSA-N,algae_72_96h_ec50,EC50,GRO,GGRO,Pseudokirchneriella subcapitata,Green Alga,Chlorophyta,Chlorophyceae,Sphaeropleales,Selenastraceae,Pseudokirchneriella,Algae;Standard Test Species,72.0,FW,,,,2000.0,japan_moe_official_summary,dsstox_casrn,unclassified,73.0,mg/L,0.0006284435261707,-3.2017337432355624,116.15999999999998,,True,False,1,1,,,,0.0,,,,official_summary_table,not specified in summary,test material,growth rate,True,True,,,,,,,,,,,,,,,,,,,,,,,,,,,,,,,,,,,,,japan_moe_88-09-5_algae_72_96h_ec50_p5_r12,Japan_MOE_official_summary,official_summary_source,MOE:5:12:algae_72_96h_ec50,73.0,False,,,official_summary_source,official_summary_not_individual_report_reviewed,https://www.env.go.jp/content/000316616.pdf,5.0,12.0
japan_moe__japan_moe_88-09-5_daphnia_48h_ec50_p5_r12,88-09-5,"Butanoic acid, 2-ethyl-",88-09-5,DTXSID2041418,CCC(CC)C(O)=O,OXQGTIUCKGYOAA-UHFFFAOYSA-N,daphnia_48h_ec50,EC50,ITX,IMBL,Daphnia magna,Water Flea,Arthropoda,Branchiopoda,Diplostraca,Daphniidae,Daphnia,Crustaceans;Standard Test Species,48.0,FW,,,,2000.0,japan_moe_official_summary,dsstox_casrn,unclassified,72.0,mg/L,0.0006198347107438,-3.20772410692475,116.15999999999998,,True,False,1,1,,,,0.0,,,,official_summary_table,not specified in summary,test material,immobilisation (Japanese table header: acute swimming inhibition),True,True,,,,,,,,,,,,,,,,,,,,,,,,,,,,,,,,,,,,,japan_moe_88-09-5_daphnia_48h_ec50_p5_r12,Japan_MOE_official_summary,official_summary_source,MOE:5:12:daphnia_48h_ec50,72.0,False,,,official_summary_source,official_summary_not_individual_report_reviewed,https://www.env.go.jp/content/000316616.pdf,5.0,12.0
japan_moe__japan_moe_88-09-5_fish_96h_lc50_p5_r12,88-09-5,"Butanoic acid, 2-ethyl-",88-09-5,DTXSID2041418,CCC(CC)C(O)=O,OXQGTIUCKGYOAA-UHFFFAOYSA-N,fish_96h_lc50,LC50,MOR,MORT,Oryzias latipes,Japanese Medaka,Chordata,Actinopterygii,Beloniformes,Adrianichthyidae,Oryzias,Fish;Standard Test Species,96.0,FW,,,,2000.0,japan_moe_official_summary,dsstox_casrn,unclassified,85.0,mg/L,0.0007317493112947,-3.135637677641726,116.15999999999998,,True,False,1,1,,,,0.0,,,,official_summary_table,not specified in summary,test material,mortality,True,True,,,,,,,,,,,,,,,,,,,,,,,,,,,,,,,,,,,,,japan_moe_88-09-5_fish_96h_lc50_p5_r12,Japan_MOE_official_summary,official_summary_source,MOE:5:12:fish_96h_lc50,85.0,False,,,official_summary_source,official_summary_not_individual_report_reviewed,https://www.env.go.jp/content/000316616.pdf,5.0,12.0
japan_moe__japan_moe_88-18-6_algae_72_96h_ec50_p5_r13,88-18-6,2-tert-Butylphenol,88-18-6,DTXSID2026525,CC(C)(C)C1=C(O)C=CC=C1,WJQOZHYUIDYNHM-UHFFFAOYSA-N,algae_72_96h_ec50,EC50,GRO,GGRO,Pseudokirchneriella subcapitata,Green Alga,Chlorophyta,Chlorophyceae,Sphaeropleales,Selenastraceae,Pseudokirchneriella,Algae;Standard Test Species,72.0,FW,,,,2010.0,japan_moe_official_summary,dsstox_casrn,unclassified,1.3,mg/L,8.653916562930616e-06,-5.06278729638406,150.22099999999998,,True,False,1,1,,,,0.0,,,,official_summary_table,not specified in summary,test material,growth rate,True,True,,,,,,,,,,,,,,,,,,,,,,,,,,,,,,,,,,,,,japan_moe_88-18-6_algae_72_96h_ec50_p5_r13,Japan_MOE_official_summary,official_summary_source,MOE:5:13:algae_72_96h_ec50,1.3,False,,,official_summary_source,official_summary_not_individual_report_reviewed,https://www.env.go.jp/content/000316616.pdf,5.0,13.0
japan_moe__japan_moe_88-18-6_daphnia_48h_ec50_p5_r13,88-18-6,2-tert-Butylphenol,88-18-6,DTXSID2026525,CC(C)(C)C1=C(O)C=CC=C1,WJQOZHYUIDYNHM-UHFFFAOYSA-N,daphnia_48h_ec50,EC50,ITX,IMBL,Daphnia magna,Water Flea,Arthropoda,Branchiopoda,Diplostraca,Daphniidae,Daphnia,Crustaceans;Standard Test Species,48.0,FW,,,,2010.0,japan_moe_official_summary,dsstox_casrn,unclassified,3.7,mg/L,2.463037790987945e-05,-4.608528924623902,150.22099999999998,,True,False,1,1,,,,0.0,,,,official_summary_table,not specified in summary,test material,immobilisation (Japanese table header: acute swimming inhibition),True,True,,,,,,,,,,,,,,,,,,,,,,,,,,,,,,,,,,,,,japan_moe_88-18-6_daphnia_48h_ec50_p5_r13,Japan_MOE_official_summary,official_summary_source,MOE:5:13:daphnia_48h_ec50,3.7,False,,,official_summary_source,official_summary_not_individual_report_reviewed,https://www.env.go.jp/content/000316616.pdf,5.0,13.0
japan_moe__japan_moe_88-18-6_fish_96h_lc50_p5_r13,88-18-6,2-tert-Butylphenol,88-18-6,DTXSID2026525,CC(C)(C)C1=C(O)C=CC=C1,WJQOZHYUIDYNHM-UHFFFAOYSA-N,fish_96h_lc50,LC50,MOR,MORT,Oryzias latipes,Japanese Medaka,Chordata,Actinopterygii,Beloniformes,Adrianichthyidae,Oryzias,Fish;Standard Test Species,96.0,FW,,,,2010.0,japan_moe_official_summary,dsstox_casrn,unclassified,3.7,mg/L,2.463037790987945e-05,-4.608528924623902,150.22099999999998,,True,False,1,1,,,,0.0,,,,official_summary_table,not specified in summary,test material,mortality,True,True,,,,,,,,,,,,,,,,,,,,,,,,,,,,,,,,,,,,,japan_moe_88-18-6_fish_96h_lc50_p5_r13,Japan_MOE_official_summary,official_summary_source,MOE:5:13:fish_96h_lc50,3.7,False,,,official_summary_source,official_summary_not_individual_report_reviewed,https://www.env.go.jp/content/000316616.pdf,5.0,13.0
japan_moe__japan_moe_88-19-7_algae_72_96h_ec50_p5_r14,88-19-7,o-Toluenesulfonamide,88-19-7,DTXSID7021362,CC1=C(C=CC=C1)S(N)(=O)=O,YCMLQMDWSXFTIF-UHFFFAOYSA-N,algae_72_96h_ec50,EC50,GRO,GGRO,Pseudokirchneriella subcapitata,Green Alga,Chlorophyta,Chlorophyceae,Sphaeropleales,Selenastraceae,Pseudokirchneriella,Algae;Standard Test Species,72.0,FW,,,,1998.0,japan_moe_official_summary,dsstox_casrn,unclassified,170.0,mg/L,0.0009928688653845,-3.0031081077993598,171.22099999999998,,True,False,1,1,,,,0.0,,,,official_summary_table,not specified in summary,test material,growth rate,True,True,,,,,,,,,,,,,,,,,,,,,,,,,,,,,,,,,,,,,japan_moe_88-19-7_algae_72_96h_ec50_p5_r14,Japan_MOE_official_summary,official_summary_source,MOE:5:14:algae_72_96h_ec50,170.0,False,,,official_summary_source,official_summary_not_individual_report_reviewed,https://www.env.go.jp/content/000316616.pdf,5.0,14.0
japan_moe__japan_moe_88-19-7_daphnia_48h_ec50_p5_r14,88-19-7,o-Toluenesulfonamide,88-19-7,DTXSID7021362,CC1=C(C=CC=C1)S(N)(=O)=O,YCMLQMDWSXFTIF-UHFFFAOYSA-N,daphnia_48h_ec50,EC50,ITX,IMBL,Daphnia magna,Water Flea,Arthropoda,Branchiopoda,Diplostraca,Daphniidae,Daphnia,Crustaceans;Standard Test Species,48.0,FW,,,,1998.0,japan_moe_official_summary,dsstox_casrn,unclassified,210.0,mg/L,0.0012264850690043,-2.911337734443714,171.22099999999998,,True,False,1,1,,,,0.0,,,,official_summary_table,not specified in summary,test material,immobilisation (Japanese table header: acute swimming inhibition),True,True,,,,,,,,,,,,,,,,,,,,,,,,,,,,,,,,,,,,,japan_moe_88-19-7_daphnia_48h_ec50_p5_r14,Japan_MOE_official_summary,official_summary_source,MOE:5:14:daphnia_48h_ec50,210.0,False,,,official_summary_source,official_summary_not_individual_report_reviewed,https://www.env.go.jp/content/000316616.pdf,5.0,14.0
japan_moe__japan_moe_88-60-8_algae_72_96h_ec50_p5_r16,88-60-8,6-tert-Butyl-m-cresol,88-60-8,DTXSID2026529,CC1=CC(O)=C(C=C1)C(C)(C)C,XOUQAVYLRNOXDO-UHFFFAOYSA-N,algae_72_96h_ec50,EC50,GRO,GGRO,Pseudokirchneriella subcapitata,Green Alga,Chlorophyta,Chlorophyceae,Sphaeropleales,Selenastraceae,Pseudokirchneriella,Algae;Standard Test Species,72.0,FW,,,,1998.0,japan_moe_official_summary,dsstox_casrn,unclassified,1.9,mg/L,1.1567872972578056e-05,-4.936746489033924,164.24799999999996,,True,False,1,1,,,,0.0,,,,official_summary_table,not specified in summary,test material,growth rate,True,True,,,,,,,,,,,,,,,,,,,,,,,,,,,,,,,,,,,,,japan_moe_88-60-8_algae_72_96h_ec50_p5_r16,Japan_MOE_official_summary,official_summary_source,MOE:5:16:algae_72_96h_ec50,1.9,False,,,official_summary_source,official_summary_not_individual_report_reviewed,https://www.env.go.jp/content/000316616.pdf,5.0,16.0
japan_moe__japan_moe_88-60-8_daphnia_48h_ec50_p5_r16,88-60-8,6-tert-Butyl-m-cresol,88-60-8,DTXSID2026529,CC1=CC(O)=C(C=C1)C(C)(C)C,XOUQAVYLRNOXDO-UHFFFAOYSA-N,daphnia_48h_ec50,EC50,ITX,IMBL,Daphnia magna,Water Flea,Arthropoda,Branchiopoda,Diplostraca,Daphniidae,Daphnia,Crustaceans;Standard Test Species,48.0,FW,,,,1998.0,japan_moe_official_summary,dsstox_casrn,unclassified,3.0,mg/L,1.826506258828114e-05,-4.73837883526709,164.24799999999996,,True,False,1,1,,,,0.0,,,,official_summary_table,not specified in summary,test material,immobilisation (Japanese table header: acute swimming inhibition),True,True,,,,,,,,,,,,,,,,,,,,,,,,,,,,,,,,,,,,,japan_moe_88-60-8_daphnia_48h_ec50_p5_r16,Japan_MOE_official_summary,official_summary_source,MOE:5:16:daphnia_48h_ec50,3.0,False,,,official_summary_source,official_summary_not_individual_report_reviewed,https://www.env.go.jp/content/000316616.pdf,5.0,16.0
japan_moe__japan_moe_88-60-8_fish_96h_lc50_p5_r16,88-60-8,6-tert-Butyl-m-cresol,88-60-8,DTXSID2026529,CC1=CC(O)=C(C=C1)C(C)(C)C,XOUQAVYLRNOXDO-UHFFFAOYSA-N,fish_96h_lc50,LC50,MOR,MORT,Oryzias latipes,Japanese Medaka,Chordata,Actinopterygii,Beloniformes,Adrianichthyidae,Oryzias,Fish;Standard Test Species,96.0,FW,,,,1998.0,japan_moe_official_summary,dsstox_casrn,unclassified,2.7,mg/L,1.6438556329453026e-05,-4.784136325827765,164.24799999999996,,True,False,1,1,,,,0.0,,,,official_summary_table,not specified in summary,test material,mortality,True,True,,,,,,,,,,,,,,,,,,,,,,,,,,,,,,,,,,,,,japan_moe_88-60-8_fish_96h_lc50_p5_r16,Japan_MOE_official_summary,official_summary_source,MOE:5:16:fish_96h_lc50,2.7,False,,,official_summary_source,official_summary_not_individual_report_reviewed,https://www.env.go.jp/content/000316616.pdf,5.0,16.0
japan_moe__japan_moe_88-74-4_algae_72_96h_ec50_p5_r17,88-74-4,o-Nitroaniline,88-74-4,DTXSID1025726,NC1=CC=CC=C1[N+]([O-])=O,DPJCXCZTLWNFOH-UHFFFAOYSA-N,algae_72_96h_ec50,EC50,GRO,GGRO,Pseudokirchneriella subcapitata,Green Alga,Chlorophyta,Chlorophyceae,Sphaeropleales,Selenastraceae,Pseudokirchneriella,Algae;Standard Test Species,72.0,FW,,,,2011.0,japan_moe_official_summary,dsstox_casrn,unclassified,44.0,mg/L,0.0003185497299567,-3.4968227587450604,138.126,,True,False,1,1,,,,0.0,,,,official_summary_table,not specified in summary,test material,growth rate,True,True,,,,,,,,,,,,,,,,,,,,,,,,,,,,,,,,,,,,,japan_moe_88-74-4_algae_72_96h_ec50_p5_r17,Japan_MOE_official_summary,official_summary_source,MOE:5:17:algae_72_96h_ec50,44.0,False,,,official_summary_source,official_summary_not_individual_report_reviewed,https://www.env.go.jp/content/000316616.pdf,5.0,17.0
japan_moe__japan_moe_88-74-4_daphnia_48h_ec50_p5_r17,88-74-4,o-Nitroaniline,88-74-4,DTXSID1025726,NC1=CC=CC=C1[N+]([O-])=O,DPJCXCZTLWNFOH-UHFFFAOYSA-N,daphnia_48h_ec50,EC50,ITX,IMBL,Daphnia magna,Water Flea,Arthropoda,Branchiopoda,Diplostraca,Daphniidae,Daphnia,Crustaceans;Standard Test Species,48.0,FW,,,,2011.0,japan_moe_official_summary,dsstox_casrn,unclassified,10.0,mg/L,7.239766589925141e-05,-4.140275435231247,138.126,,True,False,1,1,,,,0.0,,,,official_summary_table,not specified in summary,test material,immobilisation (Japanese table header: acute swimming inhibition),True,True,,,,,,,,,,,,,,,,,,,,,,,,,,,,,,,,,,,,,japan_moe_88-74-4_daphnia_48h_ec50_p5_r17,Japan_MOE_official_summary,official_summary_source,MOE:5:17:daphnia_48h_ec50,10.0,False,,,official_summary_source,official_summary_not_individual_report_reviewed,https://www.env.go.jp/content/000316616.pdf,5.0,17.0
japan_moe__japan_moe_88-74-4_fish_96h_lc50_p5_r17,88-74-4,o-Nitroaniline,88-74-4,DTXSID1025726,NC1=CC=CC=C1[N+]([O-])=O,DPJCXCZTLWNFOH-UHFFFAOYSA-N,fish_96h_lc50,LC50,MOR,MORT,Oryzias latipes,Japanese Medaka,Chordata,Actinopterygii,Beloniformes,Adrianichthyidae,Oryzias,Fish;Standard Test Species,96.0,FW,,,,2011.0,japan_moe_official_summary,dsstox_casrn,unclassified,42.0,mg/L,0.0003040701967768,-3.5170261448333475,138.126,,True,False,1,1,,,,0.0,,,,official_summary_table,not specified in summary,test material,mortality,True,True,,,,,,,,,,,,,,,,,,,,,,,,,,,,,,,,,,,,,japan_moe_88-74-4_fish_96h_lc50_p5_r17,Japan_MOE_official_summary,official_summary_source,MOE:5:17:fish_96h_lc50,42.0,False,,,official_summary_source,official_summary_not_individual_report_reviewed,https://www.env.go.jp/content/000316616.pdf,5.0,17.0
japan_moe__japan_moe_88-75-5_algae_72_96h_ec50_p5_r18,88-75-5,o-Nitrophenol,88-75-5,DTXSID1021790,OC1=C(C=CC=C1)[N+]([O-])=O,IQUPABOKLQSFBK-UHFFFAOYSA-N,algae_72_96h_ec50,EC50,GRO,GGRO,Pseudokirchneriella subcapitata,Green Alga,Chlorophyta,Chlorophyceae,Sphaeropleales,Selenastraceae,Pseudokirchneriella,Algae;Standard Test Species,72.0,FW,,,,2008.0,japan_moe_official_summary,dsstox_casrn,unclassified,6.0,mg/L,4.313133491481561e-05,-4.365207100231824,139.11,,True,False,1,1,,,,0.0,,,,official_summary_table,not specified in summary,test material,growth rate,True,True,,,,,,,,,,,,,,,,,,,,,,,,,,,,,,,,,,,,,japan_moe_88-75-5_algae_72_96h_ec50_p5_r18,Japan_MOE_official_summary,official_summary_source,MOE:5:18:algae_72_96h_ec50,6.0,False,,,official_summary_source,official_summary_not_individual_report_reviewed,https://www.env.go.jp/content/000316616.pdf,5.0,18.0
japan_moe__japan_moe_88-75-5_daphnia_48h_ec50_p5_r18,88-75-5,o-Nitrophenol,88-75-5,DTXSID1021790,OC1=C(C=CC=C1)[N+]([O-])=O,IQUPABOKLQSFBK-UHFFFAOYSA-N,daphnia_48h_ec50,EC50,ITX,IMBL,Daphnia magna,Water Flea,Arthropoda,Branchiopoda,Diplostraca,Daphniidae,Daphnia,Crustaceans;Standard Test Species,48.0,FW,,,,2008.0,japan_moe_official_summary,dsstox_casrn,unclassified,28.0,mg/L,0.0002012795629358,-3.696200319273248,139.11,,True,False,1,1,,,,0.0,,,,official_summary_table,not specified in summary,test material,immobilisation (Japanese table header: acute swimming inhibition),True,True,,,,,,,,,,,,,,,,,,,,,,,,,,,,,,,,,,,,,japan_moe_88-75-5_daphnia_48h_ec50_p5_r18,Japan_MOE_official_summary,official_summary_source,MOE:5:18:daphnia_48h_ec50,28.0,False,,,official_summary_source,official_summary_not_individual_report_reviewed,https://www.env.go.jp/content/000316616.pdf,5.0,18.0
japan_moe__japan_moe_88-75-5_fish_96h_lc50_p5_r18,88-75-5,o-Nitrophenol,88-75-5,DTXSID1021790,OC1=C(C=CC=C1)[N+]([O-])=O,IQUPABOKLQSFBK-UHFFFAOYSA-N,fish_96h_lc50,LC50,MOR,MORT,Oryzias latipes,Japanese Medaka,Chordata,Actinopterygii,Beloniformes,Adrianichthyidae,Oryzias,Fish;Standard Test Species,96.0,FW,,,,2008.0,japan_moe_official_summary,dsstox_casrn,unclassified,64.0,mg/L,0.0004600675724246,-3.33717837663158,139.11,,True,False,1,1,,,,0.0,,,,official_summary_table,not specified in summary,test material,mortality,True,True,,,,,,,,,,,,,,,,,,,,,,,,,,,,,,,,,,,,,japan_moe_88-75-5_fish_96h_lc50_p5_r18,Japan_MOE_official_summary,official_summary_source,MOE:5:18:fish_96h_lc50,64.0,False,,,official_summary_source,official_summary_not_individual_report_reviewed,https://www.env.go.jp/content/000316616.pdf,5.0,18.0
japan_moe__japan_moe_88-85-7_algae_72_96h_ec50_p5_r19,88-85-7,"Phenol, 2-(1-methylpropyl)-4,6- dinitro- <Dinoseb>",88-85-7,DTXSID3020207,CCC(C)C1=CC(=CC(=C1O)[N+]([O-])=O)[N+]([O-])=O,OWZPCEFYPSAJFR-UHFFFAOYSA-N,algae_72_96h_ec50,EC50,GRO,GGRO,Pseudokirchneriella subcapitata,Green Alga,Chlorophyta,Chlorophyceae,Sphaeropleales,Selenastraceae,Pseudokirchneriella,Algae;Standard Test Species,72.0,FW,,,,2003.0,japan_moe_official_summary,dsstox_casrn,unclassified,1.4,mg/L,5.828112316050205e-06,-5.2344720873463135,240.215,,True,False,1,1,,,,0.0,,,,official_summary_table,not specified in summary,test material,growth rate,True,True,,,,,,,,,,,,,,,,,,,,,,,,,,,,,,,,,,,,,japan_moe_88-85-7_algae_72_96h_ec50_p5_r19,Japan_MOE_official_summary,official_summary_source,MOE:5:19:algae_72_96h_ec50,1.4,False,,,official_summary_source,official_summary_not_individual_report_reviewed,https://www.env.go.jp/content/000316616.pdf,5.0,19.0
japan_moe__japan_moe_88-85-7_daphnia_48h_ec50_p5_r19,88-85-7,"Phenol, 2-(1-methylpropyl)-4,6- dinitro- <Dinoseb>",88-85-7,DTXSID3020207,CCC(C)C1=CC(=CC(=C1O)[N+]([O-])=O)[N+]([O-])=O,OWZPCEFYPSAJFR-UHFFFAOYSA-N,daphnia_48h_ec50,EC50,ITX,IMBL,Daphnia magna,Water Flea,Arthropoda,Branchiopoda,Diplostraca,Daphniidae,Daphnia,Crustaceans;Standard Test Species,48.0,FW,,,,2003.0,japan_moe_official_summary,dsstox_casrn,unclassified,0.4,mg/L,1.6651749474429157e-06,-5.778540131696589,240.215,,True,False,1,1,,,,0.0,,,,official_summary_table,not specified in summary,test material,immobilisation (Japanese table header: acute swimming inhibition),True,True,,,,,,,,,,,,,,,,,,,,,,,,,,,,,,,,,,,,,japan_moe_88-85-7_daphnia_48h_ec50_p5_r19,Japan_MOE_official_summary,official_summary_source,MOE:5:19:daphnia_48h_ec50,0.4,False,,,official_summary_source,official_summary_not_individual_report_reviewed,https://www.env.go.jp/content/000316616.pdf,5.0,19.0
japan_moe__japan_moe_88-85-7_fish_96h_lc50_p5_r19,88-85-7,"Phenol, 2-(1-methylpropyl)-4,6- dinitro- <Dinoseb>",88-85-7,DTXSID3020207,CCC(C)C1=CC(=CC(=C1O)[N+]([O-])=O)[N+]([O-])=O,OWZPCEFYPSAJFR-UHFFFAOYSA-N,fish_96h_lc50,LC50,MOR,MORT,Oryzias latipes,Japanese Medaka,Chordata,Actinopterygii,Beloniformes,Adrianichthyidae,Oryzias,Fish;Standard Test Species,96.0,FW,,,,2003.0,japan_moe_official_summary,dsstox_casrn,unclassified,0.28,mg/L,1.165622463210041e-06,-5.933442091682332,240.215,,True,False,1,1,,,,0.0,,,,official_summary_table,not specified in summary,test material,mortality,True,True,,,,,,,,,,,,,,,,,,,,,,,,,,,,,,,,,,,,,japan_moe_88-85-7_fish_96h_lc50_p5_r19,Japan_MOE_official_summary,official_summary_source,MOE:5:19:fish_96h_lc50,0.28,False,,,official_summary_source,official_summary_not_individual_report_reviewed,https://www.env.go.jp/content/000316616.pdf,5.0,19.0
japan_moe__japan_moe_882-33-7_daphnia_48h_ec50_p23_r19,882-33-7,Phenyl disulfide,882-33-7,DTXSID6022131,S(SC1=CC=CC=C1)C1=CC=CC=C1,GUUVPOWQJOLRAS-UHFFFAOYSA-N,daphnia_48h_ec50,EC50,ITX,IMBL,Daphnia magna,Water Flea,Arthropoda,Branchiopoda,Diplostraca,Daphniidae,Daphnia,Crustaceans;Standard Test Species,48.0,FW,,,,2003.0,japan_moe_official_summary,dsstox_casrn,unclassified,0.0085,mg/L,3.8929039231311774e-08,-7.409726314537389,218.346,,True,False,1,1,,,,0.0,,,,official_summary_table,not specified in summary,test material,immobilisation (Japanese table header: acute swimming inhibition),True,True,,,,,,,,,,,,,,,,,,,,,,,,,,,,,,,,,,,,,japan_moe_882-33-7_daphnia_48h_ec50_p23_r19,Japan_MOE_official_summary,official_summary_source,MOE:23:19:daphnia_48h_ec50,0.0085,False,,,official_summary_source,official_summary_not_individual_report_reviewed,https://www.env.go.jp/content/000316616.pdf,23.0,19.0
japan_moe__japan_moe_882-33-7_fish_96h_lc50_p23_r19,882-33-7,Phenyl disulfide,882-33-7,DTXSID6022131,S(SC1=CC=CC=C1)C1=CC=CC=C1,GUUVPOWQJOLRAS-UHFFFAOYSA-N,fish_96h_lc50,LC50,MOR,MORT,Oryzias latipes,Japanese Medaka,Chordata,Actinopterygii,Beloniformes,Adrianichthyidae,Oryzias,Fish;Standard Test Species,96.0,FW,,,,2003.0,japan_moe_official_summary,dsstox_casrn,unclassified,0.058,mg/L,2.65633444166598e-07,-6.575717246688744,218.346,,True,False,1,1,,,,0.0,,,,official_summary_table,not specified in summary,test material,mortality,True,True,,,,,,,,,,,,,,,,,,,,,,,,,,,,,,,,,,,,,japan_moe_882-33-7_fish_96h_lc50_p23_r19,Japan_MOE_official_summary,official_summary_source,MOE:23:19:fish_96h_lc50,0.058,False,,,official_summary_source,official_summary_not_individual_report_reviewed,https://www.env.go.jp/content/000316616.pdf,23.0,19.0
japan_moe__japan_moe_89-40-7_daphnia_48h_ec50_p5_r21,89-40-7,4-Nitrophthalimide,89-40-7,DTXSID1025776,[O-][N+](=O)C1=CC=C2C(=O)NC(=O)C2=C1,ANYWGXDASKQYAD-UHFFFAOYSA-N,daphnia_48h_ec50,EC50,ITX,IMBL,Daphnia magna,Water Flea,Arthropoda,Branchiopoda,Diplostraca,Daphniidae,Daphnia,Crustaceans;Standard Test Species,48.0,FW,,,,2005.0,japan_moe_official_summary,dsstox_casrn,unclassified,28.0,mg/L,0.0001457346588247,-3.836437151412317,192.13,,True,False,1,1,,,,0.0,,,,official_summary_table,not specified in summary,test material,immobilisation (Japanese table header: acute swimming inhibition),True,True,,,,,,,,,,,,,,,,,,,,,,,,,,,,,,,,,,,,,japan_moe_89-40-7_daphnia_48h_ec50_p5_r21,Japan_MOE_official_summary,official_summary_source,MOE:5:21:daphnia_48h_ec50,28.0,False,,,official_summary_source,official_summary_not_individual_report_reviewed,https://www.env.go.jp/content/000316616.pdf,5.0,21.0
japan_moe__japan_moe_89-40-7_fish_96h_lc50_p5_r21,89-40-7,4-Nitrophthalimide,89-40-7,DTXSID1025776,[O-][N+](=O)C1=CC=C2C(=O)NC(=O)C2=C1,ANYWGXDASKQYAD-UHFFFAOYSA-N,fish_96h_lc50,LC50,MOR,MORT,Oryzias latipes,Japanese Medaka,Chordata,Actinopterygii,Beloniformes,Adrianichthyidae,Oryzias,Fish;Standard Test Species,96.0,FW,,,,2005.0,japan_moe_official_summary,dsstox_casrn,unclassified,11.0,mg/L,5.725290168115338e-05,-4.242202497596312,192.13,,True,False,1,1,,,,0.0,,,,official_summary_table,not specified in summary,test material,mortality,True,True,,,,,,,,,,,,,,,,,,,,,,,,,,,,,,,,,,,,,japan_moe_89-40-7_fish_96h_lc50_p5_r21,Japan_MOE_official_summary,official_summary_source,MOE:5:21:fish_96h_lc50,11.0,False,,,official_summary_source,official_summary_not_individual_report_reviewed,https://www.env.go.jp/content/000316616.pdf,5.0,21.0
japan_moe__japan_moe_89-63-4_algae_72_96h_ec50_p5_r22,89-63-4,4-Chloro-2-nitroaniline,89-63-4,DTXSID4030384,NC1=C(C=C(Cl)C=C1)[N+]([O-])=O,PBGKNXWGYQPUJK-UHFFFAOYSA-N,algae_72_96h_ec50,EC50,GRO,GGRO,Pseudokirchneriella subcapitata,Green Alga,Chlorophyta,Chlorophyceae,Sphaeropleales,Selenastraceae,Pseudokirchneriella,Algae;Standard Test Species,72.0,FW,,,,2008.0,japan_moe_official_summary,dsstox_casrn,unclassified,8.5,mg/L,4.925508920965864e-05,-4.3075488900093255,172.57099999999997,,True,False,1,1,,,,0.0,,,,official_summary_table,not specified in summary,test material,growth rate,True,True,,,,,,,,,,,,,,,,,,,,,,,,,,,,,,,,,,,,,japan_moe_89-63-4_algae_72_96h_ec50_p5_r22,Japan_MOE_official_summary,official_summary_source,MOE:5:22:algae_72_96h_ec50,8.5,False,,,official_summary_source,official_summary_not_individual_report_reviewed,https://www.env.go.jp/content/000316616.pdf,5.0,22.0
japan_moe__japan_moe_89-63-4_daphnia_48h_ec50_p5_r22,89-63-4,4-Chloro-2-nitroaniline,89-63-4,DTXSID4030384,NC1=C(C=C(Cl)C=C1)[N+]([O-])=O,PBGKNXWGYQPUJK-UHFFFAOYSA-N,daphnia_48h_ec50,EC50,ITX,IMBL,Daphnia magna,Water Flea,Arthropoda,Branchiopoda,Diplostraca,Daphniidae,Daphnia,Crustaceans;Standard Test Species,48.0,FW,,,,2008.0,japan_moe_official_summary,dsstox_casrn,unclassified,4.2,mg/L,2.433780878594898e-05,-4.613718525325718,172.57099999999997,,True,False,1,1,,,,0.0,,,,official_summary_table,not specified in summary,test material,immobilisation (Japanese table header: acute swimming inhibition),True,True,,,,,,,,,,,,,,,,,,,,,,,,,,,,,,,,,,,,,japan_moe_89-63-4_daphnia_48h_ec50_p5_r22,Japan_MOE_official_summary,official_summary_source,MOE:5:22:daphnia_48h_ec50,4.2,False,,,official_summary_source,official_summary_not_individual_report_reviewed,https://www.env.go.jp/content/000316616.pdf,5.0,22.0
japan_moe__japan_moe_89-63-4_fish_96h_lc50_p5_r22,89-63-4,4-Chloro-2-nitroaniline,89-63-4,DTXSID4030384,NC1=C(C=C(Cl)C=C1)[N+]([O-])=O,PBGKNXWGYQPUJK-UHFFFAOYSA-N,fish_96h_lc50,LC50,MOR,MORT,Oryzias latipes,Japanese Medaka,Chordata,Actinopterygii,Beloniformes,Adrianichthyidae,Oryzias,Fish;Standard Test Species,96.0,FW,,,,2008.0,japan_moe_official_summary,dsstox_casrn,unclassified,17.0,mg/L,9.851017841931727e-05,-4.006518894345344,172.57099999999997,,True,False,1,1,,,,0.0,,,,official_summary_table,not specified in summary,test material,mortality,True,True,,,,,,,,,,,,,,,,,,,,,,,,,,,,,,,,,,,,,japan_moe_89-63-4_fish_96h_lc50_p5_r22,Japan_MOE_official_summary,official_summary_source,MOE:5:22:fish_96h_lc50,17.0,False,,,official_summary_source,official_summary_not_individual_report_reviewed,https://www.env.go.jp/content/000316616.pdf,5.0,22.0
japan_moe__japan_moe_89-64-5_algae_72_96h_ec50_p6_r1,89-64-5,4-Chloro-2-nitrophenol,89-64-5,DTXSID4058996,OC1=C(C=C(Cl)C=C1)[N+]([O-])=O,NWSIFTLPLKCTSX-UHFFFAOYSA-N,algae_72_96h_ec50,EC50,GRO,GGRO,Pseudokirchneriella subcapitata,Green Alga,Chlorophyta,Chlorophyceae,Sphaeropleales,Selenastraceae,Pseudokirchneriella,Algae;Standard Test Species,72.0,FW,,,,2007.0,japan_moe_official_summary,dsstox_casrn,unclassified,6.2,mg/L,3.572354585001873e-05,-4.447045440414276,173.55499999999998,,True,False,1,1,,,,0.0,,,,official_summary_table,not specified in summary,test material,growth rate,True,True,,,,,,,,,,,,,,,,,,,,,,,,,,,,,,,,,,,,,japan_moe_89-64-5_algae_72_96h_ec50_p6_r1,Japan_MOE_official_summary,official_summary_source,MOE:6:1:algae_72_96h_ec50,6.2,False,,,official_summary_source,official_summary_not_individual_report_reviewed,https://www.env.go.jp/content/000316616.pdf,6.0,1.0
japan_moe__japan_moe_89-64-5_daphnia_48h_ec50_p6_r1,89-64-5,4-Chloro-2-nitrophenol,89-64-5,DTXSID4058996,OC1=C(C=C(Cl)C=C1)[N+]([O-])=O,NWSIFTLPLKCTSX-UHFFFAOYSA-N,daphnia_48h_ec50,EC50,ITX,IMBL,Daphnia magna,Water Flea,Arthropoda,Branchiopoda,Diplostraca,Daphniidae,Daphnia,Crustaceans;Standard Test Species,48.0,FW,,,,2007.0,japan_moe_official_summary,dsstox_casrn,unclassified,7.9,mg/L,4.5518711647604514e-05,-4.341810038622088,173.55499999999998,,True,False,1,1,,,,0.0,,,,official_summary_table,not specified in summary,test material,immobilisation (Japanese table header: acute swimming inhibition),True,True,,,,,,,,,,,,,,,,,,,,,,,,,,,,,,,,,,,,,japan_moe_89-64-5_daphnia_48h_ec50_p6_r1,Japan_MOE_official_summary,official_summary_source,MOE:6:1:daphnia_48h_ec50,7.9,False,,,official_summary_source,official_summary_not_individual_report_reviewed,https://www.env.go.jp/content/000316616.pdf,6.0,1.0
japan_moe__japan_moe_89-64-5_fish_96h_lc50_p6_r1,89-64-5,4-Chloro-2-nitrophenol,89-64-5,DTXSID4058996,OC1=C(C=C(Cl)C=C1)[N+]([O-])=O,NWSIFTLPLKCTSX-UHFFFAOYSA-N,fish_96h_lc50,LC50,MOR,MORT,Oryzias latipes,Japanese Medaka,Chordata,Actinopterygii,Beloniformes,Adrianichthyidae,Oryzias,Fish;Standard Test Species,96.0,FW,,,,2007.0,japan_moe_official_summary,dsstox_casrn,unclassified,11.0,mg/L,6.338048457261388e-05,-4.198044444754305,173.55499999999998,,True,False,1,1,,,,0.0,,,,official_summary_table,not specified in summary,test material,mortality,True,True,,,,,,,,,,,,,,,,,,,,,,,,,,,,,,,,,,,,,japan_moe_89-64-5_fish_96h_lc50_p6_r1,Japan_MOE_official_summary,official_summary_source,MOE:6:1:fish_96h_lc50,11.0,False,,,official_summary_source,official_summary_not_individual_report_reviewed,https://www.env.go.jp/content/000316616.pdf,6.0,1.0
japan_moe__japan_moe_89-72-5_algae_72_96h_ec50_p6_r2,89-72-5,o-sec-Butylphenol,89-72-5,DTXSID2022331,CCC(C)C1=C(O)C=CC=C1,NGFPWHGISWUQOI-UHFFFAOYSA-N,algae_72_96h_ec50,EC50,GRO,GGRO,Pseudokirchneriella subcapitata,Green Alga,Chlorophyta,Chlorophyceae,Sphaeropleales,Selenastraceae,Pseudokirchneriella,Algae;Standard Test Species,72.0,FW,,,,1998.0,japan_moe_official_summary,dsstox_casrn,unclassified,6.9,mg/L,4.593232637247789e-05,-4.337881557953641,150.22099999999998,,True,False,1,1,,,,0.0,,,,official_summary_table,not specified in summary,test material,growth rate,True,True,,,,,,,,,,,,,,,,,,,,,,,,,,,,,,,,,,,,,japan_moe_89-72-5_algae_72_96h_ec50_p6_r2,Japan_MOE_official_summary,official_summary_source,MOE:6:2:algae_72_96h_ec50,6.9,False,,,official_summary_source,official_summary_not_individual_report_reviewed,https://www.env.go.jp/content/000316616.pdf,6.0,2.0
japan_moe__japan_moe_89-72-5_daphnia_48h_ec50_p6_r2,89-72-5,o-sec-Butylphenol,89-72-5,DTXSID2022331,CCC(C)C1=C(O)C=CC=C1,NGFPWHGISWUQOI-UHFFFAOYSA-N,daphnia_48h_ec50,EC50,ITX,IMBL,Daphnia magna,Water Flea,Arthropoda,Branchiopoda,Diplostraca,Daphniidae,Daphnia,Crustaceans;Standard Test Species,48.0,FW,,,,1998.0,japan_moe_official_summary,dsstox_casrn,unclassified,4.0,mg/L,2.662743557824805e-05,-4.574670657362934,150.22099999999998,,True,False,1,1,,,,0.0,,,,official_summary_table,not specified in summary,test material,immobilisation (Japanese table header: acute swimming inhibition),True,True,,,,,,,,,,,,,,,,,,,,,,,,,,,,,,,,,,,,,japan_moe_89-72-5_daphnia_48h_ec50_p6_r2,Japan_MOE_official_summary,official_summary_source,MOE:6:2:daphnia_48h_ec50,4.0,False,,,official_summary_source,official_summary_not_individual_report_reviewed,https://www.env.go.jp/content/000316616.pdf,6.0,2.0
japan_moe__japan_moe_89-72-5_fish_96h_lc50_p6_r2,89-72-5,o-sec-Butylphenol,89-72-5,DTXSID2022331,CCC(C)C1=C(O)C=CC=C1,NGFPWHGISWUQOI-UHFFFAOYSA-N,fish_96h_lc50,LC50,MOR,MORT,Oryzias latipes,Japanese Medaka,Chordata,Actinopterygii,Beloniformes,Adrianichthyidae,Oryzias,Fish;Standard Test Species,96.0,FW,,,,1998.0,japan_moe_official_summary,dsstox_casrn,unclassified,6.0,mg/L,3.994115336737208e-05,-4.398579398307253,150.22099999999998,,True,False,1,1,,,,0.0,,,,official_summary_table,not specified in summary,test material,mortality,True,True,,,,,,,,,,,,,,,,,,,,,,,,,,,,,,,,,,,,,japan_moe_89-72-5_fish_96h_lc50_p6_r2,Japan_MOE_official_summary,official_summary_source,MOE:6:2:fish_96h_lc50,6.0,False,,,official_summary_source,official_summary_not_individual_report_reviewed,https://www.env.go.jp/content/000316616.pdf,6.0,2.0
japan_moe__japan_moe_89-83-8_algae_72_96h_ec50_p6_r3,89-83-8,Thymol,89-83-8,DTXSID6034972,CC(C)C1=CC=C(C)C=C1O,MGSRCZKZVOBKFT-UHFFFAOYSA-N,algae_72_96h_ec50,EC50,GRO,GGRO,Pseudokirchneriella subcapitata,Green Alga,Chlorophyta,Chlorophyceae,Sphaeropleales,Selenastraceae,Pseudokirchneriella,Algae;Standard Test Species,72.0,FW,,,,2004.0,japan_moe_official_summary,dsstox_casrn,unclassified,14.0,mg/L,9.31960245238682e-05,-4.030602613012658,150.22099999999998,,True,False,1,1,,,,0.0,,,,official_summary_table,not specified in summary,test material,growth rate,True,True,,,,,,,,,,,,,,,,,,,,,,,,,,,,,,,,,,,,,japan_moe_89-83-8_algae_72_96h_ec50_p6_r3,Japan_MOE_official_summary,official_summary_source,MOE:6:3:algae_72_96h_ec50,14.0,False,,,official_summary_source,official_summary_not_individual_report_reviewed,https://www.env.go.jp/content/000316616.pdf,6.0,3.0
japan_moe__japan_moe_89-83-8_daphnia_48h_ec50_p6_r3,89-83-8,Thymol,89-83-8,DTXSID6034972,CC(C)C1=CC=C(C)C=C1O,MGSRCZKZVOBKFT-UHFFFAOYSA-N,daphnia_48h_ec50,EC50,ITX,IMBL,Daphnia magna,Water Flea,Arthropoda,Branchiopoda,Diplostraca,Daphniidae,Daphnia,Crustaceans;Standard Test Species,48.0,FW,,,,2004.0,japan_moe_official_summary,dsstox_casrn,unclassified,4.5,mg/L,2.9955865025529055e-05,-4.523518134915553,150.22099999999998,,True,False,1,1,,,,0.0,,,,official_summary_table,not specified in summary,test material,immobilisation (Japanese table header: acute swimming inhibition),True,True,,,,,,,,,,,,,,,,,,,,,,,,,,,,,,,,,,,,,japan_moe_89-83-8_daphnia_48h_ec50_p6_r3,Japan_MOE_official_summary,official_summary_source,MOE:6:3:daphnia_48h_ec50,4.5,False,,,official_summary_source,official_summary_not_individual_report_reviewed,https://www.env.go.jp/content/000316616.pdf,6.0,3.0
japan_moe__japan_moe_89-83-8_fish_96h_lc50_p6_r3,89-83-8,Thymol,89-83-8,DTXSID6034972,CC(C)C1=CC=C(C)C=C1O,MGSRCZKZVOBKFT-UHFFFAOYSA-N,fish_96h_lc50,LC50,MOR,MORT,Oryzias latipes,Japanese Medaka,Chordata,Actinopterygii,Beloniformes,Adrianichthyidae,Oryzias,Fish;Standard Test Species,96.0,FW,,,,2004.0,japan_moe_official_summary,dsstox_casrn,unclassified,4.7,mg/L,3.128723680444146e-05,-4.504632790755179,150.22099999999998,,True,False,1,1,,,,0.0,,,,official_summary_table,not specified in summary,test material,mortality,True,True,,,,,,,,,,,,,,,,,,,,,,,,,,,,,,,,,,,,,japan_moe_89-83-8_fish_96h_lc50_p6_r3,Japan_MOE_official_summary,official_summary_source,MOE:6:3:fish_96h_lc50,4.7,False,,,official_summary_source,official_summary_not_individual_report_reviewed,https://www.env.go.jp/content/000316616.pdf,6.0,3.0
japan_moe__japan_moe_90-02-8_algae_72_96h_ec50_p6_r4,90-02-8,2-Hydroxybenzaldehyde,90-02-8,DTXSID1021792,OC1=CC=CC=C1C=O,SMQUZDBALVYZAC-UHFFFAOYSA-N,algae_72_96h_ec50,EC50,GRO,GGRO,Pseudokirchneriella subcapitata,Green Alga,Chlorophyta,Chlorophyceae,Sphaeropleales,Selenastraceae,Pseudokirchneriella,Algae;Standard Test Species,72.0,FW,,,,2004.0,japan_moe_official_summary,dsstox_casrn,unclassified,4.8,mg/L,3.930463549044816e-05,-4.40555622699852,122.12299999999998,,True,False,1,1,,,,0.0,,,,official_summary_table,not specified in summary,test material,growth rate,True,True,,,,,,,,,,,,,,,,,,,,,,,,,,,,,,,,,,,,,japan_moe_90-02-8_algae_72_96h_ec50_p6_r4,Japan_MOE_official_summary,official_summary_source,MOE:6:4:algae_72_96h_ec50,4.8,False,,,official_summary_source,official_summary_not_individual_report_reviewed,https://www.env.go.jp/content/000316616.pdf,6.0,4.0
japan_moe__japan_moe_90-02-8_daphnia_48h_ec50_p6_r4,90-02-8,2-Hydroxybenzaldehyde,90-02-8,DTXSID1021792,OC1=CC=CC=C1C=O,SMQUZDBALVYZAC-UHFFFAOYSA-N,daphnia_48h_ec50,EC50,ITX,IMBL,Daphnia magna,Water Flea,Arthropoda,Branchiopoda,Diplostraca,Daphniidae,Daphnia,Crustaceans;Standard Test Species,48.0,FW,,,,2004.0,japan_moe_official_summary,dsstox_casrn,unclassified,2.6,mg/L,2.1290010890659425e-05,-4.67182411640329,122.12299999999998,,True,False,1,1,,,,0.0,,,,official_summary_table,not specified in summary,test material,immobilisation (Japanese table header: acute swimming inhibition),True,True,,,,,,,,,,,,,,,,,,,,,,,,,,,,,,,,,,,,,japan_moe_90-02-8_daphnia_48h_ec50_p6_r4,Japan_MOE_official_summary,official_summary_source,MOE:6:4:daphnia_48h_ec50,2.6,False,,,official_summary_source,official_summary_not_individual_report_reviewed,https://www.env.go.jp/content/000316616.pdf,6.0,4.0
japan_moe__japan_moe_90-02-8_fish_96h_lc50_p6_r4,90-02-8,2-Hydroxybenzaldehyde,90-02-8,DTXSID1021792,OC1=CC=CC=C1C=O,SMQUZDBALVYZAC-UHFFFAOYSA-N,fish_96h_lc50,LC50,MOR,MORT,Oryzias latipes,Japanese Medaka,Chordata,Actinopterygii,Beloniformes,Adrianichthyidae,Oryzias,Fish;Standard Test Species,96.0,FW,,,,2004.0,japan_moe_official_summary,dsstox_casrn,unclassified,1.6,mg/L,1.3101545163482722e-05,-4.882677481718183,122.12299999999998,,True,False,1,1,,,,0.0,,,,official_summary_table,not specified in summary,test material,mortality,True,True,,,,,,,,,,,,,,,,,,,,,,,,,,,,,,,,,,,,,japan_moe_90-02-8_fish_96h_lc50_p6_r4,Japan_MOE_official_summary,official_summary_source,MOE:6:4:fish_96h_lc50,1.6,False,,,official_summary_source,official_summary_not_individual_report_reviewed,https://www.env.go.jp/content/000316616.pdf,6.0,4.0
japan_moe__japan_moe_90-04-0_daphnia_48h_ec50_p6_r5,90-04-0,o-Anisidine,90-04-0,DTXSID5023877,COC1=CC=CC=C1N,VMPITZXILSNTON-UHFFFAOYSA-N,daphnia_48h_ec50,EC50,ITX,IMBL,Daphnia magna,Water Flea,Arthropoda,Branchiopoda,Diplostraca,Daphniidae,Daphnia,Crustaceans;Standard Test Species,48.0,FW,,,,1996.0,japan_moe_official_summary,dsstox_casrn,unclassified,23.0,mg/L,0.0001867565263286,-3.728724212543472,123.155,,True,False,1,1,,,,0.0,,,,official_summary_table,not specified in summary,test material,immobilisation (Japanese table header: acute swimming inhibition),True,True,,,,,,,,,,,,,,,,,,,,,,,,,,,,,,,,,,,,,japan_moe_90-04-0_daphnia_48h_ec50_p6_r5,Japan_MOE_official_summary,official_summary_source,MOE:6:5:daphnia_48h_ec50,23.0,False,,,official_summary_source,official_summary_not_individual_report_reviewed,https://www.env.go.jp/content/000316616.pdf,6.0,5.0
japan_moe__japan_moe_90-04-0_fish_96h_lc50_p6_r5,90-04-0,o-Anisidine,90-04-0,DTXSID5023877,COC1=CC=CC=C1N,VMPITZXILSNTON-UHFFFAOYSA-N,fish_96h_lc50,LC50,MOR,MORT,Oryzias latipes,Japanese Medaka,Chordata,Actinopterygii,Beloniformes,Adrianichthyidae,Oryzias,Fish;Standard Test Species,96.0,FW,,,,1996.0,japan_moe_official_summary,dsstox_casrn,unclassified,200.0,mg/L,0.0016239697941618,-2.789422052897084,123.155,,True,False,1,1,,,,0.0,,,,official_summary_table,not specified in summary,test material,mortality,True,True,,,,,,,,,,,,,,,,,,,,,,,,,,,,,,,,,,,,,japan_moe_90-04-0_fish_96h_lc50_p6_r5,Japan_MOE_official_summary,official_summary_source,MOE:6:5:fish_96h_lc50,200.0,False,,,official_summary_source,official_summary_not_individual_report_reviewed,https://www.env.go.jp/content/000316616.pdf,6.0,5.0
japan_moe__japan_moe_90-05-1_algae_72_96h_ec50_p6_r6,90-05-1,2-Methoxyphenol,90-05-1,DTXSID0023113,COC1=C(O)C=CC=C1,LHGVFZTZFXWLCP-UHFFFAOYSA-N,algae_72_96h_ec50,EC50,GRO,GGRO,Pseudokirchneriella subcapitata,Green Alga,Chlorophyta,Chlorophyceae,Sphaeropleales,Selenastraceae,Pseudokirchneriella,Algae;Standard Test Species,72.0,FW,,,,1998.0,japan_moe_official_summary,dsstox_casrn,unclassified,270.0,mg/L,0.0021749812709946,-2.6625444784512804,124.13899999999995,,True,False,1,1,,,,0.0,,,,official_summary_table,not specified in summary,test material,growth rate,True,True,,,,,,,,,,,,,,,,,,,,,,,,,,,,,,,,,,,,,japan_moe_90-05-1_algae_72_96h_ec50_p6_r6,Japan_MOE_official_summary,official_summary_source,MOE:6:6:algae_72_96h_ec50,270.0,False,,,official_summary_source,official_summary_not_individual_report_reviewed,https://www.env.go.jp/content/000316616.pdf,6.0,6.0
japan_moe__japan_moe_90-05-1_daphnia_48h_ec50_p6_r6,90-05-1,2-Methoxyphenol,90-05-1,DTXSID0023113,COC1=C(O)C=CC=C1,LHGVFZTZFXWLCP-UHFFFAOYSA-N,daphnia_48h_ec50,EC50,ITX,IMBL,Daphnia magna,Water Flea,Arthropoda,Branchiopoda,Diplostraca,Daphniidae,Daphnia,Crustaceans;Standard Test Species,48.0,FW,,,,1998.0,japan_moe_official_summary,dsstox_casrn,unclassified,29.0,mg/L,0.0002336090994771,-3.631510244711312,124.13899999999995,,True,False,1,1,,,,0.0,,,,official_summary_table,not specified in summary,test material,immobilisation (Japanese table header: acute swimming inhibition),True,True,,,,,,,,,,,,,,,,,,,,,,,,,,,,,,,,,,,,,japan_moe_90-05-1_daphnia_48h_ec50_p6_r6,Japan_MOE_official_summary,official_summary_source,MOE:6:6:daphnia_48h_ec50,29.0,False,,,official_summary_source,official_summary_not_individual_report_reviewed,https://www.env.go.jp/content/000316616.pdf,6.0,6.0
japan_moe__japan_moe_90-12-0_algae_72_96h_ec50_p6_r7,90-12-0,1-Methylnaphthalene,90-12-0,DTXSID9020877,CC1=C2C=CC=CC2=CC=C1,QPUYECUOLPXSFR-UHFFFAOYSA-N,algae_72_96h_ec50,EC50,GRO,GGRO,Pseudokirchneriella subcapitata,Green Alga,Chlorophyta,Chlorophyceae,Sphaeropleales,Selenastraceae,Pseudokirchneriella,Algae;Standard Test Species,72.0,FW,,,,1999.0,japan_moe_official_summary,dsstox_casrn,unclassified,2.8,mg/L,1.969043818257256e-05,-4.70574461915107,142.201,,True,False,1,1,,,,0.0,,,,official_summary_table,not specified in summary,test material,growth rate,True,True,,,,,,,,,,,,,,,,,,,,,,,,,,,,,,,,,,,,,japan_moe_90-12-0_algae_72_96h_ec50_p6_r7,Japan_MOE_official_summary,official_summary_source,MOE:6:7:algae_72_96h_ec50,2.8,False,,,official_summary_source,official_summary_not_individual_report_reviewed,https://www.env.go.jp/content/000316616.pdf,6.0,7.0
japan_moe__japan_moe_90-12-0_daphnia_48h_ec50_p6_r7,90-12-0,1-Methylnaphthalene,90-12-0,DTXSID9020877,CC1=C2C=CC=CC2=CC=C1,QPUYECUOLPXSFR-UHFFFAOYSA-N,daphnia_48h_ec50,EC50,ITX,IMBL,Daphnia magna,Water Flea,Arthropoda,Branchiopoda,Diplostraca,Daphniidae,Daphnia,Crustaceans;Standard Test Species,48.0,FW,,,,1999.0,japan_moe_official_summary,dsstox_casrn,unclassified,2.2,mg/L,1.5471058572021295e-05,-4.810479969671083,142.201,,True,False,1,1,,,,0.0,,,,official_summary_table,not specified in summary,test material,immobilisation (Japanese table header: acute swimming inhibition),True,True,,,,,,,,,,,,,,,,,,,,,,,,,,,,,,,,,,,,,japan_moe_90-12-0_daphnia_48h_ec50_p6_r7,Japan_MOE_official_summary,official_summary_source,MOE:6:7:daphnia_48h_ec50,2.2,False,,,official_summary_source,official_summary_not_individual_report_reviewed,https://www.env.go.jp/content/000316616.pdf,6.0,7.0
japan_moe__japan_moe_90-12-0_fish_96h_lc50_p6_r7,90-12-0,1-Methylnaphthalene,90-12-0,DTXSID9020877,CC1=C2C=CC=CC2=CC=C1,QPUYECUOLPXSFR-UHFFFAOYSA-N,fish_96h_lc50,LC50,MOR,MORT,Oryzias latipes,Japanese Medaka,Chordata,Actinopterygii,Beloniformes,Adrianichthyidae,Oryzias,Fish;Standard Test Species,96.0,FW,,,,1999.0,japan_moe_official_summary,dsstox_casrn,unclassified,5.7,mg/L,4.008410630023699e-05,-4.397027794820798,142.201,,True,False,1,1,,,,0.0,,,,official_summary_table,not specified in summary,test material,mortality,True,True,,,,,,,,,,,,,,,,,,,,,,,,,,,,,,,,,,,,,japan_moe_90-12-0_fish_96h_lc50_p6_r7,Japan_MOE_official_summary,official_summary_source,MOE:6:7:fish_96h_lc50,5.7,False,,,official_summary_source,official_summary_not_individual_report_reviewed,https://www.env.go.jp/content/000316616.pdf,6.0,7.0
japan_moe__japan_moe_90-13-1_daphnia_48h_ec50_p6_r8,90-13-1,1-Chloronaphthalene,90-13-1,DTXSID2024791,ClC1=C2C=CC=CC2=CC=C1,JTPNRXUCIXHOKM-UHFFFAOYSA-N,daphnia_48h_ec50,EC50,ITX,IMBL,Daphnia magna,Water Flea,Arthropoda,Branchiopoda,Diplostraca,Daphniidae,Daphnia,Crustaceans;Standard Test Species,48.0,FW,,,,2003.0,japan_moe_official_summary,dsstox_casrn,unclassified,0.73,mg/L,4.489020348175798e-06,-5.347848425990542,162.61899999999997,,True,False,1,1,,,,0.0,,,,official_summary_table,not specified in summary,test material,immobilisation (Japanese table header: acute swimming inhibition),True,True,,,,,,,,,,,,,,,,,,,,,,,,,,,,,,,,,,,,,japan_moe_90-13-1_daphnia_48h_ec50_p6_r8,Japan_MOE_official_summary,official_summary_source,MOE:6:8:daphnia_48h_ec50,0.73,False,,,official_summary_source,official_summary_not_individual_report_reviewed,https://www.env.go.jp/content/000316616.pdf,6.0,8.0
japan_moe__japan_moe_90-13-1_fish_96h_lc50_p6_r8,90-13-1,1-Chloronaphthalene,90-13-1,DTXSID2024791,ClC1=C2C=CC=CC2=CC=C1,JTPNRXUCIXHOKM-UHFFFAOYSA-N,fish_96h_lc50,LC50,MOR,MORT,Oryzias latipes,Japanese Medaka,Chordata,Actinopterygii,Beloniformes,Adrianichthyidae,Oryzias,Fish;Standard Test Species,96.0,FW,,,,2003.0,japan_moe_official_summary,dsstox_casrn,unclassified,1.7,mg/L,1.0453883002601174e-05,-4.980722364732724,162.61899999999997,,True,False,1,1,,,,0.0,,,,official_summary_table,not specified in summary,test material,mortality,True,True,,,,,,,,,,,,,,,,,,,,,,,,,,,,,,,,,,,,,japan_moe_90-13-1_fish_96h_lc50_p6_r8,Japan_MOE_official_summary,official_summary_source,MOE:6:8:fish_96h_lc50,1.7,False,,,official_summary_source,official_summary_not_individual_report_reviewed,https://www.env.go.jp/content/000316616.pdf,6.0,8.0
japan_moe__japan_moe_90-30-2_algae_72_96h_ec50_p6_r9,90-30-2,1-(N-phenylamino)-naphthalene,90-30-2,DTXSID2025892,N(C1=CC=CC=C1)C1=C2C=CC=CC2=CC=C1,XQVWYOYUZDUNRW-UHFFFAOYSA-N,algae_72_96h_ec50,EC50,GRO,GGRO,Pseudokirchneriella subcapitata,Green Alga,Chlorophyta,Chlorophyceae,Sphaeropleales,Selenastraceae,Pseudokirchneriella,Algae;Standard Test Species,72.0,FW,,,,2005.0,japan_moe_official_summary,dsstox_casrn,unclassified,0.034,mg/L,1.5504795085892005e-07,-6.809533969101239,219.287,,True,False,1,1,,,,0.0,,,,official_summary_table,not specified in summary,test material,growth rate,True,True,,,,,,,,,,,,,,,,,,,,,,,,,,,,,,,,,,,,,japan_moe_90-30-2_algae_72_96h_ec50_p6_r9,Japan_MOE_official_summary,official_summary_source,MOE:6:9:algae_72_96h_ec50,0.034,False,,,official_summary_source,official_summary_not_individual_report_reviewed,https://www.env.go.jp/content/000316616.pdf,6.0,9.0
japan_moe__japan_moe_90-30-2_daphnia_48h_ec50_p6_r9,90-30-2,1-(N-phenylamino)-naphthalene,90-30-2,DTXSID2025892,N(C1=CC=CC=C1)C1=C2C=CC=CC2=CC=C1,XQVWYOYUZDUNRW-UHFFFAOYSA-N,daphnia_48h_ec50,EC50,ITX,IMBL,Daphnia magna,Water Flea,Arthropoda,Branchiopoda,Diplostraca,Daphniidae,Daphnia,Crustaceans;Standard Test Species,48.0,FW,,,,2005.0,japan_moe_official_summary,dsstox_casrn,unclassified,0.26,mg/L,1.1856608006858591e-06,-5.9260395381726765,219.287,,True,False,1,1,,,,0.0,,,,official_summary_table,not specified in summary,test material,immobilisation (Japanese table header: acute swimming inhibition),True,True,,,,,,,,,,,,,,,,,,,,,,,,,,,,,,,,,,,,,japan_moe_90-30-2_daphnia_48h_ec50_p6_r9,Japan_MOE_official_summary,official_summary_source,MOE:6:9:daphnia_48h_ec50,0.26,False,,,official_summary_source,official_summary_not_individual_report_reviewed,https://www.env.go.jp/content/000316616.pdf,6.0,9.0
japan_moe__japan_moe_90-30-2_fish_96h_lc50_p6_r9,90-30-2,1-(N-phenylamino)-naphthalene,90-30-2,DTXSID2025892,N(C1=CC=CC=C1)C1=C2C=CC=CC2=CC=C1,XQVWYOYUZDUNRW-UHFFFAOYSA-N,fish_96h_lc50,LC50,MOR,MORT,Oryzias latipes,Japanese Medaka,Chordata,Actinopterygii,Beloniformes,Adrianichthyidae,Oryzias,Fish;Standard Test Species,96.0,FW,,,,2005.0,japan_moe_official_summary,dsstox_casrn,unclassified,0.7,mg/L,3.192163694154236e-06,-5.495914846129238,219.287,,True,False,1,1,,,,0.0,,,,official_summary_table,not specified in summary,test material,mortality,True,True,,,,,,,,,,,,,,,,,,,,,,,,,,,,,,,,,,,,,japan_moe_90-30-2_fish_96h_lc50_p6_r9,Japan_MOE_official_summary,official_summary_source,MOE:6:9:fish_96h_lc50,0.7,False,,,official_summary_source,official_summary_not_individual_report_reviewed,https://www.env.go.jp/content/000316616.pdf,6.0,9.0
japan_moe__japan_moe_90-60-8_daphnia_48h_ec50_p6_r10,90-60-8,"3,5-Dichlorosalicylaldehyde",90-60-8,DTXSID2059011,OC1=C(C=O)C=C(Cl)C=C1Cl,FABVMBDCVAJXMB-UHFFFAOYSA-N,daphnia_48h_ec50,EC50,ITX,IMBL,Daphnia magna,Water Flea,Arthropoda,Branchiopoda,Diplostraca,Daphniidae,Daphnia,Crustaceans;Standard Test Species,48.0,FW,,,,2007.0,japan_moe_official_summary,dsstox_casrn,unclassified,1.4,mg/L,7.32934407605765e-06,-5.134934889873876,191.013,,True,False,1,1,,,,0.0,,,,official_summary_table,not specified in summary,test material,immobilisation (Japanese table header: acute swimming inhibition),True,True,,,,,,,,,,,,,,,,,,,,,,,,,,,,,,,,,,,,,japan_moe_90-60-8_daphnia_48h_ec50_p6_r10,Japan_MOE_official_summary,official_summary_source,MOE:6:10:daphnia_48h_ec50,1.4,False,,,official_summary_source,official_summary_not_individual_report_reviewed,https://www.env.go.jp/content/000316616.pdf,6.0,10.0
japan_moe__japan_moe_9002-93-1_daphnia_48h_ec50_p29_r3,9002-93-1,"Polyethylene glycol mono[4-(1,1,3,3- tetramethylbutyl)phenyl]ether",9002-93-1,DTXSID8034085,"CC(C)(C)CC(C)(C)C1=CC=C(OCCO)C=C1 |c:16,t:8,10,lp:12:2,15:2,Sg:n:12,13,14::ht|",JYCQQPHGFMYQCF-UHFFFAOYSA-N,daphnia_48h_ec50,EC50,ITX,IMBL,Daphnia magna,Water Flea,Arthropoda,Branchiopoda,Diplostraca,Daphniidae,Daphnia,Crustaceans;Standard Test Species,48.0,FW,,,,2000.0,japan_moe_official_summary,dsstox_casrn,unclassified,14.0,mg/L,5.591456254842601e-05,-4.252475068486109,250.382,,True,False,1,1,,,,0.0,,,,official_summary_table,not specified in summary,test material,immobilisation (Japanese table header: acute swimming inhibition),True,True,,,,,,,,,,,,,,,,,,,,,,,,,,,,,,,,,,,,,japan_moe_9002-93-1_daphnia_48h_ec50_p29_r3,Japan_MOE_official_summary,official_summary_source,MOE:29:3:daphnia_48h_ec50,14.0,False,,,official_summary_source,official_summary_not_individual_report_reviewed,https://www.env.go.jp/content/000316616.pdf,29.0,3.0
japan_moe__japan_moe_9002-93-1_fish_96h_lc50_p29_r3,9002-93-1,"Polyethylene glycol mono[4-(1,1,3,3- tetramethylbutyl)phenyl]ether",9002-93-1,DTXSID8034085,"CC(C)(C)CC(C)(C)C1=CC=C(OCCO)C=C1 |c:16,t:8,10,lp:12:2,15:2,Sg:n:12,13,14::ht|",JYCQQPHGFMYQCF-UHFFFAOYSA-N,fish_96h_lc50,LC50,MOR,MORT,Oryzias latipes,Japanese Medaka,Chordata,Actinopterygii,Beloniformes,Adrianichthyidae,Oryzias,Fish;Standard Test Species,96.0,FW,,,,2000.0,japan_moe_official_summary,dsstox_casrn,unclassified,24.0,mg/L,9.585353579730171e-05,-4.018391862452741,250.382,,True,False,1,1,,,,0.0,,,,official_summary_table,not specified in summary,test material,mortality,True,True,,,,,,,,,,,,,,,,,,,,,,,,,,,,,,,,,,,,,japan_moe_9002-93-1_fish_96h_lc50_p29_r3,Japan_MOE_official_summary,official_summary_source,MOE:29:3:fish_96h_lc50,24.0,False,,,official_summary_source,official_summary_not_individual_report_reviewed,https://www.env.go.jp/content/000316616.pdf,29.0,3.0
japan_moe__japan_moe_901-44-0_algae_72_96h_ec50_p23_r21,901-44-0,"2,2-Bis[4-(2- hydroxyethoxy)phenyl]propane",901-44-0,DTXSID6029204,CC(C)(C1=CC=C(OCCO)C=C1)C1=CC=C(OCCO)C=C1,UUAGPGQUHZVJBQ-UHFFFAOYSA-N,algae_72_96h_ec50,EC50,GRO,GGRO,Pseudokirchneriella subcapitata,Green Alga,Chlorophyta,Chlorophyceae,Sphaeropleales,Selenastraceae,Pseudokirchneriella,Algae;Standard Test Species,72.0,FW,,,,2004.0,japan_moe_official_summary,dsstox_casrn,unclassified,17.0,mg/L,5.37299658340629e-05,-4.269783435591416,316.39700000000005,,True,False,1,1,,,,0.0,,,,official_summary_table,not specified in summary,test material,growth rate,True,True,,,,,,,,,,,,,,,,,,,,,,,,,,,,,,,,,,,,,japan_moe_901-44-0_algae_72_96h_ec50_p23_r21,Japan_MOE_official_summary,official_summary_source,MOE:23:21:algae_72_96h_ec50,17.0,False,,,official_summary_source,official_summary_not_individual_report_reviewed,https://www.env.go.jp/content/000316616.pdf,23.0,21.0
japan_moe__japan_moe_901-44-0_fish_96h_lc50_p23_r21,901-44-0,"2,2-Bis[4-(2- hydroxyethoxy)phenyl]propane",901-44-0,DTXSID6029204,CC(C)(C1=CC=C(OCCO)C=C1)C1=CC=C(OCCO)C=C1,UUAGPGQUHZVJBQ-UHFFFAOYSA-N,fish_96h_lc50,LC50,MOR,MORT,Oryzias latipes,Japanese Medaka,Chordata,Actinopterygii,Beloniformes,Adrianichthyidae,Oryzias,Fish;Standard Test Species,96.0,FW,,,,2004.0,japan_moe_official_summary,dsstox_casrn,unclassified,21.0,mg/L,6.637231073619534e-05,-4.17801306223577,316.39700000000005,,True,False,1,1,,,,0.0,,,,official_summary_table,not specified in summary,test material,mortality,True,True,,,,,,,,,,,,,,,,,,,,,,,,,,,,,,,,,,,,,japan_moe_901-44-0_fish_96h_lc50_p23_r21,Japan_MOE_official_summary,official_summary_source,MOE:23:21:fish_96h_lc50,21.0,False,,,official_summary_source,official_summary_not_individual_report_reviewed,https://www.env.go.jp/content/000316616.pdf,23.0,21.0
japan_moe__japan_moe_91-15-6_algae_72_96h_ec50_p6_r11,91-15-6,Phthalonitrile,91-15-6,DTXSID8029604,N#CC1=CC=CC=C1C#N,XQZYPMVTSDWCCE-UHFFFAOYSA-N,algae_72_96h_ec50,EC50,GRO,GGRO,Pseudokirchneriella subcapitata,Green Alga,Chlorophyta,Chlorophyceae,Sphaeropleales,Selenastraceae,Pseudokirchneriella,Algae;Standard Test Species,72.0,FW,,,,1999.0,japan_moe_official_summary,dsstox_casrn,unclassified,140.0,mg/L,0.0010926061779075,-2.961536348189409,128.13399999999996,,True,False,1,1,,,,0.0,,,,official_summary_table,not specified in summary,test material,growth rate,True,True,,,,,,,,,,,,,,,,,,,,,,,,,,,,,,,,,,,,,japan_moe_91-15-6_algae_72_96h_ec50_p6_r11,Japan_MOE_official_summary,official_summary_source,MOE:6:11:algae_72_96h_ec50,140.0,False,,,official_summary_source,official_summary_not_individual_report_reviewed,https://www.env.go.jp/content/000316616.pdf,6.0,11.0
japan_moe__japan_moe_91-15-6_daphnia_48h_ec50_p6_r11,91-15-6,Phthalonitrile,91-15-6,DTXSID8029604,N#CC1=CC=CC=C1C#N,XQZYPMVTSDWCCE-UHFFFAOYSA-N,daphnia_48h_ec50,EC50,ITX,IMBL,Daphnia magna,Water Flea,Arthropoda,Branchiopoda,Diplostraca,Daphniidae,Daphnia,Crustaceans;Standard Test Species,48.0,FW,,,,1999.0,japan_moe_official_summary,dsstox_casrn,unclassified,210.0,mg/L,0.0016389092668612,-2.785445089133728,128.13399999999996,,True,False,1,1,,,,0.0,,,,official_summary_table,not specified in summary,test material,immobilisation (Japanese table header: acute swimming inhibition),True,True,,,,,,,,,,,,,,,,,,,,,,,,,,,,,,,,,,,,,japan_moe_91-15-6_daphnia_48h_ec50_p6_r11,Japan_MOE_official_summary,official_summary_source,MOE:6:11:daphnia_48h_ec50,210.0,False,,,official_summary_source,official_summary_not_individual_report_reviewed,https://www.env.go.jp/content/000316616.pdf,6.0,11.0
japan_moe__japan_moe_91-15-6_fish_96h_lc50_p6_r11,91-15-6,Phthalonitrile,91-15-6,DTXSID8029604,N#CC1=CC=CC=C1C#N,XQZYPMVTSDWCCE-UHFFFAOYSA-N,fish_96h_lc50,LC50,MOR,MORT,Oryzias latipes,Japanese Medaka,Chordata,Actinopterygii,Beloniformes,Adrianichthyidae,Oryzias,Fish;Standard Test Species,96.0,FW,,,,1999.0,japan_moe_official_summary,dsstox_casrn,unclassified,23.0,mg/L,0.0001794995863705,-3.745936547850054,128.13399999999996,,True,False,1,1,,,,0.0,,,,official_summary_table,not specified in summary,test material,mortality,True,True,,,,,,,,,,,,,,,,,,,,,,,,,,,,,,,,,,,,,japan_moe_91-15-6_fish_96h_lc50_p6_r11,Japan_MOE_official_summary,official_summary_source,MOE:6:11:fish_96h_lc50,23.0,False,,,official_summary_source,official_summary_not_individual_report_reviewed,https://www.env.go.jp/content/000316616.pdf,6.0,11.0
japan_moe__japan_moe_91-17-8_daphnia_48h_ec50_p6_r12,91-17-8,Bicyclo[4.4.0]decane,91-17-8,DTXSID1024912,C1CCC2CCCCC2C1,NNBZCPXTIHJBJL-UHFFFAOYSA-N,daphnia_48h_ec50,EC50,ITX,IMBL,Daphnia magna,Water Flea,Arthropoda,Branchiopoda,Diplostraca,Daphniidae,Daphnia,Crustaceans;Standard Test Species,48.0,FW,,,,2005.0,japan_moe_official_summary,dsstox_casrn,unclassified,0.23,mg/L,1.6636046696659773e-06,-5.778949869259665,138.254,,True,False,1,1,,,,0.0,,,,official_summary_table,not specified in summary,test material,immobilisation (Japanese table header: acute swimming inhibition),True,True,,,,,,,,,,,,,,,,,,,,,,,,,,,,,,,,,,,,,japan_moe_91-17-8_daphnia_48h_ec50_p6_r12,Japan_MOE_official_summary,official_summary_source,MOE:6:12:daphnia_48h_ec50,0.23,False,,,official_summary_source,official_summary_not_individual_report_reviewed,https://www.env.go.jp/content/000316616.pdf,6.0,12.0
japan_moe__japan_moe_91-17-8_fish_96h_lc50_p6_r12,91-17-8,Bicyclo[4.4.0]decane,91-17-8,DTXSID1024912,C1CCC2CCCCC2C1,NNBZCPXTIHJBJL-UHFFFAOYSA-N,fish_96h_lc50,LC50,MOR,MORT,Oryzias latipes,Japanese Medaka,Chordata,Actinopterygii,Beloniformes,Adrianichthyidae,Oryzias,Fish;Standard Test Species,96.0,FW,,,,2005.0,japan_moe_official_summary,dsstox_casrn,unclassified,0.37,mg/L,2.676233599027876e-06,-5.572475981210262,138.254,,True,False,1,1,,,,0.0,,,,official_summary_table,not specified in summary,test material,mortality,True,True,,,,,,,,,,,,,,,,,,,,,,,,,,,,,,,,,,,,,japan_moe_91-17-8_fish_96h_lc50_p6_r12,Japan_MOE_official_summary,official_summary_source,MOE:6:12:fish_96h_lc50,0.37,False,,,official_summary_source,official_summary_not_individual_report_reviewed,https://www.env.go.jp/content/000316616.pdf,6.0,12.0
japan_moe__japan_moe_91-22-5_algae_72_96h_ec50_p6_r13,91-22-5,Quinoline,91-22-5,DTXSID1021798,C1=CC2=C(C=C1)N=CC=C2,SMWDFEZZVXVKRB-UHFFFAOYSA-N,algae_72_96h_ec50,EC50,GRO,GGRO,Pseudokirchneriella subcapitata,Green Alga,Chlorophyta,Chlorophyceae,Sphaeropleales,Selenastraceae,Pseudokirchneriella,Algae;Standard Test Species,72.0,FW,,,,1995.0,japan_moe_official_summary,dsstox_casrn,unclassified,66.0,mg/L,0.0005109862033725,-3.291590825658001,129.16199999999998,,True,False,1,1,,,,0.0,,,,official_summary_table,not specified in summary,test material,growth rate,True,True,,,,,,,,,,,,,,,,,,,,,,,,,,,,,,,,,,,,,japan_moe_91-22-5_algae_72_96h_ec50_p6_r13,Japan_MOE_official_summary,official_summary_source,MOE:6:13:algae_72_96h_ec50,66.0,False,,,official_summary_source,official_summary_not_individual_report_reviewed,https://www.env.go.jp/content/000316616.pdf,6.0,13.0
japan_moe__japan_moe_91-22-5_daphnia_48h_ec50_p6_r13,91-22-5,Quinoline,91-22-5,DTXSID1021798,C1=CC2=C(C=C1)N=CC=C2,SMWDFEZZVXVKRB-UHFFFAOYSA-N,daphnia_48h_ec50,EC50,ITX,IMBL,Daphnia magna,Water Flea,Arthropoda,Branchiopoda,Diplostraca,Daphniidae,Daphnia,Crustaceans;Standard Test Species,48.0,FW,,,,1995.0,japan_moe_official_summary,dsstox_casrn,unclassified,25.0,mg/L,0.0001935553800653,-3.713194752527832,129.16199999999998,,True,False,1,1,,,,0.0,,,,official_summary_table,not specified in summary,test material,immobilisation (Japanese table header: acute swimming inhibition),True,True,,,,,,,,,,,,,,,,,,,,,,,,,,,,,,,,,,,,,japan_moe_91-22-5_daphnia_48h_ec50_p6_r13,Japan_MOE_official_summary,official_summary_source,MOE:6:13:daphnia_48h_ec50,25.0,False,,,official_summary_source,official_summary_not_individual_report_reviewed,https://www.env.go.jp/content/000316616.pdf,6.0,13.0
japan_moe__japan_moe_91-22-5_fish_96h_lc50_p6_r13,91-22-5,Quinoline,91-22-5,DTXSID1021798,C1=CC2=C(C=C1)N=CC=C2,SMWDFEZZVXVKRB-UHFFFAOYSA-N,fish_96h_lc50,LC50,MOR,MORT,Oryzias latipes,Japanese Medaka,Chordata,Actinopterygii,Beloniformes,Adrianichthyidae,Oryzias,Fish;Standard Test Species,96.0,FW,,,,1995.0,japan_moe_official_summary,dsstox_casrn,unclassified,67.0,mg/L,0.0005187284185751,-3.285059958499043,129.16199999999998,,True,False,1,1,,,,0.0,,,,official_summary_table,not specified in summary,test material,mortality,True,True,,,,,,,,,,,,,,,,,,,,,,,,,,,,,,,,,,,,,japan_moe_91-22-5_fish_96h_lc50_p6_r13,Japan_MOE_official_summary,official_summary_source,MOE:6:13:fish_96h_lc50,67.0,False,,,official_summary_source,official_summary_not_individual_report_reviewed,https://www.env.go.jp/content/000316616.pdf,6.0,13.0
japan_moe__japan_moe_91-23-6_algae_72_96h_ec50_p6_r14,91-23-6,o-Nitroanisole,91-23-6,DTXSID3020962,COC1=C(C=CC=C1)[N+]([O-])=O,CFBYEGUGFPZCNF-UHFFFAOYSA-N,algae_72_96h_ec50,EC50,GRO,GGRO,Pseudokirchneriella subcapitata,Green Alga,Chlorophyta,Chlorophyceae,Sphaeropleales,Selenastraceae,Pseudokirchneriella,Algae;Standard Test Species,72.0,FW,,,,2008.0,japan_moe_official_summary,dsstox_casrn,unclassified,57.0,mg/L,0.0003722157284,-3.429205279208926,153.13699999999997,,True,False,1,1,,,,0.0,,,,official_summary_table,not specified in summary,test material,growth rate,True,True,,,,,,,,,,,,,,,,,,,,,,,,,,,,,,,,,,,,,japan_moe_91-23-6_algae_72_96h_ec50_p6_r14,Japan_MOE_official_summary,official_summary_source,MOE:6:14:algae_72_96h_ec50,57.0,False,,,official_summary_source,official_summary_not_individual_report_reviewed,https://www.env.go.jp/content/000316616.pdf,6.0,14.0
japan_moe__japan_moe_91-23-6_daphnia_48h_ec50_p6_r14,91-23-6,o-Nitroanisole,91-23-6,DTXSID3020962,COC1=C(C=CC=C1)[N+]([O-])=O,CFBYEGUGFPZCNF-UHFFFAOYSA-N,daphnia_48h_ec50,EC50,ITX,IMBL,Daphnia magna,Water Flea,Arthropoda,Branchiopoda,Diplostraca,Daphniidae,Daphnia,Crustaceans;Standard Test Species,48.0,FW,,,,2008.0,japan_moe_official_summary,dsstox_casrn,unclassified,46.0,mg/L,0.0003003846229193,-3.522322303199843,153.13699999999997,,True,False,1,1,,,,0.0,,,,official_summary_table,not specified in summary,test material,immobilisation (Japanese table header: acute swimming inhibition),True,True,,,,,,,,,,,,,,,,,,,,,,,,,,,,,,,,,,,,,japan_moe_91-23-6_daphnia_48h_ec50_p6_r14,Japan_MOE_official_summary,official_summary_source,MOE:6:14:daphnia_48h_ec50,46.0,False,,,official_summary_source,official_summary_not_individual_report_reviewed,https://www.env.go.jp/content/000316616.pdf,6.0,14.0
japan_moe__japan_moe_91-23-6_fish_96h_lc50_p6_r14,91-23-6,o-Nitroanisole,91-23-6,DTXSID3020962,COC1=C(C=CC=C1)[N+]([O-])=O,CFBYEGUGFPZCNF-UHFFFAOYSA-N,fish_96h_lc50,LC50,MOR,MORT,Oryzias latipes,Japanese Medaka,Chordata,Actinopterygii,Beloniformes,Adrianichthyidae,Oryzias,Fish;Standard Test Species,96.0,FW,,,,2008.0,japan_moe_official_summary,dsstox_casrn,unclassified,47.0,mg/L,0.0003069147234175,-3.5129822769457,153.13699999999997,,True,False,1,1,,,,0.0,,,,official_summary_table,not specified in summary,test material,mortality,True,True,,,,,,,,,,,,,,,,,,,,,,,,,,,,,,,,,,,,,japan_moe_91-23-6_fish_96h_lc50_p6_r14,Japan_MOE_official_summary,official_summary_source,MOE:6:14:fish_96h_lc50,47.0,False,,,official_summary_source,official_summary_not_individual_report_reviewed,https://www.env.go.jp/content/000316616.pdf,6.0,14.0
japan_moe__japan_moe_91-53-2_algae_72_96h_ec50_p6_r15,91-53-2,"6-Ethoxy-1,2-dihydro-2,2,4- trimethylquinoline",91-53-2,DTXSID9020582,CCOC1=CC2=C(NC(C)(C)C=C2C)C=C1,DECIPOUIJURFOJ-UHFFFAOYSA-N,algae_72_96h_ec50,EC50,GRO,GGRO,Pseudokirchneriella subcapitata,Green Alga,Chlorophyta,Chlorophyceae,Sphaeropleales,Selenastraceae,Pseudokirchneriella,Algae;Standard Test Species,72.0,FW,,,,1998.0,japan_moe_official_summary,dsstox_casrn,unclassified,0.7,mg/L,3.221175084670888e-06,-5.4919856687723945,217.312,,True,False,1,1,,,,0.0,,,,official_summary_table,not specified in summary,test material,growth rate,True,True,,,,,,,,,,,,,,,,,,,,,,,,,,,,,,,,,,,,,japan_moe_91-53-2_algae_72_96h_ec50_p6_r15,Japan_MOE_official_summary,official_summary_source,MOE:6:15:algae_72_96h_ec50,0.7,False,,,official_summary_source,official_summary_not_individual_report_reviewed,https://www.env.go.jp/content/000316616.pdf,6.0,15.0
japan_moe__japan_moe_91-53-2_daphnia_48h_ec50_p6_r15,91-53-2,"6-Ethoxy-1,2-dihydro-2,2,4- trimethylquinoline",91-53-2,DTXSID9020582,CCOC1=CC2=C(NC(C)(C)C=C2C)C=C1,DECIPOUIJURFOJ-UHFFFAOYSA-N,daphnia_48h_ec50,EC50,ITX,IMBL,Daphnia magna,Water Flea,Arthropoda,Branchiopoda,Diplostraca,Daphniidae,Daphnia,Crustaceans;Standard Test Species,48.0,FW,,,,1998.0,japan_moe_official_summary,dsstox_casrn,unclassified,0.76,mg/L,3.4972758062141067e-06,-5.45627011650586,217.312,,True,False,1,1,,,,0.0,,,,official_summary_table,not specified in summary,test material,immobilisation (Japanese table header: acute swimming inhibition),True,True,,,,,,,,,,,,,,,,,,,,,,,,,,,,,,,,,,,,,japan_moe_91-53-2_daphnia_48h_ec50_p6_r15,Japan_MOE_official_summary,official_summary_source,MOE:6:15:daphnia_48h_ec50,0.76,False,,,official_summary_source,official_summary_not_individual_report_reviewed,https://www.env.go.jp/content/000316616.pdf,6.0,15.0
japan_moe__japan_moe_91-53-2_fish_96h_lc50_p6_r15,91-53-2,"6-Ethoxy-1,2-dihydro-2,2,4- trimethylquinoline",91-53-2,DTXSID9020582,CCOC1=CC2=C(NC(C)(C)C=C2C)C=C1,DECIPOUIJURFOJ-UHFFFAOYSA-N,fish_96h_lc50,LC50,MOR,MORT,Oryzias latipes,Japanese Medaka,Chordata,Actinopterygii,Beloniformes,Adrianichthyidae,Oryzias,Fish;Standard Test Species,96.0,FW,,,,1998.0,japan_moe_official_summary,dsstox_casrn,unclassified,6.7,mg/L,3.0831247238992785e-05,-4.511008906085825,217.312,,True,False,1,1,,,,0.0,,,,official_summary_table,not specified in summary,test material,mortality,True,True,,,,,,,,,,,,,,,,,,,,,,,,,,,,,,,,,,,,,japan_moe_91-53-2_fish_96h_lc50_p6_r15,Japan_MOE_official_summary,official_summary_source,MOE:6:15:fish_96h_lc50,6.7,False,,,official_summary_source,official_summary_not_individual_report_reviewed,https://www.env.go.jp/content/000316616.pdf,6.0,15.0
japan_moe__japan_moe_91-57-6_algae_72_96h_ec50_p6_r16,91-57-6,2-Methylnaphthalene,91-57-6,DTXSID4020878,CC1=CC2=CC=CC=C2C=C1,QIMMUPPBPVKWKM-UHFFFAOYSA-N,algae_72_96h_ec50,EC50,GRO,GGRO,Pseudokirchneriella subcapitata,Green Alga,Chlorophyta,Chlorophyceae,Sphaeropleales,Selenastraceae,Pseudokirchneriella,Algae;Standard Test Species,72.0,FW,,,,2000.0,japan_moe_official_summary,dsstox_casrn,unclassified,1.9,mg/L,1.3361368766745664e-05,-4.874149049540461,142.201,,True,False,1,1,,,,0.0,,,,official_summary_table,not specified in summary,test material,growth rate,True,True,,,,,,,,,,,,,,,,,,,,,,,,,,,,,,,,,,,,,japan_moe_91-57-6_algae_72_96h_ec50_p6_r16,Japan_MOE_official_summary,official_summary_source,MOE:6:16:algae_72_96h_ec50,1.9,False,,,official_summary_source,official_summary_not_individual_report_reviewed,https://www.env.go.jp/content/000316616.pdf,6.0,16.0
japan_moe__japan_moe_91-57-6_daphnia_48h_ec50_p6_r16,91-57-6,2-Methylnaphthalene,91-57-6,DTXSID4020878,CC1=CC2=CC=CC=C2C=C1,QIMMUPPBPVKWKM-UHFFFAOYSA-N,daphnia_48h_ec50,EC50,ITX,IMBL,Daphnia magna,Water Flea,Arthropoda,Branchiopoda,Diplostraca,Daphniidae,Daphnia,Crustaceans;Standard Test Species,48.0,FW,,,,2000.0,japan_moe_official_summary,dsstox_casrn,unclassified,1.4,mg/L,9.845219091286278e-06,-5.006774614815051,142.201,,True,False,1,1,,,,0.0,,,,official_summary_table,not specified in summary,test material,immobilisation (Japanese table header: acute swimming inhibition),True,True,,,,,,,,,,,,,,,,,,,,,,,,,,,,,,,,,,,,,japan_moe_91-57-6_daphnia_48h_ec50_p6_r16,Japan_MOE_official_summary,official_summary_source,MOE:6:16:daphnia_48h_ec50,1.4,False,,,official_summary_source,official_summary_not_individual_report_reviewed,https://www.env.go.jp/content/000316616.pdf,6.0,16.0
japan_moe__japan_moe_91-57-6_fish_96h_lc50_p6_r16,91-57-6,2-Methylnaphthalene,91-57-6,DTXSID4020878,CC1=CC2=CC=CC=C2C=C1,QIMMUPPBPVKWKM-UHFFFAOYSA-N,fish_96h_lc50,LC50,MOR,MORT,Oryzias latipes,Japanese Medaka,Chordata,Actinopterygii,Beloniformes,Adrianichthyidae,Oryzias,Fish;Standard Test Species,96.0,FW,,,,2000.0,japan_moe_official_summary,dsstox_casrn,unclassified,1.9,mg/L,1.3361368766745664e-05,-4.874149049540461,142.201,,True,False,1,1,,,,0.0,,,,official_summary_table,not specified in summary,test material,mortality,True,True,,,,,,,,,,,,,,,,,,,,,,,,,,,,,,,,,,,,,japan_moe_91-57-6_fish_96h_lc50_p6_r16,Japan_MOE_official_summary,official_summary_source,MOE:6:16:fish_96h_lc50,1.9,False,,,official_summary_source,official_summary_not_individual_report_reviewed,https://www.env.go.jp/content/000316616.pdf,6.0,16.0
japan_moe__japan_moe_91-59-8_algae_72_96h_ec50_p6_r17,91-59-8,β-Naphthylamine,91-59-8,DTXSID2020921,NC1=CC2=C(C=CC=C2)C=C1,JBIJLHTVPXGSAM-UHFFFAOYSA-N,algae_72_96h_ec50,EC50,GRO,GGRO,Pseudokirchneriella subcapitata,Green Alga,Chlorophyta,Chlorophyceae,Sphaeropleales,Selenastraceae,Pseudokirchneriella,Algae;Standard Test Species,72.0,FW,,,,2002.0,japan_moe_official_summary,dsstox_casrn,unclassified,0.5,mg/L,3.4918883433783325e-06,-5.456939651744801,143.189,,True,False,1,1,,,,0.0,,,,official_summary_table,not specified in summary,test material,growth rate,True,True,,,,,,,,,,,,,,,,,,,,,,,,,,,,,,,,,,,,,japan_moe_91-59-8_algae_72_96h_ec50_p6_r17,Japan_MOE_official_summary,official_summary_source,MOE:6:17:algae_72_96h_ec50,0.5,False,,,official_summary_source,official_summary_not_individual_report_reviewed,https://www.env.go.jp/content/000316616.pdf,6.0,17.0
japan_moe__japan_moe_91-59-8_daphnia_48h_ec50_p6_r17,91-59-8,β-Naphthylamine,91-59-8,DTXSID2020921,NC1=CC2=C(C=CC=C2)C=C1,JBIJLHTVPXGSAM-UHFFFAOYSA-N,daphnia_48h_ec50,EC50,ITX,IMBL,Daphnia magna,Water Flea,Arthropoda,Branchiopoda,Diplostraca,Daphniidae,Daphnia,Crustaceans;Standard Test Species,48.0,FW,,,,2002.0,japan_moe_official_summary,dsstox_casrn,unclassified,0.84,mg/L,5.866372416875598e-06,-5.231630370018938,143.189,,True,False,1,1,,,,0.0,,,,official_summary_table,not specified in summary,test material,immobilisation (Japanese table header: acute swimming inhibition),True,True,,,,,,,,,,,,,,,,,,,,,,,,,,,,,,,,,,,,,japan_moe_91-59-8_daphnia_48h_ec50_p6_r17,Japan_MOE_official_summary,official_summary_source,MOE:6:17:daphnia_48h_ec50,0.84,False,,,official_summary_source,official_summary_not_individual_report_reviewed,https://www.env.go.jp/content/000316616.pdf,6.0,17.0
japan_moe__japan_moe_91-59-8_fish_96h_lc50_p6_r17,91-59-8,β-Naphthylamine,91-59-8,DTXSID2020921,NC1=CC2=C(C=CC=C2)C=C1,JBIJLHTVPXGSAM-UHFFFAOYSA-N,fish_96h_lc50,LC50,MOR,MORT,Oryzias latipes,Japanese Medaka,Chordata,Actinopterygii,Beloniformes,Adrianichthyidae,Oryzias,Fish;Standard Test Species,96.0,FW,,,,2002.0,japan_moe_official_summary,dsstox_casrn,unclassified,3.9,mg/L,2.723672907835099e-05,-4.56484504905432,143.189,,True,False,1,1,,,,0.0,,,,official_summary_table,not specified in summary,test material,mortality,True,True,,,,,,,,,,,,,,,,,,,,,,,,,,,,,,,,,,,,,japan_moe_91-59-8_fish_96h_lc50_p6_r17,Japan_MOE_official_summary,official_summary_source,MOE:6:17:fish_96h_lc50,3.9,False,,,official_summary_source,official_summary_not_individual_report_reviewed,https://www.env.go.jp/content/000316616.pdf,6.0,17.0
japan_moe__japan_moe_91-66-7_algae_72_96h_ec50_p6_r18,91-66-7,"N,N-Diethylaniline",91-66-7,DTXSID8021800,CCN(CC)C1=CC=CC=C1,GGSUCNLOZRCGPQ-UHFFFAOYSA-N,algae_72_96h_ec50,EC50,GRO,GGRO,Pseudokirchneriella subcapitata,Green Alga,Chlorophyta,Chlorophyceae,Sphaeropleales,Selenastraceae,Pseudokirchneriella,Algae;Standard Test Species,72.0,FW,,,,2008.0,japan_moe_official_summary,dsstox_casrn,unclassified,2.8,mg/L,1.8762103231772283e-05,-4.726718478816568,149.237,,True,False,1,1,,,,0.0,,,,official_summary_table,not specified in summary,test material,growth rate,True,True,,,,,,,,,,,,,,,,,,,,,,,,,,,,,,,,,,,,,japan_moe_91-66-7_algae_72_96h_ec50_p6_r18,Japan_MOE_official_summary,official_summary_source,MOE:6:18:algae_72_96h_ec50,2.8,False,,,official_summary_source,official_summary_not_individual_report_reviewed,https://www.env.go.jp/content/000316616.pdf,6.0,18.0
japan_moe__japan_moe_91-66-7_daphnia_48h_ec50_p6_r18,91-66-7,"N,N-Diethylaniline",91-66-7,DTXSID8021800,CCN(CC)C1=CC=CC=C1,GGSUCNLOZRCGPQ-UHFFFAOYSA-N,daphnia_48h_ec50,EC50,ITX,IMBL,Daphnia magna,Water Flea,Arthropoda,Branchiopoda,Diplostraca,Daphniidae,Daphnia,Crustaceans;Standard Test Species,48.0,FW,,,,2008.0,japan_moe_official_summary,dsstox_casrn,unclassified,11.0,mg/L,7.370826269624825e-05,-4.132483825000562,149.237,,True,False,1,1,,,,0.0,,,,official_summary_table,not specified in summary,test material,immobilisation (Japanese table header: acute swimming inhibition),True,True,,,,,,,,,,,,,,,,,,,,,,,,,,,,,,,,,,,,,japan_moe_91-66-7_daphnia_48h_ec50_p6_r18,Japan_MOE_official_summary,official_summary_source,MOE:6:18:daphnia_48h_ec50,11.0,False,,,official_summary_source,official_summary_not_individual_report_reviewed,https://www.env.go.jp/content/000316616.pdf,6.0,18.0
japan_moe__japan_moe_91-66-7_fish_96h_lc50_p6_r18,91-66-7,"N,N-Diethylaniline",91-66-7,DTXSID8021800,CCN(CC)C1=CC=CC=C1,GGSUCNLOZRCGPQ-UHFFFAOYSA-N,fish_96h_lc50,LC50,MOR,MORT,Oryzias latipes,Japanese Medaka,Chordata,Actinopterygii,Beloniformes,Adrianichthyidae,Oryzias,Fish;Standard Test Species,96.0,FW,,,,2008.0,japan_moe_official_summary,dsstox_casrn,unclassified,26.0,mg/L,0.0001742195300093,-3.758903162187969,149.237,,True,False,1,1,,,,0.0,,,,official_summary_table,not specified in summary,test material,mortality,True,True,,,,,,,,,,,,,,,,,,,,,,,,,,,,,,,,,,,,,japan_moe_91-66-7_fish_96h_lc50_p6_r18,Japan_MOE_official_summary,official_summary_source,MOE:6:18:fish_96h_lc50,26.0,False,,,official_summary_source,official_summary_not_individual_report_reviewed,https://www.env.go.jp/content/000316616.pdf,6.0,18.0
japan_moe__japan_moe_91-76-9_algae_72_96h_ec50_p6_r19,91-76-9,"2,4-Diamino-6-phenyl-s-triazine",91-76-9,DTXSID1020142,NC1=NC(=NC(N)=N1)C1=CC=CC=C1,GZVHEAJQGPRDLQ-UHFFFAOYSA-N,algae_72_96h_ec50,EC50,GRO,GGRO,Pseudokirchneriella subcapitata,Green Alga,Chlorophyta,Chlorophyceae,Sphaeropleales,Selenastraceae,Pseudokirchneriella,Algae;Standard Test Species,72.0,FW,,,,1998.0,japan_moe_official_summary,dsstox_casrn,unclassified,71.0,mg/L,0.000379261348461,-3.421061415154877,187.20600000000005,,True,False,1,1,,,,0.0,,,,official_summary_table,not specified in summary,test material,growth rate,True,True,,,,,,,,,,,,,,,,,,,,,,,,,,,,,,,,,,,,,japan_moe_91-76-9_algae_72_96h_ec50_p6_r19,Japan_MOE_official_summary,official_summary_source,MOE:6:19:algae_72_96h_ec50,71.0,False,,,official_summary_source,official_summary_not_individual_report_reviewed,https://www.env.go.jp/content/000316616.pdf,6.0,19.0
japan_moe__japan_moe_91-76-9_daphnia_48h_ec50_p6_r19,91-76-9,"2,4-Diamino-6-phenyl-s-triazine",91-76-9,DTXSID1020142,NC1=NC(=NC(N)=N1)C1=CC=CC=C1,GZVHEAJQGPRDLQ-UHFFFAOYSA-N,daphnia_48h_ec50,EC50,ITX,IMBL,Daphnia magna,Water Flea,Arthropoda,Branchiopoda,Diplostraca,Daphniidae,Daphnia,Crustaceans;Standard Test Species,48.0,FW,,,,1998.0,japan_moe_official_summary,dsstox_casrn,unclassified,52.0,mg/L,0.0002777688749292,-3.556316420239153,187.20600000000005,,True,False,1,1,,,,0.0,,,,official_summary_table,not specified in summary,test material,immobilisation (Japanese table header: acute swimming inhibition),True,True,,,,,,,,,,,,,,,,,,,,,,,,,,,,,,,,,,,,,japan_moe_91-76-9_daphnia_48h_ec50_p6_r19,Japan_MOE_official_summary,official_summary_source,MOE:6:19:daphnia_48h_ec50,52.0,False,,,official_summary_source,official_summary_not_individual_report_reviewed,https://www.env.go.jp/content/000316616.pdf,6.0,19.0
japan_moe__japan_moe_91-94-1_algae_72_96h_ec50_p6_r20,91-94-1,"3,3'-Dichlorobenzidine",91-94-1,DTXSID6020432,NC1=C(Cl)C=C(C=C1)C1=CC(Cl)=C(N)C=C1,HUWXDEQWWKGHRV-UHFFFAOYSA-N,algae_72_96h_ec50,EC50,GRO,GGRO,Pseudokirchneriella subcapitata,Green Alga,Chlorophyta,Chlorophyceae,Sphaeropleales,Selenastraceae,Pseudokirchneriella,Algae;Standard Test Species,72.0,FW,,,,2002.0,japan_moe_official_summary,dsstox_casrn,unclassified,1.4,mg/L,5.530711249466681e-06,-5.257219014833448,253.132,,True,False,1,1,,,,0.0,,,,official_summary_table,not specified in summary,test material,growth rate,True,True,,,,,,,,,,,,,,,,,,,,,,,,,,,,,,,,,,,,,japan_moe_91-94-1_algae_72_96h_ec50_p6_r20,Japan_MOE_official_summary,official_summary_source,MOE:6:20:algae_72_96h_ec50,1.4,False,,,official_summary_source,official_summary_not_individual_report_reviewed,https://www.env.go.jp/content/000316616.pdf,6.0,20.0
japan_moe__japan_moe_91-94-1_daphnia_48h_ec50_p6_r20,91-94-1,"3,3'-Dichlorobenzidine",91-94-1,DTXSID6020432,NC1=C(Cl)C=C(C=C1)C1=CC(Cl)=C(N)C=C1,HUWXDEQWWKGHRV-UHFFFAOYSA-N,daphnia_48h_ec50,EC50,ITX,IMBL,Daphnia magna,Water Flea,Arthropoda,Branchiopoda,Diplostraca,Daphniidae,Daphnia,Crustaceans;Standard Test Species,48.0,FW,,,,2002.0,japan_moe_official_summary,dsstox_casrn,unclassified,1.9,mg/L,7.505965267133354e-06,-5.124593449558858,253.132,,True,False,1,1,,,,0.0,,,,official_summary_table,not specified in summary,test material,immobilisation (Japanese table header: acute swimming inhibition),True,True,,,,,,,,,,,,,,,,,,,,,,,,,,,,,,,,,,,,,japan_moe_91-94-1_daphnia_48h_ec50_p6_r20,Japan_MOE_official_summary,official_summary_source,MOE:6:20:daphnia_48h_ec50,1.9,False,,,official_summary_source,official_summary_not_individual_report_reviewed,https://www.env.go.jp/content/000316616.pdf,6.0,20.0
japan_moe__japan_moe_91-94-1_fish_96h_lc50_p6_r20,91-94-1,"3,3'-Dichlorobenzidine",91-94-1,DTXSID6020432,NC1=C(Cl)C=C(C=C1)C1=CC(Cl)=C(N)C=C1,HUWXDEQWWKGHRV-UHFFFAOYSA-N,fish_96h_lc50,LC50,MOR,MORT,Oryzias latipes,Japanese Medaka,Chordata,Actinopterygii,Beloniformes,Adrianichthyidae,Oryzias,Fish;Standard Test Species,96.0,FW,,,,2002.0,japan_moe_official_summary,dsstox_casrn,unclassified,0.51,mg/L,2.014759098020005e-06,-5.695776874413751,253.132,,True,False,1,1,,,,0.0,,,,official_summary_table,not specified in summary,test material,mortality,True,True,,,,,,,,,,,,,,,,,,,,,,,,,,,,,,,,,,,,,japan_moe_91-94-1_fish_96h_lc50_p6_r20,Japan_MOE_official_summary,official_summary_source,MOE:6:20:fish_96h_lc50,0.51,False,,,official_summary_source,official_summary_not_individual_report_reviewed,https://www.env.go.jp/content/000316616.pdf,6.0,20.0
japan_moe__japan_moe_92-06-8_daphnia_48h_ec50_p6_r21,92-06-8,m-Terphenyl,92-06-8,DTXSID2029117,C1=CC=C(C=C1)C1=CC(=CC=C1)C1=CC=CC=C1,YJTKZCDBKVTVBY-UHFFFAOYSA-N,daphnia_48h_ec50,EC50,ITX,IMBL,Daphnia magna,Water Flea,Arthropoda,Branchiopoda,Diplostraca,Daphniidae,Daphnia,Crustaceans;Standard Test Species,48.0,FW,,,,1995.0,japan_moe_official_summary,dsstox_casrn,unclassified,0.65,mg/L,2.8222830098562806e-06,-5.549399438683655,230.31,,True,False,1,1,,,,0.0,,,,official_summary_table,not specified in summary,test material,immobilisation (Japanese table header: acute swimming inhibition),True,True,,,,,,,,,,,,,,,,,,,,,,,,,,,,,,,,,,,,,japan_moe_92-06-8_daphnia_48h_ec50_p6_r21,Japan_MOE_official_summary,official_summary_source,MOE:6:21:daphnia_48h_ec50,0.65,False,,,official_summary_source,official_summary_not_individual_report_reviewed,https://www.env.go.jp/content/000316616.pdf,6.0,21.0
japan_moe__japan_moe_92-06-8_fish_96h_lc50_p6_r21,92-06-8,m-Terphenyl,92-06-8,DTXSID2029117,C1=CC=C(C=C1)C1=CC(=CC=C1)C1=CC=CC=C1,YJTKZCDBKVTVBY-UHFFFAOYSA-N,fish_96h_lc50,LC50,MOR,MORT,Oryzias latipes,Japanese Medaka,Chordata,Actinopterygii,Beloniformes,Adrianichthyidae,Oryzias,Fish;Standard Test Species,96.0,FW,,,,1995.0,japan_moe_official_summary,dsstox_casrn,unclassified,3.1,mg/L,1.34601189700838e-05,-4.8709511014922375,230.31,,True,False,1,1,,,,0.0,,,,official_summary_table,not specified in summary,test material,mortality,True,True,,,,,,,,,,,,,,,,,,,,,,,,,,,,,,,,,,,,,japan_moe_92-06-8_fish_96h_lc50_p6_r21,Japan_MOE_official_summary,official_summary_source,MOE:6:21:fish_96h_lc50,3.1,False,,,official_summary_source,official_summary_not_individual_report_reviewed,https://www.env.go.jp/content/000316616.pdf,6.0,21.0
japan_moe__japan_moe_92-52-4_algae_72_96h_ec50_p6_r22,92-52-4,Biphenyl,92-52-4,DTXSID4020161,C1=CC=C(C=C1)C1=CC=CC=C1,ZUOUZKKEUPVFJK-UHFFFAOYSA-N,algae_72_96h_ec50,EC50,GRO,GGRO,Pseudokirchneriella subcapitata,Green Alga,Chlorophyta,Chlorophyceae,Sphaeropleales,Selenastraceae,Pseudokirchneriella,Algae;Standard Test Species,72.0,FW,,,,1998.0,japan_moe_official_summary,dsstox_casrn,unclassified,0.78,mg/L,5.057972142245741e-06,-5.296023566945404,154.21199999999996,,True,False,1,1,,,,0.0,,,,official_summary_table,not specified in summary,test material,growth rate,True,True,,,,,,,,,,,,,,,,,,,,,,,,,,,,,,,,,,,,,japan_moe_92-52-4_algae_72_96h_ec50_p6_r22,Japan_MOE_official_summary,official_summary_source,MOE:6:22:algae_72_96h_ec50,0.78,False,,,official_summary_source,official_summary_not_individual_report_reviewed,https://www.env.go.jp/content/000316616.pdf,6.0,22.0
japan_moe__japan_moe_92-52-4_daphnia_48h_ec50_p6_r22,92-52-4,Biphenyl,92-52-4,DTXSID4020161,C1=CC=C(C=C1)C1=CC=CC=C1,ZUOUZKKEUPVFJK-UHFFFAOYSA-N,daphnia_48h_ec50,EC50,ITX,IMBL,Daphnia magna,Water Flea,Arthropoda,Branchiopoda,Diplostraca,Daphniidae,Daphnia,Crustaceans;Standard Test Species,48.0,FW,,,,1998.0,japan_moe_official_summary,dsstox_casrn,unclassified,1.4,mg/L,9.07841153736415e-06,-5.041990133957646,154.21199999999996,,True,False,1,1,,,,0.0,,,,official_summary_table,not specified in summary,test material,immobilisation (Japanese table header: acute swimming inhibition),True,True,,,,,,,,,,,,,,,,,,,,,,,,,,,,,,,,,,,,,japan_moe_92-52-4_daphnia_48h_ec50_p6_r22,Japan_MOE_official_summary,official_summary_source,MOE:6:22:daphnia_48h_ec50,1.4,False,,,official_summary_source,official_summary_not_individual_report_reviewed,https://www.env.go.jp/content/000316616.pdf,6.0,22.0
japan_moe__japan_moe_92-52-4_fish_96h_lc50_p6_r22,92-52-4,Biphenyl,92-52-4,DTXSID4020161,C1=CC=C(C=C1)C1=CC=CC=C1,ZUOUZKKEUPVFJK-UHFFFAOYSA-N,fish_96h_lc50,LC50,MOR,MORT,Oryzias latipes,Japanese Medaka,Chordata,Actinopterygii,Beloniformes,Adrianichthyidae,Oryzias,Fish;Standard Test Species,96.0,FW,,,,1998.0,japan_moe_official_summary,dsstox_casrn,unclassified,3.9,mg/L,2.5289860711228704e-05,-4.597053562609386,154.21199999999996,,True,False,1,1,,,,0.0,,,,official_summary_table,not specified in summary,test material,mortality,True,True,,,,,,,,,,,,,,,,,,,,,,,,,,,,,,,,,,,,,japan_moe_92-52-4_fish_96h_lc50_p6_r22,Japan_MOE_official_summary,official_summary_source,MOE:6:22:fish_96h_lc50,3.9,False,,,official_summary_source,official_summary_not_individual_report_reviewed,https://www.env.go.jp/content/000316616.pdf,6.0,22.0
japan_moe__japan_moe_92-69-3_algae_72_96h_ec50_p7_r1,92-69-3,p-Phenylphenol,92-69-3,DTXSID7021152,OC1=CC=C(C=C1)C1=CC=CC=C1,YXVFYQXJAXKLAK-UHFFFAOYSA-N,algae_72_96h_ec50,EC50,GRO,GGRO,Pseudokirchneriella subcapitata,Green Alga,Chlorophyta,Chlorophyceae,Sphaeropleales,Selenastraceae,Pseudokirchneriella,Algae;Standard Test Species,72.0,FW,,,,2008.0,japan_moe_official_summary,dsstox_casrn,unclassified,2.4,mg/L,1.4100146289017748e-05,-4.850776381515996,170.211,,True,False,1,1,,,,0.0,,,,official_summary_table,not specified in summary,test material,growth rate,True,True,,,,,,,,,,,,,,,,,,,,,,,,,,,,,,,,,,,,,japan_moe_92-69-3_algae_72_96h_ec50_p7_r1,Japan_MOE_official_summary,official_summary_source,MOE:7:1:algae_72_96h_ec50,2.4,False,,,official_summary_source,official_summary_not_individual_report_reviewed,https://www.env.go.jp/content/000316616.pdf,7.0,1.0
japan_moe__japan_moe_92-69-3_daphnia_48h_ec50_p7_r1,92-69-3,p-Phenylphenol,92-69-3,DTXSID7021152,OC1=CC=C(C=C1)C1=CC=CC=C1,YXVFYQXJAXKLAK-UHFFFAOYSA-N,daphnia_48h_ec50,EC50,ITX,IMBL,Daphnia magna,Water Flea,Arthropoda,Branchiopoda,Diplostraca,Daphniidae,Daphnia,Crustaceans;Standard Test Species,48.0,FW,,,,2008.0,japan_moe_official_summary,dsstox_casrn,unclassified,3.9,mg/L,2.291273771965384e-05,-4.639923016201103,170.211,,True,False,1,1,,,,0.0,,,,official_summary_table,not specified in summary,test material,immobilisation (Japanese table header: acute swimming inhibition),True,True,,,,,,,,,,,,,,,,,,,,,,,,,,,,,,,,,,,,,japan_moe_92-69-3_daphnia_48h_ec50_p7_r1,Japan_MOE_official_summary,official_summary_source,MOE:7:1:daphnia_48h_ec50,3.9,False,,,official_summary_source,official_summary_not_individual_report_reviewed,https://www.env.go.jp/content/000316616.pdf,7.0,1.0
japan_moe__japan_moe_92-69-3_fish_96h_lc50_p7_r1,92-69-3,p-Phenylphenol,92-69-3,DTXSID7021152,OC1=CC=C(C=C1)C1=CC=CC=C1,YXVFYQXJAXKLAK-UHFFFAOYSA-N,fish_96h_lc50,LC50,MOR,MORT,Oryzias latipes,Japanese Medaka,Chordata,Actinopterygii,Beloniformes,Adrianichthyidae,Oryzias,Fish;Standard Test Species,96.0,FW,,,,2008.0,japan_moe_official_summary,dsstox_casrn,unclassified,3.4,mg/L,1.997520724277514e-05,-4.699508706185347,170.211,,True,False,1,1,,,,0.0,,,,official_summary_table,not specified in summary,test material,mortality,True,True,,,,,,,,,,,,,,,,,,,,,,,,,,,,,,,,,,,,,japan_moe_92-69-3_fish_96h_lc50_p7_r1,Japan_MOE_official_summary,official_summary_source,MOE:7:1:fish_96h_lc50,3.4,False,,,official_summary_source,official_summary_not_individual_report_reviewed,https://www.env.go.jp/content/000316616.pdf,7.0,1.0
japan_moe__japan_moe_92-70-6_algae_72_96h_ec50_p7_r2,92-70-6,3-Hydroxy-2-naphthoic acid,92-70-6,DTXSID3026560,OC(=O)C1=CC2=C(C=CC=C2)C=C1O,ALKYHXVLJMQRLQ-UHFFFAOYSA-N,algae_72_96h_ec50,EC50,GRO,GGRO,Pseudokirchneriella subcapitata,Green Alga,Chlorophyta,Chlorophyceae,Sphaeropleales,Selenastraceae,Pseudokirchneriella,Algae;Standard Test Species,72.0,FW,,,,2003.0,japan_moe_official_summary,dsstox_casrn,unclassified,64.0,mg/L,0.000340096289762,-3.4683981059227977,188.182,,True,False,1,1,,,,0.0,,,,official_summary_table,not specified in summary,test material,growth rate,True,True,,,,,,,,,,,,,,,,,,,,,,,,,,,,,,,,,,,,,japan_moe_92-70-6_algae_72_96h_ec50_p7_r2,Japan_MOE_official_summary,official_summary_source,MOE:7:2:algae_72_96h_ec50,64.0,False,,,official_summary_source,official_summary_not_individual_report_reviewed,https://www.env.go.jp/content/000316616.pdf,7.0,2.0
japan_moe__japan_moe_92-70-6_daphnia_48h_ec50_p7_r2,92-70-6,3-Hydroxy-2-naphthoic acid,92-70-6,DTXSID3026560,OC(=O)C1=CC2=C(C=CC=C2)C=C1O,ALKYHXVLJMQRLQ-UHFFFAOYSA-N,daphnia_48h_ec50,EC50,ITX,IMBL,Daphnia magna,Water Flea,Arthropoda,Branchiopoda,Diplostraca,Daphniidae,Daphnia,Crustaceans;Standard Test Species,48.0,FW,,,,2003.0,japan_moe_official_summary,dsstox_casrn,unclassified,33.0,mg/L,0.0001753621494085,-3.7560641400287977,188.182,,True,False,1,1,,,,0.0,,,,official_summary_table,not specified in summary,test material,immobilisation (Japanese table header: acute swimming inhibition),True,True,,,,,,,,,,,,,,,,,,,,,,,,,,,,,,,,,,,,,japan_moe_92-70-6_daphnia_48h_ec50_p7_r2,Japan_MOE_official_summary,official_summary_source,MOE:7:2:daphnia_48h_ec50,33.0,False,,,official_summary_source,official_summary_not_individual_report_reviewed,https://www.env.go.jp/content/000316616.pdf,7.0,2.0
japan_moe__japan_moe_92-84-2_algae_72_96h_ec50_p7_r3,92-84-2,Phenothiazine,92-84-2,DTXSID5021126,N1C2=CC=CC=C2SC2=C1C=CC=C2,WJFKNYWRSNBZNX-UHFFFAOYSA-N,algae_72_96h_ec50,EC50,GRO,GGRO,Pseudokirchneriella subcapitata,Green Alga,Chlorophyta,Chlorophyceae,Sphaeropleales,Selenastraceae,Pseudokirchneriella,Algae;Standard Test Species,72.0,FW,,,,2004.0,japan_moe_official_summary,dsstox_casrn,unclassified,0.74,mg/L,3.713405393470429e-06,-5.430227636139693,199.278,,True,False,1,1,,,,0.0,,,,official_summary_table,not specified in summary,test material,growth rate,True,True,,,,,,,,,,,,,,,,,,,,,,,,,,,,,,,,,,,,,japan_moe_92-84-2_algae_72_96h_ec50_p7_r3,Japan_MOE_official_summary,official_summary_source,MOE:7:3:algae_72_96h_ec50,0.74,False,,,official_summary_source,official_summary_not_individual_report_reviewed,https://www.env.go.jp/content/000316616.pdf,7.0,3.0
japan_moe__japan_moe_92-84-2_daphnia_48h_ec50_p7_r3,92-84-2,Phenothiazine,92-84-2,DTXSID5021126,N1C2=CC=CC=C2SC2=C1C=CC=C2,WJFKNYWRSNBZNX-UHFFFAOYSA-N,daphnia_48h_ec50,EC50,ITX,IMBL,Daphnia magna,Water Flea,Arthropoda,Branchiopoda,Diplostraca,Daphniidae,Daphnia,Crustaceans;Standard Test Species,48.0,FW,,,,2004.0,japan_moe_official_summary,dsstox_casrn,unclassified,0.055,mg/L,2.759963468119913e-07,-6.559096666376425,199.278,,True,False,1,1,,,,0.0,,,,official_summary_table,not specified in summary,test material,immobilisation (Japanese table header: acute swimming inhibition),True,True,,,,,,,,,,,,,,,,,,,,,,,,,,,,,,,,,,,,,japan_moe_92-84-2_daphnia_48h_ec50_p7_r3,Japan_MOE_official_summary,official_summary_source,MOE:7:3:daphnia_48h_ec50,0.055,False,,,official_summary_source,official_summary_not_individual_report_reviewed,https://www.env.go.jp/content/000316616.pdf,7.0,3.0
japan_moe__japan_moe_92-88-6_algae_72_96h_ec50_p7_r4,92-88-6,"Biphenyl-4,4'-diol",92-88-6,DTXSID1029120,OC1=CC=C(C=C1)C1=CC=C(O)C=C1,VCCBEIPGXKNHFW-UHFFFAOYSA-N,algae_72_96h_ec50,EC50,GRO,GGRO,Pseudokirchneriella subcapitata,Green Alga,Chlorophyta,Chlorophyceae,Sphaeropleales,Selenastraceae,Pseudokirchneriella,Algae;Standard Test Species,72.0,FW,,,,2003.0,japan_moe_official_summary,dsstox_casrn,unclassified,5.7,mg/L,3.061060093442887e-05,-4.514128144432568,186.21,,True,False,1,1,,,,0.0,,,,official_summary_table,not specified in summary,test material,growth rate,True,True,,,,,,,,,,,,,,,,,,,,,,,,,,,,,,,,,,,,,japan_moe_92-88-6_algae_72_96h_ec50_p7_r4,Japan_MOE_official_summary,official_summary_source,MOE:7:4:algae_72_96h_ec50,5.7,False,,,official_summary_source,official_summary_not_individual_report_reviewed,https://www.env.go.jp/content/000316616.pdf,7.0,4.0
japan_moe__japan_moe_92-88-6_daphnia_48h_ec50_p7_r4,92-88-6,"Biphenyl-4,4'-diol",92-88-6,DTXSID1029120,OC1=CC=C(C=C1)C1=CC=C(O)C=C1,VCCBEIPGXKNHFW-UHFFFAOYSA-N,daphnia_48h_ec50,EC50,ITX,IMBL,Daphnia magna,Water Flea,Arthropoda,Branchiopoda,Diplostraca,Daphniidae,Daphnia,Crustaceans;Standard Test Species,48.0,FW,,,,2003.0,japan_moe_official_summary,dsstox_casrn,unclassified,1.8,mg/L,9.666505558240696e-06,-5.0147304950017535,186.21,,True,False,1,1,,,,0.0,,,,official_summary_table,not specified in summary,test material,immobilisation (Japanese table header: acute swimming inhibition),True,True,,,,,,,,,,,,,,,,,,,,,,,,,,,,,,,,,,,,,japan_moe_92-88-6_daphnia_48h_ec50_p7_r4,Japan_MOE_official_summary,official_summary_source,MOE:7:4:daphnia_48h_ec50,1.8,False,,,official_summary_source,official_summary_not_individual_report_reviewed,https://www.env.go.jp/content/000316616.pdf,7.0,4.0
japan_moe__japan_moe_92-88-6_fish_96h_lc50_p7_r4,92-88-6,"Biphenyl-4,4'-diol",92-88-6,DTXSID1029120,OC1=CC=C(C=C1)C1=CC=C(O)C=C1,VCCBEIPGXKNHFW-UHFFFAOYSA-N,fish_96h_lc50,LC50,MOR,MORT,Oryzias latipes,Japanese Medaka,Chordata,Actinopterygii,Beloniformes,Adrianichthyidae,Oryzias,Fish;Standard Test Species,96.0,FW,,,,2003.0,japan_moe_official_summary,dsstox_casrn,unclassified,13.0,mg/L,6.981365125396058e-05,-4.156059647798223,186.21,,True,False,1,1,,,,0.0,,,,official_summary_table,not specified in summary,test material,mortality,True,True,,,,,,,,,,,,,,,,,,,,,,,,,,,,,,,,,,,,,japan_moe_92-88-6_fish_96h_lc50_p7_r4,Japan_MOE_official_summary,official_summary_source,MOE:7:4:fish_96h_lc50,13.0,False,,,official_summary_source,official_summary_not_individual_report_reviewed,https://www.env.go.jp/content/000316616.pdf,7.0,4.0
japan_moe__japan_moe_920-37-6_algae_72_96h_ec50_p23_r22,920-37-6,"2-Propenenitrile, 2-chloro-",920-37-6,DTXSID6052613,ClC(=C)C#N,OYUNTGBISCIYPW-UHFFFAOYSA-N,algae_72_96h_ec50,EC50,GRO,GGRO,Pseudokirchneriella subcapitata,Green Alga,Chlorophyta,Chlorophyceae,Sphaeropleales,Selenastraceae,Pseudokirchneriella,Algae;Standard Test Species,72.0,FW,,,,2010.0,japan_moe_official_summary,dsstox_casrn,unclassified,0.069,mg/L,7.884903267092529e-07,-6.103203630277453,87.509,,True,False,1,1,,,,0.0,,,,official_summary_table,not specified in summary,test material,growth rate,True,True,,,,,,,,,,,,,,,,,,,,,,,,,,,,,,,,,,,,,japan_moe_920-37-6_algae_72_96h_ec50_p23_r22,Japan_MOE_official_summary,official_summary_source,MOE:23:22:algae_72_96h_ec50,0.069,False,,,official_summary_source,official_summary_not_individual_report_reviewed,https://www.env.go.jp/content/000316616.pdf,23.0,22.0
japan_moe__japan_moe_920-37-6_daphnia_48h_ec50_p23_r22,920-37-6,"2-Propenenitrile, 2-chloro-",920-37-6,DTXSID6052613,ClC(=C)C#N,OYUNTGBISCIYPW-UHFFFAOYSA-N,daphnia_48h_ec50,EC50,ITX,IMBL,Daphnia magna,Water Flea,Arthropoda,Branchiopoda,Diplostraca,Daphniidae,Daphnia,Crustaceans;Standard Test Species,48.0,FW,,,,2010.0,japan_moe_official_summary,dsstox_casrn,unclassified,0.078,mg/L,8.913368910626336e-07,-6.049958118324229,87.509,,True,False,1,1,,,,0.0,,,,official_summary_table,not specified in summary,test material,immobilisation (Japanese table header: acute swimming inhibition),True,True,,,,,,,,,,,,,,,,,,,,,,,,,,,,,,,,,,,,,japan_moe_920-37-6_daphnia_48h_ec50_p23_r22,Japan_MOE_official_summary,official_summary_source,MOE:23:22:daphnia_48h_ec50,0.078,False,,,official_summary_source,official_summary_not_individual_report_reviewed,https://www.env.go.jp/content/000316616.pdf,23.0,22.0
japan_moe__japan_moe_920-37-6_fish_96h_lc50_p23_r22,920-37-6,"2-Propenenitrile, 2-chloro-",920-37-6,DTXSID6052613,ClC(=C)C#N,OYUNTGBISCIYPW-UHFFFAOYSA-N,fish_96h_lc50,LC50,MOR,MORT,Oryzias latipes,Japanese Medaka,Chordata,Actinopterygii,Beloniformes,Adrianichthyidae,Oryzias,Fish;Standard Test Species,96.0,FW,,,,2010.0,japan_moe_official_summary,dsstox_casrn,unclassified,0.084,mg/L,9.599012672982208e-07,-6.017773434952827,87.509,,True,False,1,1,,,,0.0,,,,official_summary_table,not specified in summary,test material,mortality,True,True,,,,,,,,,,,,,,,,,,,,,,,,,,,,,,,,,,,,,japan_moe_920-37-6_fish_96h_lc50_p23_r22,Japan_MOE_official_summary,official_summary_source,MOE:23:22:fish_96h_lc50,0.084,False,,,official_summary_source,official_summary_not_individual_report_reviewed,https://www.env.go.jp/content/000316616.pdf,23.0,22.0
japan_moe__japan_moe_924-41-4_daphnia_48h_ec50_p24_r1,924-41-4,"1,5-Hexadien-3-ol",924-41-4,DTXSID6022135,OC(CC=C)C=C,SZYLTIUVWARXOO-UHFFFAOYSA-N,daphnia_48h_ec50,EC50,ITX,IMBL,Daphnia magna,Water Flea,Arthropoda,Branchiopoda,Diplostraca,Daphniidae,Daphnia,Crustaceans;Standard Test Species,48.0,FW,,,,2006.0,japan_moe_official_summary,dsstox_casrn,unclassified,26.1,mg/L,0.0002659330582301,-3.575227672015763,98.145,,True,False,1,1,,,,0.0,,,,official_summary_table,nominal concentration,test material,immobilisation; source report 48 h EC50,True,True,,,,,,,,,,,,,,,,,,,,,,,,,,,,,,,,,,,,,japan_moe_924-41-4_daphnia_48h_ec50_p24_r1,Japan_MOE_official_summary,primary_source_aligned,MOE:24:1:daphnia_48h_ec50,26.0,True,924-41-4_daphnia_17682.pdf,"1,2",primary_source_aligned,48 h EC50 = 26.1 mg/L in the official two-page source summary.,https://www.env.go.jp/content/000316616.pdf,24.0,1.0
japan_moe__japan_moe_93-15-2_algae_72_96h_ec50_p7_r5,93-15-2,"4-Allyl-1,2-dimethoxybenzene",93-15-2,DTXSID5025607,COC1=CC=C(CC=C)C=C1OC,ZYEMGPIYFIJGTP-UHFFFAOYSA-N,algae_72_96h_ec50,EC50,GRO,GGRO,Pseudokirchneriella subcapitata,Green Alga,Chlorophyta,Chlorophyceae,Sphaeropleales,Selenastraceae,Pseudokirchneriella,Algae;Standard Test Species,72.0,FW,,,,2003.0,japan_moe_official_summary,dsstox_casrn,unclassified,22.0,mg/L,0.0001234353170884,-3.908560562975392,178.231,,True,False,1,1,,,,0.0,,,,official_summary_table,not specified in summary,test material,growth rate,True,True,,,,,,,,,,,,,,,,,,,,,,,,,,,,,,,,,,,,,japan_moe_93-15-2_algae_72_96h_ec50_p7_r5,Japan_MOE_official_summary,official_summary_source,MOE:7:5:algae_72_96h_ec50,22.0,False,,,official_summary_source,official_summary_not_individual_report_reviewed,https://www.env.go.jp/content/000316616.pdf,7.0,5.0
japan_moe__japan_moe_93-15-2_daphnia_48h_ec50_p7_r5,93-15-2,"4-Allyl-1,2-dimethoxybenzene",93-15-2,DTXSID5025607,COC1=CC=C(CC=C)C=C1OC,ZYEMGPIYFIJGTP-UHFFFAOYSA-N,daphnia_48h_ec50,EC50,ITX,IMBL,Daphnia magna,Water Flea,Arthropoda,Branchiopoda,Diplostraca,Daphniidae,Daphnia,Crustaceans;Standard Test Species,48.0,FW,,,,2003.0,japan_moe_official_summary,dsstox_casrn,unclassified,38.0,mg/L,0.0002132064567892,-3.671199647180788,178.231,,True,False,1,1,,,,0.0,,,,official_summary_table,not specified in summary,test material,immobilisation (Japanese table header: acute swimming inhibition),True,True,,,,,,,,,,,,,,,,,,,,,,,,,,,,,,,,,,,,,japan_moe_93-15-2_daphnia_48h_ec50_p7_r5,Japan_MOE_official_summary,official_summary_source,MOE:7:5:daphnia_48h_ec50,38.0,False,,,official_summary_source,official_summary_not_individual_report_reviewed,https://www.env.go.jp/content/000316616.pdf,7.0,5.0
japan_moe__japan_moe_93-15-2_fish_96h_lc50_p7_r5,93-15-2,"4-Allyl-1,2-dimethoxybenzene",93-15-2,DTXSID5025607,COC1=CC=C(CC=C)C=C1OC,ZYEMGPIYFIJGTP-UHFFFAOYSA-N,fish_96h_lc50,LC50,MOR,MORT,Oryzias latipes,Japanese Medaka,Chordata,Actinopterygii,Beloniformes,Adrianichthyidae,Oryzias,Fish;Standard Test Species,96.0,FW,,,,2003.0,japan_moe_official_summary,dsstox_casrn,unclassified,14.0,mg/L,7.854974723813478e-05,-4.10485520811936,178.231,,True,False,1,1,,,,0.0,,,,official_summary_table,not specified in summary,test material,mortality,True,True,,,,,,,,,,,,,,,,,,,,,,,,,,,,,,,,,,,,,japan_moe_93-15-2_fish_96h_lc50_p7_r5,Japan_MOE_official_summary,official_summary_source,MOE:7:5:fish_96h_lc50,14.0,False,,,official_summary_source,official_summary_not_individual_report_reviewed,https://www.env.go.jp/content/000316616.pdf,7.0,5.0
japan_moe__japan_moe_93-68-5_algae_72_96h_ec50_p7_r6,93-68-5,o-Acetoacetotoluidide,93-68-5,DTXSID3026562,CC(=O)CC(=O)NC1=C(C)C=CC=C1,TVZIWRMELPWPPR-UHFFFAOYSA-N,algae_72_96h_ec50,EC50,GRO,GGRO,Pseudokirchneriella subcapitata,Green Alga,Chlorophyta,Chlorophyceae,Sphaeropleales,Selenastraceae,Pseudokirchneriella,Algae;Standard Test Species,72.0,FW,,,,1998.0,japan_moe_official_summary,dsstox_casrn,unclassified,750.0,mg/L,0.0039219787690215,-2.406494761642667,191.23,,True,False,1,1,,,,0.0,,,,official_summary_table,not specified in summary,test material,growth rate,True,True,,,,,,,,,,,,,,,,,,,,,,,,,,,,,,,,,,,,,japan_moe_93-68-5_algae_72_96h_ec50_p7_r6,Japan_MOE_official_summary,official_summary_source,MOE:7:6:algae_72_96h_ec50,750.0,False,,,official_summary_source,official_summary_not_individual_report_reviewed,https://www.env.go.jp/content/000316616.pdf,7.0,6.0
japan_moe__japan_moe_93-68-5_daphnia_48h_ec50_p7_r6,93-68-5,o-Acetoacetotoluidide,93-68-5,DTXSID3026562,CC(=O)CC(=O)NC1=C(C)C=CC=C1,TVZIWRMELPWPPR-UHFFFAOYSA-N,daphnia_48h_ec50,EC50,ITX,IMBL,Daphnia magna,Water Flea,Arthropoda,Branchiopoda,Diplostraca,Daphniidae,Daphnia,Crustaceans;Standard Test Species,48.0,FW,,,,1998.0,japan_moe_official_summary,dsstox_casrn,unclassified,930.0,mg/L,0.0048632536735867,-2.313073076480432,191.23,,True,False,1,1,,,,0.0,,,,official_summary_table,not specified in summary,test material,immobilisation (Japanese table header: acute swimming inhibition),True,True,,,,,,,,,,,,,,,,,,,,,,,,,,,,,,,,,,,,,japan_moe_93-68-5_daphnia_48h_ec50_p7_r6,Japan_MOE_official_summary,official_summary_source,MOE:7:6:daphnia_48h_ec50,930.0,False,,,official_summary_source,official_summary_not_individual_report_reviewed,https://www.env.go.jp/content/000316616.pdf,7.0,6.0
japan_moe__japan_moe_93-83-4_daphnia_48h_ec50_p7_r7,93-83-4,"N,N-Bis(2-hydroxyethyl)oleamide",93-83-4,DTXSID8026563,CCCCCCCC\C=C/CCCCCCCC(=O)N(CCO)CCO,LPMBTLLQQJBUOO-KTKRTIGZSA-N,daphnia_48h_ec50,EC50,ITX,IMBL,Daphnia magna,Water Flea,Arthropoda,Branchiopoda,Diplostraca,Daphniidae,Daphnia,Crustaceans;Standard Test Species,48.0,FW,,,,1999.0,japan_moe_official_summary,dsstox_casrn,unclassified,0.05,mg/L,1.3528504559106037e-07,-6.86875020766126,369.5900000000001,,True,False,1,1,,,,0.0,,,,official_summary_table,not specified in summary,test material,immobilisation (Japanese table header: acute swimming inhibition),True,True,,,,,,,,,,,,,,,,,,,,,,,,,,,,,,,,,,,,,japan_moe_93-83-4_daphnia_48h_ec50_p7_r7,Japan_MOE_official_summary,official_summary_source,MOE:7:7:daphnia_48h_ec50,0.05,False,,,official_summary_source,official_summary_not_individual_report_reviewed,https://www.env.go.jp/content/000316616.pdf,7.0,7.0
japan_moe__japan_moe_93-83-4_fish_96h_lc50_p7_r7,93-83-4,"N,N-Bis(2-hydroxyethyl)oleamide",93-83-4,DTXSID8026563,CCCCCCCC\C=C/CCCCCCCC(=O)N(CCO)CCO,LPMBTLLQQJBUOO-KTKRTIGZSA-N,fish_96h_lc50,LC50,MOR,MORT,Oryzias latipes,Japanese Medaka,Chordata,Actinopterygii,Beloniformes,Adrianichthyidae,Oryzias,Fish;Standard Test Species,96.0,FW,,,,1999.0,japan_moe_official_summary,dsstox_casrn,unclassified,1.5,mg/L,4.05855136773181e-06,-5.3916289529415975,369.5900000000001,,True,False,1,1,,,,0.0,,,,official_summary_table,not specified in summary,test material,mortality,True,True,,,,,,,,,,,,,,,,,,,,,,,,,,,,,,,,,,,,,japan_moe_93-83-4_fish_96h_lc50_p7_r7,Japan_MOE_official_summary,official_summary_source,MOE:7:7:fish_96h_lc50,1.5,False,,,official_summary_source,official_summary_not_individual_report_reviewed,https://www.env.go.jp/content/000316616.pdf,7.0,7.0
japan_moe__japan_moe_947-04-6_daphnia_48h_ec50_p24_r2,947-04-6,Dodecane-12-lactam,947-04-6,DTXSID1027344,O=C1CCCCCCCCCCCN1,JHWNWJKBPDFINM-UHFFFAOYSA-N,daphnia_48h_ec50,EC50,ITX,IMBL,Daphnia magna,Water Flea,Arthropoda,Branchiopoda,Diplostraca,Daphniidae,Daphnia,Crustaceans;Standard Test Species,48.0,FW,,,,1998.0,japan_moe_official_summary,dsstox_casrn,unclassified,65.0,mg/L,0.000329410810756,-3.48226215205563,197.322,,True,False,1,1,,,,0.0,,,,official_summary_table,not specified in summary,test material,immobilisation (Japanese table header: acute swimming inhibition),True,True,,,,,,,,,,,,,,,,,,,,,,,,,,,,,,,,,,,,,japan_moe_947-04-6_daphnia_48h_ec50_p24_r2,Japan_MOE_official_summary,official_summary_source,MOE:24:2:daphnia_48h_ec50,65.0,False,,,official_summary_source,official_summary_not_individual_report_reviewed,https://www.env.go.jp/content/000316616.pdf,24.0,2.0
japan_moe__japan_moe_947-04-6_fish_96h_lc50_p24_r2,947-04-6,Dodecane-12-lactam,947-04-6,DTXSID1027344,O=C1CCCCCCCCCCCN1,JHWNWJKBPDFINM-UHFFFAOYSA-N,fish_96h_lc50,LC50,MOR,MORT,Oryzias latipes,Japanese Medaka,Chordata,Actinopterygii,Beloniformes,Adrianichthyidae,Oryzias,Fish;Standard Test Species,96.0,FW,,,,1998.0,japan_moe_official_summary,dsstox_casrn,unclassified,55.0,mg/L,0.0002787322244858,-3.554812819204242,197.322,,True,False,1,1,,,,0.0,,,,official_summary_table,not specified in summary,test material,mortality,True,True,,,,,,,,,,,,,,,,,,,,,,,,,,,,,,,,,,,,,japan_moe_947-04-6_fish_96h_lc50_p24_r2,Japan_MOE_official_summary,official_summary_source,MOE:24:2:fish_96h_lc50,55.0,False,,,official_summary_source,official_summary_not_individual_report_reviewed,https://www.env.go.jp/content/000316616.pdf,24.0,2.0
japan_moe__japan_moe_948-65-2_algae_72_96h_ec50_p24_r3,948-65-2,2-Phenylindole,948-65-2,DTXSID8061343,N1C2=CC=CC=C2C=C1C1=CC=CC=C1,KLLLJCACIRKBDT-UHFFFAOYSA-N,algae_72_96h_ec50,EC50,GRO,GGRO,Pseudokirchneriella subcapitata,Green Alga,Chlorophyta,Chlorophyceae,Sphaeropleales,Selenastraceae,Pseudokirchneriella,Algae;Standard Test Species,72.0,FW,,,,2005.0,japan_moe_official_summary,dsstox_casrn,unclassified,0.2,mg/L,1.034934204057977e-06,-5.985087259601126,193.249,,True,False,1,1,,,,0.0,,,,official_summary_table,not specified in summary,test material,growth rate,True,True,,,,,,,,,,,,,,,,,,,,,,,,,,,,,,,,,,,,,japan_moe_948-65-2_algae_72_96h_ec50_p24_r3,Japan_MOE_official_summary,official_summary_source,MOE:24:3:algae_72_96h_ec50,0.2,False,,,official_summary_source,official_summary_not_individual_report_reviewed,https://www.env.go.jp/content/000316616.pdf,24.0,3.0
japan_moe__japan_moe_948-65-2_daphnia_48h_ec50_p24_r3,948-65-2,2-Phenylindole,948-65-2,DTXSID8061343,N1C2=CC=CC=C2C=C1C1=CC=CC=C1,KLLLJCACIRKBDT-UHFFFAOYSA-N,daphnia_48h_ec50,EC50,ITX,IMBL,Daphnia magna,Water Flea,Arthropoda,Branchiopoda,Diplostraca,Daphniidae,Daphnia,Crustaceans;Standard Test Species,48.0,FW,,,,2005.0,japan_moe_official_summary,dsstox_casrn,unclassified,0.3,mg/L,1.5524013060869651e-06,-5.808996000545445,193.249,,True,False,1,1,,,,0.0,,,,official_summary_table,not specified in summary,test material,immobilisation (Japanese table header: acute swimming inhibition),True,True,,,,,,,,,,,,,,,,,,,,,,,,,,,,,,,,,,,,,japan_moe_948-65-2_daphnia_48h_ec50_p24_r3,Japan_MOE_official_summary,official_summary_source,MOE:24:3:daphnia_48h_ec50,0.3,False,,,official_summary_source,official_summary_not_individual_report_reviewed,https://www.env.go.jp/content/000316616.pdf,24.0,3.0
japan_moe__japan_moe_948-65-2_fish_96h_lc50_p24_r3,948-65-2,2-Phenylindole,948-65-2,DTXSID8061343,N1C2=CC=CC=C2C=C1C1=CC=CC=C1,KLLLJCACIRKBDT-UHFFFAOYSA-N,fish_96h_lc50,LC50,MOR,MORT,Oryzias latipes,Japanese Medaka,Chordata,Actinopterygii,Beloniformes,Adrianichthyidae,Oryzias,Fish;Standard Test Species,96.0,FW,,,,2005.0,japan_moe_official_summary,dsstox_casrn,unclassified,0.27,mg/L,1.397161175478269e-06,-5.85475349110612,193.249,,True,False,1,1,,,,0.0,,,,official_summary_table,not specified in summary,test material,mortality,True,True,,,,,,,,,,,,,,,,,,,,,,,,,,,,,,,,,,,,,japan_moe_948-65-2_fish_96h_lc50_p24_r3,Japan_MOE_official_summary,official_summary_source,MOE:24:3:fish_96h_lc50,0.27,False,,,official_summary_source,official_summary_not_individual_report_reviewed,https://www.env.go.jp/content/000316616.pdf,24.0,3.0
japan_moe__japan_moe_95-08-9_daphnia_48h_ec50_p7_r8,95-08-9,"2,2'-Ethylenedioxydiethyl bis(2- ethylbutyrate)",95-08-9,DTXSID80861696,CCC(CC)C(=O)OCCOCCOCCOC(=O)C(CC)CC,JEYLQCXBYFQJRO-UHFFFAOYSA-N,daphnia_48h_ec50,EC50,ITX,IMBL,Daphnia magna,Water Flea,Arthropoda,Branchiopoda,Diplostraca,Daphniidae,Daphnia,Crustaceans;Standard Test Species,48.0,FW,,,,1999.0,japan_moe_official_summary,dsstox_casrn,unclassified,28.0,mg/L,8.081647732520549e-05,-4.092500083756857,346.46400000000006,,True,False,1,1,,,,0.0,,,,official_summary_table,not specified in summary,test material,immobilisation (Japanese table header: acute swimming inhibition),True,True,,,,,,,,,,,,,,,,,,,,,,,,,,,,,,,,,,,,,japan_moe_95-08-9_daphnia_48h_ec50_p7_r8,Japan_MOE_official_summary,official_summary_source,MOE:7:8:daphnia_48h_ec50,28.0,False,,,official_summary_source,official_summary_not_individual_report_reviewed,https://www.env.go.jp/content/000316616.pdf,7.0,8.0
japan_moe__japan_moe_95-08-9_fish_96h_lc50_p7_r8,95-08-9,"2,2'-Ethylenedioxydiethyl bis(2- ethylbutyrate)",95-08-9,DTXSID80861696,CCC(CC)C(=O)OCCOCCOCCOC(=O)C(CC)CC,JEYLQCXBYFQJRO-UHFFFAOYSA-N,fish_96h_lc50,LC50,MOR,MORT,Oryzias latipes,Japanese Medaka,Chordata,Actinopterygii,Beloniformes,Adrianichthyidae,Oryzias,Fish;Standard Test Species,96.0,FW,,,,1999.0,japan_moe_official_summary,dsstox_casrn,unclassified,9.4,mg/L,2.713124595917613e-05,-4.566530261499377,346.46400000000006,,True,False,1,1,,,,0.0,,,,official_summary_table,not specified in summary,test material,mortality,True,True,,,,,,,,,,,,,,,,,,,,,,,,,,,,,,,,,,,,,japan_moe_95-08-9_fish_96h_lc50_p7_r8,Japan_MOE_official_summary,official_summary_source,MOE:7:8:fish_96h_lc50,9.4,False,,,official_summary_source,official_summary_not_individual_report_reviewed,https://www.env.go.jp/content/000316616.pdf,7.0,8.0
japan_moe__japan_moe_95-16-9_daphnia_48h_ec50_p7_r9,95-16-9,Benzothiazole,95-16-9,DTXSID7024586,S1C=NC2=CC=CC=C12,IOJUPLGTWVMSFF-UHFFFAOYSA-N,daphnia_48h_ec50,EC50,ITX,IMBL,Daphnia magna,Water Flea,Arthropoda,Branchiopoda,Diplostraca,Daphniidae,Daphnia,Crustaceans;Standard Test Species,48.0,FW,,,,1997.0,japan_moe_official_summary,dsstox_casrn,unclassified,19.0,mg/L,0.0001405418999785,-3.85219417955487,135.19099999999997,,True,False,1,1,,,,0.0,,,,official_summary_table,not specified in summary,test material,immobilisation (Japanese table header: acute swimming inhibition),True,True,,,,,,,,,,,,,,,,,,,,,,,,,,,,,,,,,,,,,japan_moe_95-16-9_daphnia_48h_ec50_p7_r9,Japan_MOE_official_summary,official_summary_source,MOE:7:9:daphnia_48h_ec50,19.0,False,,,official_summary_source,official_summary_not_individual_report_reviewed,https://www.env.go.jp/content/000316616.pdf,7.0,9.0
japan_moe__japan_moe_95-16-9_fish_96h_lc50_p7_r9,95-16-9,Benzothiazole,95-16-9,DTXSID7024586,S1C=NC2=CC=CC=C12,IOJUPLGTWVMSFF-UHFFFAOYSA-N,fish_96h_lc50,LC50,MOR,MORT,Oryzias latipes,Japanese Medaka,Chordata,Actinopterygii,Beloniformes,Adrianichthyidae,Oryzias,Fish;Standard Test Species,96.0,FW,,,,1997.0,japan_moe_official_summary,dsstox_casrn,unclassified,39.0,mg/L,0.0002884807420612,-3.5398831734812,135.19099999999997,,True,False,1,1,,,,0.0,,,,official_summary_table,not specified in summary,test material,mortality,True,True,,,,,,,,,,,,,,,,,,,,,,,,,,,,,,,,,,,,,japan_moe_95-16-9_fish_96h_lc50_p7_r9,Japan_MOE_official_summary,official_summary_source,MOE:7:9:fish_96h_lc50,39.0,False,,,official_summary_source,official_summary_not_individual_report_reviewed,https://www.env.go.jp/content/000316616.pdf,7.0,9.0
japan_moe__japan_moe_95-31-8_algae_72_96h_ec50_p7_r10,95-31-8,N-(tert-Butyl)-2- benzothiazolylsulfenamide,95-31-8,DTXSID7026572,CC(C)(C)NSC1=NC2=C(S1)C=CC=C2,IUJLOAKJZQBENM-UHFFFAOYSA-N,algae_72_96h_ec50,EC50,GRO,GGRO,Pseudokirchneriella subcapitata,Green Alga,Chlorophyta,Chlorophyceae,Sphaeropleales,Selenastraceae,Pseudokirchneriella,Algae;Standard Test Species,72.0,FW,,,,1996.0,japan_moe_official_summary,dsstox_casrn,unclassified,0.095,mg/L,3.985216942625461e-07,-6.399548032004219,238.38100000000003,,True,False,1,1,,,,0.0,,,,official_summary_table,not specified in summary,test material,growth rate,True,True,,,,,,,,,,,,,,,,,,,,,,,,,,,,,,,,,,,,,japan_moe_95-31-8_algae_72_96h_ec50_p7_r10,Japan_MOE_official_summary,official_summary_source,MOE:7:10:algae_72_96h_ec50,0.095,False,,,official_summary_source,official_summary_not_individual_report_reviewed,https://www.env.go.jp/content/000316616.pdf,7.0,10.0
japan_moe__japan_moe_95-31-8_daphnia_48h_ec50_p7_r10,95-31-8,N-(tert-Butyl)-2- benzothiazolylsulfenamide,95-31-8,DTXSID7026572,CC(C)(C)NSC1=NC2=C(S1)C=CC=C2,IUJLOAKJZQBENM-UHFFFAOYSA-N,daphnia_48h_ec50,EC50,ITX,IMBL,Daphnia magna,Water Flea,Arthropoda,Branchiopoda,Diplostraca,Daphniidae,Daphnia,Crustaceans;Standard Test Species,48.0,FW,,,,1996.0,japan_moe_official_summary,dsstox_casrn,unclassified,1.3,mg/L,5.453454763592735e-06,-5.263328284986231,238.38100000000003,,True,False,1,1,,,,0.0,,,,official_summary_table,not specified in summary,test material,immobilisation (Japanese table header: acute swimming inhibition),True,True,,,,,,,,,,,,,,,,,,,,,,,,,,,,,,,,,,,,,japan_moe_95-31-8_daphnia_48h_ec50_p7_r10,Japan_MOE_official_summary,official_summary_source,MOE:7:10:daphnia_48h_ec50,1.3,False,,,official_summary_source,official_summary_not_individual_report_reviewed,https://www.env.go.jp/content/000316616.pdf,7.0,10.0
japan_moe__japan_moe_95-31-8_fish_96h_lc50_p7_r10,95-31-8,N-(tert-Butyl)-2- benzothiazolylsulfenamide,95-31-8,DTXSID7026572,CC(C)(C)NSC1=NC2=C(S1)C=CC=C2,IUJLOAKJZQBENM-UHFFFAOYSA-N,fish_96h_lc50,LC50,MOR,MORT,Oryzias latipes,Japanese Medaka,Chordata,Actinopterygii,Beloniformes,Adrianichthyidae,Oryzias,Fish;Standard Test Species,96.0,FW,,,,1996.0,japan_moe_official_summary,dsstox_casrn,unclassified,1.4,mg/L,5.8729512838691e-06,-5.231143601614829,238.38100000000003,,True,False,1,1,,,,0.0,,,,official_summary_table,not specified in summary,test material,mortality,True,True,,,,,,,,,,,,,,,,,,,,,,,,,,,,,,,,,,,,,japan_moe_95-31-8_fish_96h_lc50_p7_r10,Japan_MOE_official_summary,official_summary_source,MOE:7:10:fish_96h_lc50,1.4,False,,,official_summary_source,official_summary_not_individual_report_reviewed,https://www.env.go.jp/content/000316616.pdf,7.0,10.0
japan_moe__japan_moe_95-32-9_daphnia_48h_ec50_p7_r11,95-32-9,2-(4'-Morpholinodithio)benzothiazole,95-32-9,DTXSID2026573,C1CN(CCO1)SSC1=NC2=C(S1)C=CC=C2,QRYFCNPYGUORTK-UHFFFAOYSA-N,daphnia_48h_ec50,EC50,ITX,IMBL,Daphnia magna,Water Flea,Arthropoda,Branchiopoda,Diplostraca,Daphniidae,Daphnia,Crustaceans;Standard Test Species,48.0,FW,,,,2002.0,japan_moe_official_summary,dsstox_casrn,unclassified,0.58,mg/L,2.039158882119038e-06,-5.690548934624335,284.431,,True,False,1,1,,,,0.0,,,,official_summary_table,not specified in summary,test material,immobilisation (Japanese table header: acute swimming inhibition),True,True,,,,,,,,,,,,,,,,,,,,,,,,,,,,,,,,,,,,,japan_moe_95-32-9_daphnia_48h_ec50_p7_r11,Japan_MOE_official_summary,official_summary_source,MOE:7:11:daphnia_48h_ec50,0.58,False,,,official_summary_source,official_summary_not_individual_report_reviewed,https://www.env.go.jp/content/000316616.pdf,7.0,11.0
japan_moe__japan_moe_95-32-9_fish_96h_lc50_p7_r11,95-32-9,2-(4'-Morpholinodithio)benzothiazole,95-32-9,DTXSID2026573,C1CN(CCO1)SSC1=NC2=C(S1)C=CC=C2,QRYFCNPYGUORTK-UHFFFAOYSA-N,fish_96h_lc50,LC50,MOR,MORT,Oryzias latipes,Japanese Medaka,Chordata,Actinopterygii,Beloniformes,Adrianichthyidae,Oryzias,Fish;Standard Test Species,96.0,FW,,,,2002.0,japan_moe_official_summary,dsstox_casrn,unclassified,0.49,mg/L,1.7227376762729802e-06,-5.763780848158759,284.431,,True,False,1,1,,,,0.0,,,,official_summary_table,not specified in summary,test material,mortality,True,True,,,,,,,,,,,,,,,,,,,,,,,,,,,,,,,,,,,,,japan_moe_95-32-9_fish_96h_lc50_p7_r11,Japan_MOE_official_summary,official_summary_source,MOE:7:11:fish_96h_lc50,0.49,False,,,official_summary_source,official_summary_not_individual_report_reviewed,https://www.env.go.jp/content/000316616.pdf,7.0,11.0
japan_moe__japan_moe_95-33-0_algae_72_96h_ec50_p7_r12,95-33-0,N-Cyclohexyl-2- benzothiazolylsulfenamide,95-33-0,DTXSID5020360,C1CCC(CC1)NSC1=NC2=C(S1)C=CC=C2,DEQZTKGFXNUBJL-UHFFFAOYSA-N,algae_72_96h_ec50,EC50,GRO,GGRO,Pseudokirchneriella subcapitata,Green Alga,Chlorophyta,Chlorophyceae,Sphaeropleales,Selenastraceae,Pseudokirchneriella,Algae;Standard Test Species,72.0,FW,,,,1996.0,japan_moe_official_summary,dsstox_casrn,unclassified,0.15,mg/L,5.672814737216311e-07,-6.246201399392896,264.41900000000004,,True,False,1,1,,,,0.0,,,,official_summary_table,not specified in summary,test material,growth rate,True,True,,,,,,,,,,,,,,,,,,,,,,,,,,,,,,,,,,,,,japan_moe_95-33-0_algae_72_96h_ec50_p7_r12,Japan_MOE_official_summary,official_summary_source,MOE:7:12:algae_72_96h_ec50,0.15,False,,,official_summary_source,official_summary_not_individual_report_reviewed,https://www.env.go.jp/content/000316616.pdf,7.0,12.0
japan_moe__japan_moe_95-33-0_daphnia_48h_ec50_p7_r12,95-33-0,N-Cyclohexyl-2- benzothiazolylsulfenamide,95-33-0,DTXSID5020360,C1CCC(CC1)NSC1=NC2=C(S1)C=CC=C2,DEQZTKGFXNUBJL-UHFFFAOYSA-N,daphnia_48h_ec50,EC50,ITX,IMBL,Daphnia magna,Water Flea,Arthropoda,Branchiopoda,Diplostraca,Daphniidae,Daphnia,Crustaceans;Standard Test Species,48.0,FW,,,,1996.0,japan_moe_official_summary,dsstox_casrn,unclassified,0.79,mg/L,2.987682428267257e-06,-5.524665567158135,264.41900000000004,,True,False,1,1,,,,0.0,,,,official_summary_table,not specified in summary,test material,immobilisation (Japanese table header: acute swimming inhibition),True,True,,,,,,,,,,,,,,,,,,,,,,,,,,,,,,,,,,,,,japan_moe_95-33-0_daphnia_48h_ec50_p7_r12,Japan_MOE_official_summary,official_summary_source,MOE:7:12:daphnia_48h_ec50,0.79,False,,,official_summary_source,official_summary_not_individual_report_reviewed,https://www.env.go.jp/content/000316616.pdf,7.0,12.0
japan_moe__japan_moe_95-33-0_fish_96h_lc50_p7_r12,95-33-0,N-Cyclohexyl-2- benzothiazolylsulfenamide,95-33-0,DTXSID5020360,C1CCC(CC1)NSC1=NC2=C(S1)C=CC=C2,DEQZTKGFXNUBJL-UHFFFAOYSA-N,fish_96h_lc50,LC50,MOR,MORT,Oryzias latipes,Japanese Medaka,Chordata,Actinopterygii,Beloniformes,Adrianichthyidae,Oryzias,Fish;Standard Test Species,96.0,FW,,,,1996.0,japan_moe_official_summary,dsstox_casrn,unclassified,2.1,mg/L,7.941940632102837e-06,-5.100073363714658,264.41900000000004,,True,False,1,1,,,,0.0,,,,official_summary_table,not specified in summary,test material,mortality,True,True,,,,,,,,,,,,,,,,,,,,,,,,,,,,,,,,,,,,,japan_moe_95-33-0_fish_96h_lc50_p7_r12,Japan_MOE_official_summary,official_summary_source,MOE:7:12:fish_96h_lc50,2.1,False,,,official_summary_source,official_summary_not_individual_report_reviewed,https://www.env.go.jp/content/000316616.pdf,7.0,12.0
japan_moe__japan_moe_95-47-6_algae_72_96h_ec50_p7_r13,95-47-6,o-Xylene,95-47-6,DTXSID3021807,CC1=C(C)C=CC=C1,CTQNGGLPUBDAKN-UHFFFAOYSA-N,algae_72_96h_ec50,EC50,GRO,GGRO,Pseudokirchneriella subcapitata,Green Alga,Chlorophyta,Chlorophyceae,Sphaeropleales,Selenastraceae,Pseudokirchneriella,Algae;Standard Test Species,72.0,FW,,,,1996.0,japan_moe_official_summary,dsstox_casrn,unclassified,0.8,mg/L,7.535227187099694e-06,-5.122903649173324,106.16799999999996,,True,False,1,1,,,,0.0,,,,official_summary_table,not specified in summary,test material,growth rate,True,True,,,,,,,,,,,,,,,,,,,,,,,,,,,,,,,,,,,,,japan_moe_95-47-6_algae_72_96h_ec50_p7_r13,Japan_MOE_official_summary,official_summary_source,MOE:7:13:algae_72_96h_ec50,0.8,False,,,official_summary_source,official_summary_not_individual_report_reviewed,https://www.env.go.jp/content/000316616.pdf,7.0,13.0
japan_moe__japan_moe_95-47-6_daphnia_48h_ec50_p7_r13,95-47-6,o-Xylene,95-47-6,DTXSID3021807,CC1=C(C)C=CC=C1,CTQNGGLPUBDAKN-UHFFFAOYSA-N,daphnia_48h_ec50,EC50,ITX,IMBL,Daphnia magna,Water Flea,Arthropoda,Branchiopoda,Diplostraca,Daphniidae,Daphnia,Crustaceans;Standard Test Species,48.0,FW,,,,1996.0,japan_moe_official_summary,dsstox_casrn,unclassified,1.1,mg/L,1.036093738226208e-05,-4.984600951007042,106.16799999999996,,True,False,1,1,,,,0.0,,,,official_summary_table,not specified in summary,test material,immobilisation (Japanese table header: acute swimming inhibition),True,True,,,,,,,,,,,,,,,,,,,,,,,,,,,,,,,,,,,,,japan_moe_95-47-6_daphnia_48h_ec50_p7_r13,Japan_MOE_official_summary,official_summary_source,MOE:7:13:daphnia_48h_ec50,1.1,False,,,official_summary_source,official_summary_not_individual_report_reviewed,https://www.env.go.jp/content/000316616.pdf,7.0,13.0
japan_moe__japan_moe_95-47-6_fish_96h_lc50_p7_r13,95-47-6,o-Xylene,95-47-6,DTXSID3021807,CC1=C(C)C=CC=C1,CTQNGGLPUBDAKN-UHFFFAOYSA-N,fish_96h_lc50,LC50,MOR,MORT,Oryzias latipes,Japanese Medaka,Chordata,Actinopterygii,Beloniformes,Adrianichthyidae,Oryzias,Fish;Standard Test Species,96.0,FW,,,,1996.0,japan_moe_official_summary,dsstox_casrn,unclassified,7.4,mg/L,6.970085148067217e-05,-4.156761916434292,106.16799999999996,,True,False,1,1,,,,0.0,,,,official_summary_table,not specified in summary,test material,mortality,True,True,,,,,,,,,,,,,,,,,,,,,,,,,,,,,,,,,,,,,japan_moe_95-47-6_fish_96h_lc50_p7_r13,Japan_MOE_official_summary,official_summary_source,MOE:7:13:fish_96h_lc50,7.4,False,,,official_summary_source,official_summary_not_individual_report_reviewed,https://www.env.go.jp/content/000316616.pdf,7.0,13.0
japan_moe__japan_moe_95-49-8_algae_72_96h_ec50_p7_r14,95-49-8,o-Chlorotoluene,95-49-8,DTXSID8023977,CC1=C(Cl)C=CC=C1,IBSQPLPBRSHTTG-UHFFFAOYSA-N,algae_72_96h_ec50,EC50,GRO,GGRO,Pseudokirchneriella subcapitata,Green Alga,Chlorophyta,Chlorophyceae,Sphaeropleales,Selenastraceae,Pseudokirchneriella,Algae;Standard Test Species,72.0,FW,,,,2000.0,japan_moe_official_summary,dsstox_casrn,unclassified,7.8,mg/L,6.161818842526032e-05,-4.210291074089156,126.58599999999996,,True,False,1,1,,,,0.0,,,,official_summary_table,not specified in summary,test material,growth rate,True,True,,,,,,,,,,,,,,,,,,,,,,,,,,,,,,,,,,,,,japan_moe_95-49-8_algae_72_96h_ec50_p7_r14,Japan_MOE_official_summary,official_summary_source,MOE:7:14:algae_72_96h_ec50,7.8,False,,,official_summary_source,official_summary_not_individual_report_reviewed,https://www.env.go.jp/content/000316616.pdf,7.0,14.0
japan_moe__japan_moe_95-49-8_daphnia_48h_ec50_p7_r14,95-49-8,o-Chlorotoluene,95-49-8,DTXSID8023977,CC1=C(Cl)C=CC=C1,IBSQPLPBRSHTTG-UHFFFAOYSA-N,daphnia_48h_ec50,EC50,ITX,IMBL,Daphnia magna,Water Flea,Arthropoda,Branchiopoda,Diplostraca,Daphniidae,Daphnia,Crustaceans;Standard Test Species,48.0,FW,,,,2000.0,japan_moe_official_summary,dsstox_casrn,unclassified,0.7,mg/L,5.529837422779772e-06,-5.25728763676538,126.58599999999996,,True,False,1,1,,,,0.0,,,,official_summary_table,not specified in summary,test material,immobilisation (Japanese table header: acute swimming inhibition),True,True,,,,,,,,,,,,,,,,,,,,,,,,,,,,,,,,,,,,,japan_moe_95-49-8_daphnia_48h_ec50_p7_r14,Japan_MOE_official_summary,official_summary_source,MOE:7:14:daphnia_48h_ec50,0.7,False,,,official_summary_source,official_summary_not_individual_report_reviewed,https://www.env.go.jp/content/000316616.pdf,7.0,14.0
japan_moe__japan_moe_95-49-8_fish_96h_lc50_p7_r14,95-49-8,o-Chlorotoluene,95-49-8,DTXSID8023977,CC1=C(Cl)C=CC=C1,IBSQPLPBRSHTTG-UHFFFAOYSA-N,fish_96h_lc50,LC50,MOR,MORT,Oryzias latipes,Japanese Medaka,Chordata,Actinopterygii,Beloniformes,Adrianichthyidae,Oryzias,Fish;Standard Test Species,96.0,FW,,,,2000.0,japan_moe_official_summary,dsstox_casrn,unclassified,7.7,mg/L,6.08282116505775e-05,-4.215894951607154,126.58599999999996,,True,False,1,1,,,,0.0,,,,official_summary_table,not specified in summary,test material,mortality,True,True,,,,,,,,,,,,,,,,,,,,,,,,,,,,,,,,,,,,,japan_moe_95-49-8_fish_96h_lc50_p7_r14,Japan_MOE_official_summary,official_summary_source,MOE:7:14:fish_96h_lc50,7.7,False,,,official_summary_source,official_summary_not_individual_report_reviewed,https://www.env.go.jp/content/000316616.pdf,7.0,14.0
japan_moe__japan_moe_95-50-1_daphnia_48h_ec50_p7_r15,95-50-1,o-Dichlorobenzene,95-50-1,DTXSID6020430,ClC1=C(Cl)C=CC=C1,RFFLAFLAYFXFSW-UHFFFAOYSA-N,daphnia_48h_ec50,EC50,ITX,IMBL,Daphnia magna,Water Flea,Arthropoda,Branchiopoda,Diplostraca,Daphniidae,Daphnia,Crustaceans;Standard Test Species,48.0,FW,,,,1995.0,japan_moe_official_summary,dsstox_casrn,unclassified,1.4,mg/L,9.523550379581508e-06,-5.021201116446081,147.004,,True,False,1,1,,,,0.0,,,,official_summary_table,not specified in summary,test material,immobilisation (Japanese table header: acute swimming inhibition),True,True,,,,,,,,,,,,,,,,,,,,,,,,,,,,,,,,,,,,,japan_moe_95-50-1_daphnia_48h_ec50_p7_r15,Japan_MOE_official_summary,official_summary_source,MOE:7:15:daphnia_48h_ec50,1.4,False,,,official_summary_source,official_summary_not_individual_report_reviewed,https://www.env.go.jp/content/000316616.pdf,7.0,15.0
japan_moe__japan_moe_95-50-1_fish_96h_lc50_p7_r15,95-50-1,o-Dichlorobenzene,95-50-1,DTXSID6020430,ClC1=C(Cl)C=CC=C1,RFFLAFLAYFXFSW-UHFFFAOYSA-N,fish_96h_lc50,LC50,MOR,MORT,Oryzias latipes,Japanese Medaka,Chordata,Actinopterygii,Beloniformes,Adrianichthyidae,Oryzias,Fish;Standard Test Species,96.0,FW,,,,1995.0,japan_moe_official_summary,dsstox_casrn,unclassified,3.8,mg/L,2.584963674457838e-05,-4.587545555507509,147.004,,True,False,1,1,,,,0.0,,,,official_summary_table,not specified in summary,test material,mortality,True,True,,,,,,,,,,,,,,,,,,,,,,,,,,,,,,,,,,,,,japan_moe_95-50-1_fish_96h_lc50_p7_r15,Japan_MOE_official_summary,official_summary_source,MOE:7:15:fish_96h_lc50,3.8,False,,,official_summary_source,official_summary_not_individual_report_reviewed,https://www.env.go.jp/content/000316616.pdf,7.0,15.0
japan_moe__japan_moe_95-51-2_algae_72_96h_ec50_p7_r16,95-51-2,o-Chloroaniline,95-51-2,DTXSID2021810,NC1=C(Cl)C=CC=C1,AKCRQHGQIJBRMN-UHFFFAOYSA-N,algae_72_96h_ec50,EC50,GRO,GGRO,Pseudokirchneriella subcapitata,Green Alga,Chlorophyta,Chlorophyceae,Sphaeropleales,Selenastraceae,Pseudokirchneriella,Algae;Standard Test Species,72.0,FW,,,,2000.0,japan_moe_official_summary,dsstox_casrn,unclassified,28.0,mg/L,0.0002194804584006,-3.6586041414199646,127.57399999999996,,True,False,1,1,,,,0.0,,,,official_summary_table,not specified in summary,test material,growth rate,True,True,,,,,,,,,,,,,,,,,,,,,,,,,,,,,,,,,,,,,japan_moe_95-51-2_algae_72_96h_ec50_p7_r16,Japan_MOE_official_summary,official_summary_source,MOE:7:16:algae_72_96h_ec50,28.0,False,,,official_summary_source,official_summary_not_individual_report_reviewed,https://www.env.go.jp/content/000316616.pdf,7.0,16.0
japan_moe__japan_moe_95-51-2_daphnia_48h_ec50_p7_r16,95-51-2,o-Chloroaniline,95-51-2,DTXSID2021810,NC1=C(Cl)C=CC=C1,AKCRQHGQIJBRMN-UHFFFAOYSA-N,daphnia_48h_ec50,EC50,ITX,IMBL,Daphnia magna,Water Flea,Arthropoda,Branchiopoda,Diplostraca,Daphniidae,Daphnia,Crustaceans;Standard Test Species,48.0,FW,,,,2000.0,japan_moe_official_summary,dsstox_casrn,unclassified,2.0,mg/L,1.56771756000439e-05,-4.804732177098202,127.57399999999996,,True,False,1,1,,,,0.0,,,,official_summary_table,not specified in summary,test material,immobilisation (Japanese table header: acute swimming inhibition),True,True,,,,,,,,,,,,,,,,,,,,,,,,,,,,,,,,,,,,,japan_moe_95-51-2_daphnia_48h_ec50_p7_r16,Japan_MOE_official_summary,official_summary_source,MOE:7:16:daphnia_48h_ec50,2.0,False,,,official_summary_source,official_summary_not_individual_report_reviewed,https://www.env.go.jp/content/000316616.pdf,7.0,16.0
japan_moe__japan_moe_95-51-2_fish_96h_lc50_p7_r16,95-51-2,o-Chloroaniline,95-51-2,DTXSID2021810,NC1=C(Cl)C=CC=C1,AKCRQHGQIJBRMN-UHFFFAOYSA-N,fish_96h_lc50,LC50,MOR,MORT,Oryzias latipes,Japanese Medaka,Chordata,Actinopterygii,Beloniformes,Adrianichthyidae,Oryzias,Fish;Standard Test Species,96.0,FW,,,,2000.0,japan_moe_official_summary,dsstox_casrn,unclassified,7.3,mg/L,5.722169094016024e-05,-4.242439312641728,127.57399999999996,,True,False,1,1,,,,0.0,,,,official_summary_table,not specified in summary,test material,mortality,True,True,,,,,,,,,,,,,,,,,,,,,,,,,,,,,,,,,,,,,japan_moe_95-51-2_fish_96h_lc50_p7_r16,Japan_MOE_official_summary,official_summary_source,MOE:7:16:fish_96h_lc50,7.3,False,,,official_summary_source,official_summary_not_individual_report_reviewed,https://www.env.go.jp/content/000316616.pdf,7.0,16.0
japan_moe__japan_moe_95-53-4_algae_72_96h_ec50_p7_r17,95-53-4,o-Toluidine,95-53-4,DTXSID1026164,CC1=C(N)C=CC=C1,RNVCVTLRINQCPJ-UHFFFAOYSA-N,algae_72_96h_ec50,EC50,GRO,GGRO,Pseudokirchneriella subcapitata,Green Alga,Chlorophyta,Chlorophyceae,Sphaeropleales,Selenastraceae,Pseudokirchneriella,Algae;Standard Test Species,72.0,FW,,,,1995.0,japan_moe_official_summary,dsstox_casrn,unclassified,120.0,mg/L,0.001119862630184,-2.9508352475190938,107.15599999999996,,True,False,1,1,,,,0.0,,,,official_summary_table,not specified in summary,test material,growth rate,True,True,,,,,,,,,,,,,,,,,,,,,,,,,,,,,,,,,,,,,japan_moe_95-53-4_algae_72_96h_ec50_p7_r17,Japan_MOE_official_summary,official_summary_source,MOE:7:17:algae_72_96h_ec50,120.0,False,,,official_summary_source,official_summary_not_individual_report_reviewed,https://www.env.go.jp/content/000316616.pdf,7.0,17.0
japan_moe__japan_moe_95-53-4_daphnia_48h_ec50_p7_r17,95-53-4,o-Toluidine,95-53-4,DTXSID1026164,CC1=C(N)C=CC=C1,RNVCVTLRINQCPJ-UHFFFAOYSA-N,daphnia_48h_ec50,EC50,ITX,IMBL,Daphnia magna,Water Flea,Arthropoda,Branchiopoda,Diplostraca,Daphniidae,Daphnia,Crustaceans;Standard Test Species,48.0,FW,,,,1995.0,japan_moe_official_summary,dsstox_casrn,unclassified,16.0,mg/L,0.0001493150173578,-3.8258965109107934,107.15599999999996,,True,False,1,1,,,,0.0,,,,official_summary_table,not specified in summary,test material,immobilisation (Japanese table header: acute swimming inhibition),True,True,,,,,,,,,,,,,,,,,,,,,,,,,,,,,,,,,,,,,japan_moe_95-53-4_daphnia_48h_ec50_p7_r17,Japan_MOE_official_summary,official_summary_source,MOE:7:17:daphnia_48h_ec50,16.0,False,,,official_summary_source,official_summary_not_individual_report_reviewed,https://www.env.go.jp/content/000316616.pdf,7.0,17.0
japan_moe__japan_moe_95-53-4_fish_96h_lc50_p7_r17,95-53-4,o-Toluidine,95-53-4,DTXSID1026164,CC1=C(N)C=CC=C1,RNVCVTLRINQCPJ-UHFFFAOYSA-N,fish_96h_lc50,LC50,MOR,MORT,Oryzias latipes,Japanese Medaka,Chordata,Actinopterygii,Beloniformes,Adrianichthyidae,Oryzias,Fish;Standard Test Species,96.0,FW,,,,1995.0,japan_moe_official_summary,dsstox_casrn,unclassified,150.0,mg/L,0.00139982828773,-2.853925234511037,107.15599999999996,,True,False,1,1,,,,0.0,,,,official_summary_table,not specified in summary,test material,mortality,True,True,,,,,,,,,,,,,,,,,,,,,,,,,,,,,,,,,,,,,japan_moe_95-53-4_fish_96h_lc50_p7_r17,Japan_MOE_official_summary,official_summary_source,MOE:7:17:fish_96h_lc50,150.0,False,,,official_summary_source,official_summary_not_individual_report_reviewed,https://www.env.go.jp/content/000316616.pdf,7.0,17.0
japan_moe__japan_moe_95-54-5_algae_72_96h_ec50_p7_r18,95-54-5,o-Phenylenediamine,95-54-5,DTXSID3025881,NC1=C(N)C=CC=C1,GEYOCULIXLDCMW-UHFFFAOYSA-N,algae_72_96h_ec50,EC50,GRO,GGRO,Pseudokirchneriella subcapitata,Green Alga,Chlorophyta,Chlorophyceae,Sphaeropleales,Selenastraceae,Pseudokirchneriella,Algae;Standard Test Species,72.0,FW,,,,2001.0,japan_moe_official_summary,dsstox_casrn,unclassified,0.82,mg/L,7.5824826157715665e-06,-5.120188576715702,108.14399999999996,,True,False,1,1,,,,0.0,,,,official_summary_table,not specified in summary,test material,growth rate,True,True,,,,,,,,,,,,,,,,,,,,,,,,,,,,,,,,,,,,,japan_moe_95-54-5_algae_72_96h_ec50_p7_r18,Japan_MOE_official_summary,official_summary_source,MOE:7:18:algae_72_96h_ec50,0.82,False,,,official_summary_source,official_summary_not_individual_report_reviewed,https://www.env.go.jp/content/000316616.pdf,7.0,18.0
japan_moe__japan_moe_95-54-5_daphnia_48h_ec50_p7_r18,95-54-5,o-Phenylenediamine,95-54-5,DTXSID3025881,NC1=C(N)C=CC=C1,GEYOCULIXLDCMW-UHFFFAOYSA-N,daphnia_48h_ec50,EC50,ITX,IMBL,Daphnia magna,Water Flea,Arthropoda,Branchiopoda,Diplostraca,Daphniidae,Daphnia,Crustaceans;Standard Test Species,48.0,FW,,,,2001.0,japan_moe_official_summary,dsstox_casrn,unclassified,1.4,mg/L,1.2945702026927065e-05,-4.88787439342118,108.14399999999996,,True,False,1,1,,,,0.0,,,,official_summary_table,not specified in summary,test material,immobilisation (Japanese table header: acute swimming inhibition),True,True,,,,,,,,,,,,,,,,,,,,,,,,,,,,,,,,,,,,,japan_moe_95-54-5_daphnia_48h_ec50_p7_r18,Japan_MOE_official_summary,official_summary_source,MOE:7:18:daphnia_48h_ec50,1.4,False,,,official_summary_source,official_summary_not_individual_report_reviewed,https://www.env.go.jp/content/000316616.pdf,7.0,18.0
japan_moe__japan_moe_95-54-5_fish_96h_lc50_p7_r18,95-54-5,o-Phenylenediamine,95-54-5,DTXSID3025881,NC1=C(N)C=CC=C1,GEYOCULIXLDCMW-UHFFFAOYSA-N,fish_96h_lc50,LC50,MOR,MORT,Oryzias latipes,Japanese Medaka,Chordata,Actinopterygii,Beloniformes,Adrianichthyidae,Oryzias,Fish;Standard Test Species,96.0,FW,,,,2001.0,japan_moe_official_summary,dsstox_casrn,unclassified,4.6,mg/L,4.253587808847464e-05,-4.371244597417844,108.14399999999996,,True,False,1,1,,,,0.0,,,,official_summary_table,not specified in summary,test material,mortality,True,True,,,,,,,,,,,,,,,,,,,,,,,,,,,,,,,,,,,,,japan_moe_95-54-5_fish_96h_lc50_p7_r18,Japan_MOE_official_summary,official_summary_source,MOE:7:18:fish_96h_lc50,4.6,False,,,official_summary_source,official_summary_not_individual_report_reviewed,https://www.env.go.jp/content/000316616.pdf,7.0,18.0
japan_moe__japan_moe_95-55-6_algae_72_96h_ec50_p7_r19,95-55-6,o-Aminophenol,95-55-6,DTXSID8024498,NC1=C(O)C=CC=C1,CDAWCLOXVUBKRW-UHFFFAOYSA-N,algae_72_96h_ec50,EC50,GRO,GGRO,Pseudokirchneriella subcapitata,Green Alga,Chlorophyta,Chlorophyceae,Sphaeropleales,Selenastraceae,Pseudokirchneriella,Algae;Standard Test Species,72.0,FW,,,,2011.0,japan_moe_official_summary,dsstox_casrn,unclassified,0.15,mg/L,1.3745326588959758e-06,-5.861844936861033,109.12799999999996,,True,False,1,1,,,,0.0,,,,official_summary_table,not specified in summary,test material,growth rate,True,True,,,,,,,,,,,,,,,,,,,,,,,,,,,,,,,,,,,,,japan_moe_95-55-6_algae_72_96h_ec50_p7_r19,Japan_MOE_official_summary,official_summary_source,MOE:7:19:algae_72_96h_ec50,0.15,False,,,official_summary_source,official_summary_not_individual_report_reviewed,https://www.env.go.jp/content/000316616.pdf,7.0,19.0
japan_moe__japan_moe_95-55-6_daphnia_48h_ec50_p7_r19,95-55-6,o-Aminophenol,95-55-6,DTXSID8024498,NC1=C(O)C=CC=C1,CDAWCLOXVUBKRW-UHFFFAOYSA-N,daphnia_48h_ec50,EC50,ITX,IMBL,Daphnia magna,Water Flea,Arthropoda,Branchiopoda,Diplostraca,Daphniidae,Daphnia,Crustaceans;Standard Test Species,48.0,FW,,,,2011.0,japan_moe_official_summary,dsstox_casrn,unclassified,0.57,mg/L,5.2232241038047085e-06,-5.282061340244223,109.12799999999996,,True,False,1,1,,,,0.0,,,,official_summary_table,not specified in summary,test material,immobilisation (Japanese table header: acute swimming inhibition),True,True,,,,,,,,,,,,,,,,,,,,,,,,,,,,,,,,,,,,,japan_moe_95-55-6_daphnia_48h_ec50_p7_r19,Japan_MOE_official_summary,official_summary_source,MOE:7:19:daphnia_48h_ec50,0.57,False,,,official_summary_source,official_summary_not_individual_report_reviewed,https://www.env.go.jp/content/000316616.pdf,7.0,19.0
japan_moe__japan_moe_95-55-6_fish_96h_lc50_p7_r19,95-55-6,o-Aminophenol,95-55-6,DTXSID8024498,NC1=C(O)C=CC=C1,CDAWCLOXVUBKRW-UHFFFAOYSA-N,fish_96h_lc50,LC50,MOR,MORT,Oryzias latipes,Japanese Medaka,Chordata,Actinopterygii,Beloniformes,Adrianichthyidae,Oryzias,Fish;Standard Test Species,96.0,FW,,,,2011.0,japan_moe_official_summary,dsstox_casrn,unclassified,0.67,mg/L,6.139579209735359e-06,-5.211861393215887,109.12799999999996,,True,False,1,1,,,,0.0,,,,official_summary_table,not specified in summary,test material,mortality,True,True,,,,,,,,,,,,,,,,,,,,,,,,,,,,,,,,,,,,,japan_moe_95-55-6_fish_96h_lc50_p7_r19,Japan_MOE_official_summary,official_summary_source,MOE:7:19:fish_96h_lc50,0.67,False,,,official_summary_source,official_summary_not_individual_report_reviewed,https://www.env.go.jp/content/000316616.pdf,7.0,19.0
japan_moe__japan_moe_95-64-7_algae_72_96h_ec50_p7_r20,95-64-7,"3,4-Dimethylaniline",95-64-7,DTXSID3026308,CC1=CC=C(N)C=C1C,DOLQYFPDPKPQSS-UHFFFAOYSA-N,algae_72_96h_ec50,EC50,GRO,GGRO,Pseudokirchneriella subcapitata,Green Alga,Chlorophyta,Chlorophyceae,Sphaeropleales,Selenastraceae,Pseudokirchneriella,Algae;Standard Test Species,72.0,FW,,,,2004.0,japan_moe_official_summary,dsstox_casrn,unclassified,8.6,mg/L,7.096704983372254e-05,-4.14894324842147,121.183,,True,False,1,1,,,,0.0,,,,official_summary_table,not specified in summary,test material,growth rate,True,True,,,,,,,,,,,,,,,,,,,,,,,,,,,,,,,,,,,,,japan_moe_95-64-7_algae_72_96h_ec50_p7_r20,Japan_MOE_official_summary,official_summary_source,MOE:7:20:algae_72_96h_ec50,8.6,False,,,official_summary_source,official_summary_not_individual_report_reviewed,https://www.env.go.jp/content/000316616.pdf,7.0,20.0
japan_moe__japan_moe_95-64-7_daphnia_48h_ec50_p7_r20,95-64-7,"3,4-Dimethylaniline",95-64-7,DTXSID3026308,CC1=CC=C(N)C=C1C,DOLQYFPDPKPQSS-UHFFFAOYSA-N,daphnia_48h_ec50,EC50,ITX,IMBL,Daphnia magna,Water Flea,Arthropoda,Branchiopoda,Diplostraca,Daphniidae,Daphnia,Crustaceans;Standard Test Species,48.0,FW,,,,2004.0,japan_moe_official_summary,dsstox_casrn,unclassified,1.1,mg/L,9.077180792685444e-06,-5.042049014506812,121.183,,True,False,1,1,,,,0.0,,,,official_summary_table,not specified in summary,test material,immobilisation (Japanese table header: acute swimming inhibition),True,True,,,,,,,,,,,,,,,,,,,,,,,,,,,,,,,,,,,,,japan_moe_95-64-7_daphnia_48h_ec50_p7_r20,Japan_MOE_official_summary,official_summary_source,MOE:7:20:daphnia_48h_ec50,1.1,False,,,official_summary_source,official_summary_not_individual_report_reviewed,https://www.env.go.jp/content/000316616.pdf,7.0,20.0
japan_moe__japan_moe_95-70-5_algae_72_96h_ec50_p7_r21,95-70-5,"2,5-Diaminotoluene",95-70-5,DTXSID6029123,CC1=C(N)C=CC(N)=C1,OBCSAIDCZQSFQH-UHFFFAOYSA-N,algae_72_96h_ec50,EC50,GRO,GGRO,Pseudokirchneriella subcapitata,Green Alga,Chlorophyta,Chlorophyceae,Sphaeropleales,Selenastraceae,Pseudokirchneriella,Algae;Standard Test Species,72.0,FW,,,,2008.0,japan_moe_official_summary,dsstox_casrn,unclassified,2.0,mg/L,1.6370497090144147e-05,-4.785938133035894,122.17099999999998,,True,False,1,1,,,,0.0,,,,official_summary_table,not specified in summary,test material,growth rate,True,True,,,,,,,,,,,,,,,,,,,,,,,,,,,,,,,,,,,,,japan_moe_95-70-5_algae_72_96h_ec50_p7_r21,Japan_MOE_official_summary,official_summary_source,MOE:7:21:algae_72_96h_ec50,2.0,False,,,official_summary_source,official_summary_not_individual_report_reviewed,https://www.env.go.jp/content/000316616.pdf,7.0,21.0
japan_moe__japan_moe_95-70-5_daphnia_48h_ec50_p7_r21,95-70-5,"2,5-Diaminotoluene",95-70-5,DTXSID6029123,CC1=C(N)C=CC(N)=C1,OBCSAIDCZQSFQH-UHFFFAOYSA-N,daphnia_48h_ec50,EC50,ITX,IMBL,Daphnia magna,Water Flea,Arthropoda,Branchiopoda,Diplostraca,Daphniidae,Daphnia,Crustaceans;Standard Test Species,48.0,FW,,,,2008.0,japan_moe_official_summary,dsstox_casrn,unclassified,0.46,mg/L,3.7652143307331537e-06,-5.424210297018302,122.17099999999998,,True,False,1,1,,,,0.0,,,,official_summary_table,not specified in summary,test material,immobilisation (Japanese table header: acute swimming inhibition),True,True,,,,,,,,,,,,,,,,,,,,,,,,,,,,,,,,,,,,,japan_moe_95-70-5_daphnia_48h_ec50_p7_r21,Japan_MOE_official_summary,official_summary_source,MOE:7:21:daphnia_48h_ec50,0.46,False,,,official_summary_source,official_summary_not_individual_report_reviewed,https://www.env.go.jp/content/000316616.pdf,7.0,21.0
japan_moe__japan_moe_95-70-5_fish_96h_lc50_p7_r21,95-70-5,"2,5-Diaminotoluene",95-70-5,DTXSID6029123,CC1=C(N)C=CC(N)=C1,OBCSAIDCZQSFQH-UHFFFAOYSA-N,fish_96h_lc50,LC50,MOR,MORT,Oryzias latipes,Japanese Medaka,Chordata,Actinopterygii,Beloniformes,Adrianichthyidae,Oryzias,Fish;Standard Test Species,96.0,FW,,,,2008.0,japan_moe_official_summary,dsstox_casrn,unclassified,0.19,mg/L,1.5551972235636938e-06,-5.808214527747047,122.17099999999998,,True,False,1,1,,,,0.0,,,,official_summary_table,not specified in summary,test material,mortality,True,True,,,,,,,,,,,,,,,,,,,,,,,,,,,,,,,,,,,,,japan_moe_95-70-5_fish_96h_lc50_p7_r21,Japan_MOE_official_summary,official_summary_source,MOE:7:21:fish_96h_lc50,0.19,False,,,official_summary_source,official_summary_not_individual_report_reviewed,https://www.env.go.jp/content/000316616.pdf,7.0,21.0
japan_moe__japan_moe_95-75-0_daphnia_48h_ec50_p7_r22,95-75-0,"3,4-Dichlorotoluene",95-75-0,DTXSID2021814,CC1=CC(Cl)=C(Cl)C=C1,WYUIWKFIFOJVKW-UHFFFAOYSA-N,daphnia_48h_ec50,EC50,ITX,IMBL,Daphnia magna,Water Flea,Arthropoda,Branchiopoda,Diplostraca,Daphniidae,Daphnia,Crustaceans;Standard Test Species,48.0,FW,,,,2009.0,japan_moe_official_summary,dsstox_casrn,unclassified,1.4,mg/L,8.693978178114772e-06,-5.060781454222964,161.031,,True,False,1,1,,,,0.0,,,,official_summary_table,not specified in summary,test material,immobilisation (Japanese table header: acute swimming inhibition),True,True,,,,,,,,,,,,,,,,,,,,,,,,,,,,,,,,,,,,,japan_moe_95-75-0_daphnia_48h_ec50_p7_r22,Japan_MOE_official_summary,official_summary_source,MOE:7:22:daphnia_48h_ec50,1.4,False,,,official_summary_source,official_summary_not_individual_report_reviewed,https://www.env.go.jp/content/000316616.pdf,7.0,22.0
japan_moe__japan_moe_95-75-0_fish_96h_lc50_p7_r22,95-75-0,"3,4-Dichlorotoluene",95-75-0,DTXSID2021814,CC1=CC(Cl)=C(Cl)C=C1,WYUIWKFIFOJVKW-UHFFFAOYSA-N,fish_96h_lc50,LC50,MOR,MORT,Oryzias latipes,Japanese Medaka,Chordata,Actinopterygii,Beloniformes,Adrianichthyidae,Oryzias,Fish;Standard Test Species,96.0,FW,,,,2009.0,japan_moe_official_summary,dsstox_casrn,unclassified,4.3,mg/L,2.670293297563823e-05,-4.573441034321615,161.031,,True,False,1,1,,,,0.0,,,,official_summary_table,not specified in summary,test material,mortality,True,True,,,,,,,,,,,,,,,,,,,,,,,,,,,,,,,,,,,,,japan_moe_95-75-0_fish_96h_lc50_p7_r22,Japan_MOE_official_summary,official_summary_source,MOE:7:22:fish_96h_lc50,4.3,False,,,official_summary_source,official_summary_not_individual_report_reviewed,https://www.env.go.jp/content/000316616.pdf,7.0,22.0
japan_moe__japan_moe_95-76-1_algae_72_96h_ec50_p8_r1,95-76-1,"3,4-Dichloroaniline",95-76-1,DTXSID7021815,NC1=CC(Cl)=C(Cl)C=C1,SDYWXFYBZPNOFX-UHFFFAOYSA-N,algae_72_96h_ec50,EC50,GRO,GGRO,Pseudokirchneriella subcapitata,Green Alga,Chlorophyta,Chlorophyceae,Sphaeropleales,Selenastraceae,Pseudokirchneriella,Algae;Standard Test Species,72.0,FW,,,,1995.0,japan_moe_official_summary,dsstox_casrn,unclassified,6.5,mg/L,4.011875150445318e-05,-4.396652590685603,162.019,,True,False,1,1,,,,0.0,,,,official_summary_table,not specified in summary,test material,growth rate,True,True,,,,,,,,,,,,,,,,,,,,,,,,,,,,,,,,,,,,,japan_moe_95-76-1_algae_72_96h_ec50_p8_r1,Japan_MOE_official_summary,official_summary_source,MOE:8:1:algae_72_96h_ec50,6.5,False,,,official_summary_source,official_summary_not_individual_report_reviewed,https://www.env.go.jp/content/000316616.pdf,8.0,1.0
japan_moe__japan_moe_95-76-1_daphnia_48h_ec50_p8_r1,95-76-1,"3,4-Dichloroaniline",95-76-1,DTXSID7021815,NC1=CC(Cl)=C(Cl)C=C1,SDYWXFYBZPNOFX-UHFFFAOYSA-N,daphnia_48h_ec50,EC50,ITX,IMBL,Daphnia magna,Water Flea,Arthropoda,Branchiopoda,Diplostraca,Daphniidae,Daphnia,Crustaceans;Standard Test Species,48.0,FW,,,,1995.0,japan_moe_official_summary,dsstox_casrn,unclassified,0.55,mg/L,3.394663588838346e-06,-5.469203257834216,162.019,,True,False,1,1,,,,0.0,,,,official_summary_table,not specified in summary,test material,immobilisation (Japanese table header: acute swimming inhibition),True,True,,,,,,,,,,,,,,,,,,,,,,,,,,,,,,,,,,,,,japan_moe_95-76-1_daphnia_48h_ec50_p8_r1,Japan_MOE_official_summary,official_summary_source,MOE:8:1:daphnia_48h_ec50,0.55,False,,,official_summary_source,official_summary_not_individual_report_reviewed,https://www.env.go.jp/content/000316616.pdf,8.0,1.0
japan_moe__japan_moe_95-76-1_fish_96h_lc50_p8_r1,95-76-1,"3,4-Dichloroaniline",95-76-1,DTXSID7021815,NC1=CC(Cl)=C(Cl)C=C1,SDYWXFYBZPNOFX-UHFFFAOYSA-N,fish_96h_lc50,LC50,MOR,MORT,Oryzias latipes,Japanese Medaka,Chordata,Actinopterygii,Beloniformes,Adrianichthyidae,Oryzias,Fish;Standard Test Species,96.0,FW,,,,1995.0,japan_moe_official_summary,dsstox_casrn,unclassified,11.0,mg/L,6.789327177676691e-05,-4.168173262170234,162.019,,True,False,1,1,,,,0.0,,,,official_summary_table,not specified in summary,test material,mortality,True,True,,,,,,,,,,,,,,,,,,,,,,,,,,,,,,,,,,,,,japan_moe_95-76-1_fish_96h_lc50_p8_r1,Japan_MOE_official_summary,official_summary_source,MOE:8:1:fish_96h_lc50,11.0,False,,,official_summary_source,official_summary_not_individual_report_reviewed,https://www.env.go.jp/content/000316616.pdf,8.0,1.0
japan_moe__japan_moe_95-78-3_algae_72_96h_ec50_p8_r2,95-78-3,"2,5-Dimethylaniline",95-78-3,DTXSID3026306,CC1=CC(N)=C(C)C=C1,VOWZNBNDMFLQGM-UHFFFAOYSA-N,algae_72_96h_ec50,EC50,GRO,GGRO,Pseudokirchneriella subcapitata,Green Alga,Chlorophyta,Chlorophyceae,Sphaeropleales,Selenastraceae,Pseudokirchneriella,Algae;Standard Test Species,72.0,FW,,,,2007.0,japan_moe_official_summary,dsstox_casrn,unclassified,30.0,mg/L,0.0002475594761641,-3.606320444945375,121.183,,True,False,1,1,,,,0.0,,,,official_summary_table,not specified in summary,test material,growth rate,True,True,,,,,,,,,,,,,,,,,,,,,,,,,,,,,,,,,,,,,japan_moe_95-78-3_algae_72_96h_ec50_p8_r2,Japan_MOE_official_summary,official_summary_source,MOE:8:2:algae_72_96h_ec50,30.0,False,,,official_summary_source,official_summary_not_individual_report_reviewed,https://www.env.go.jp/content/000316616.pdf,8.0,2.0
japan_moe__japan_moe_95-78-3_daphnia_48h_ec50_p8_r2,95-78-3,"2,5-Dimethylaniline",95-78-3,DTXSID3026306,CC1=CC(N)=C(C)C=C1,VOWZNBNDMFLQGM-UHFFFAOYSA-N,daphnia_48h_ec50,EC50,ITX,IMBL,Daphnia magna,Water Flea,Arthropoda,Branchiopoda,Diplostraca,Daphniidae,Daphnia,Crustaceans;Standard Test Species,48.0,FW,,,,2007.0,japan_moe_official_summary,dsstox_casrn,unclassified,18.0,mg/L,0.0001485356856984,-3.828169194561732,121.183,,True,False,1,1,,,,0.0,,,,official_summary_table,not specified in summary,test material,immobilisation (Japanese table header: acute swimming inhibition),True,True,,,,,,,,,,,,,,,,,,,,,,,,,,,,,,,,,,,,,japan_moe_95-78-3_daphnia_48h_ec50_p8_r2,Japan_MOE_official_summary,official_summary_source,MOE:8:2:daphnia_48h_ec50,18.0,False,,,official_summary_source,official_summary_not_individual_report_reviewed,https://www.env.go.jp/content/000316616.pdf,8.0,2.0
japan_moe__japan_moe_95-80-7_algae_72_96h_ec50_p8_r3,95-80-7,"2,4-Diaminotoluene",95-80-7,DTXSID4020402,CC1=C(N)C=C(N)C=C1,VOZKAJLKRJDJLL-UHFFFAOYSA-N,algae_72_96h_ec50,EC50,GRO,GGRO,Pseudokirchneriella subcapitata,Green Alga,Chlorophyta,Chlorophyceae,Sphaeropleales,Selenastraceae,Pseudokirchneriella,Algae;Standard Test Species,72.0,FW,,,,2001.0,japan_moe_official_summary,dsstox_casrn,unclassified,18.0,mg/L,0.0001473344738112,-3.83169562359657,122.17099999999998,,True,False,1,1,,,,0.0,,,,official_summary_table,not specified in summary,test material,growth rate,True,True,,,,,,,,,,,,,,,,,,,,,,,,,,,,,,,,,,,,,japan_moe_95-80-7_algae_72_96h_ec50_p8_r3,Japan_MOE_official_summary,official_summary_source,MOE:8:3:algae_72_96h_ec50,18.0,False,,,official_summary_source,official_summary_not_individual_report_reviewed,https://www.env.go.jp/content/000316616.pdf,8.0,3.0
japan_moe__japan_moe_95-80-7_daphnia_48h_ec50_p8_r3,95-80-7,"2,4-Diaminotoluene",95-80-7,DTXSID4020402,CC1=C(N)C=C(N)C=C1,VOZKAJLKRJDJLL-UHFFFAOYSA-N,daphnia_48h_ec50,EC50,ITX,IMBL,Daphnia magna,Water Flea,Arthropoda,Branchiopoda,Diplostraca,Daphniidae,Daphnia,Crustaceans;Standard Test Species,48.0,FW,,,,2001.0,japan_moe_official_summary,dsstox_casrn,unclassified,15.0,mg/L,0.000122778728176,-3.9108768696441945,122.17099999999998,,True,False,1,1,,,,0.0,,,,official_summary_table,not specified in summary,test material,immobilisation (Japanese table header: acute swimming inhibition),True,True,,,,,,,,,,,,,,,,,,,,,,,,,,,,,,,,,,,,,japan_moe_95-80-7_daphnia_48h_ec50_p8_r3,Japan_MOE_official_summary,official_summary_source,MOE:8:3:daphnia_48h_ec50,15.0,False,,,official_summary_source,official_summary_not_individual_report_reviewed,https://www.env.go.jp/content/000316616.pdf,8.0,3.0
japan_moe__japan_moe_95-81-8_algae_72_96h_ec50_p8_r4,95-81-8,2-Chloro-5-methylaniline,95-81-8,DTXSID0074554,CC1=CC(N)=C(Cl)C=C1,HPSCXFOQUFPEPE-UHFFFAOYSA-N,algae_72_96h_ec50,EC50,GRO,GGRO,Pseudokirchneriella subcapitata,Green Alga,Chlorophyta,Chlorophyceae,Sphaeropleales,Selenastraceae,Pseudokirchneriella,Algae;Standard Test Species,72.0,FW,,,,2000.0,japan_moe_official_summary,dsstox_casrn,unclassified,4.9,mg/L,3.460427539353536e-05,-4.460870240365833,141.60100000000003,,True,False,1,1,,,,0.0,,,,official_summary_table,not specified in summary,test material,growth rate,True,True,,,,,,,,,,,,,,,,,,,,,,,,,,,,,,,,,,,,,japan_moe_95-81-8_algae_72_96h_ec50_p8_r4,Japan_MOE_official_summary,official_summary_source,MOE:8:4:algae_72_96h_ec50,4.9,False,,,official_summary_source,official_summary_not_individual_report_reviewed,https://www.env.go.jp/content/000316616.pdf,8.0,4.0
japan_moe__japan_moe_95-81-8_daphnia_48h_ec50_p8_r4,95-81-8,2-Chloro-5-methylaniline,95-81-8,DTXSID0074554,CC1=CC(N)=C(Cl)C=C1,HPSCXFOQUFPEPE-UHFFFAOYSA-N,daphnia_48h_ec50,EC50,ITX,IMBL,Daphnia magna,Water Flea,Arthropoda,Branchiopoda,Diplostraca,Daphniidae,Daphnia,Crustaceans;Standard Test Species,48.0,FW,,,,2000.0,japan_moe_official_summary,dsstox_casrn,unclassified,3.6,mg/L,2.542354926871985e-05,-4.594763819627059,141.60100000000003,,True,False,1,1,,,,0.0,,,,official_summary_table,not specified in summary,test material,immobilisation (Japanese table header: acute swimming inhibition),True,True,,,,,,,,,,,,,,,,,,,,,,,,,,,,,,,,,,,,,japan_moe_95-81-8_daphnia_48h_ec50_p8_r4,Japan_MOE_official_summary,official_summary_source,MOE:8:4:daphnia_48h_ec50,3.6,False,,,official_summary_source,official_summary_not_individual_report_reviewed,https://www.env.go.jp/content/000316616.pdf,8.0,4.0
japan_moe__japan_moe_95-81-8_fish_96h_lc50_p8_r4,95-81-8,2-Chloro-5-methylaniline,95-81-8,DTXSID0074554,CC1=CC(N)=C(Cl)C=C1,HPSCXFOQUFPEPE-UHFFFAOYSA-N,fish_96h_lc50,LC50,MOR,MORT,Oryzias latipes,Japanese Medaka,Chordata,Actinopterygii,Beloniformes,Adrianichthyidae,Oryzias,Fish;Standard Test Species,96.0,FW,,,,2000.0,japan_moe_official_summary,dsstox_casrn,unclassified,11.0,mg/L,7.768306720997731e-05,-4.109673635236121,141.60100000000003,,True,False,1,1,,,,0.0,,,,official_summary_table,not specified in summary,test material,mortality,True,True,,,,,,,,,,,,,,,,,,,,,,,,,,,,,,,,,,,,,japan_moe_95-81-8_fish_96h_lc50_p8_r4,Japan_MOE_official_summary,official_summary_source,MOE:8:4:fish_96h_lc50,11.0,False,,,official_summary_source,official_summary_not_individual_report_reviewed,https://www.env.go.jp/content/000316616.pdf,8.0,4.0
japan_moe__japan_moe_95-82-9_algae_72_96h_ec50_p8_r5,95-82-9,"2,5-Dichloroaniline",95-82-9,DTXSID6024967,NC1=C(Cl)C=CC(Cl)=C1,AVYGCQXNNJPXSS-UHFFFAOYSA-N,algae_72_96h_ec50,EC50,GRO,GGRO,Pseudokirchneriella subcapitata,Green Alga,Chlorophyta,Chlorophyceae,Sphaeropleales,Selenastraceae,Pseudokirchneriella,Algae;Standard Test Species,72.0,FW,,,,2000.0,japan_moe_official_summary,dsstox_casrn,unclassified,9.6,mg/L,5.92523099142693e-05,-4.227294714288891,162.019,,True,False,1,1,,,,0.0,,,,official_summary_table,not specified in summary,test material,growth rate,True,True,,,,,,,,,,,,,,,,,,,,,,,,,,,,,,,,,,,,,japan_moe_95-82-9_algae_72_96h_ec50_p8_r5,Japan_MOE_official_summary,official_summary_source,MOE:8:5:algae_72_96h_ec50,9.6,False,,,official_summary_source,official_summary_not_individual_report_reviewed,https://www.env.go.jp/content/000316616.pdf,8.0,5.0
japan_moe__japan_moe_95-82-9_daphnia_48h_ec50_p8_r5,95-82-9,"2,5-Dichloroaniline",95-82-9,DTXSID6024967,NC1=C(Cl)C=CC(Cl)=C1,AVYGCQXNNJPXSS-UHFFFAOYSA-N,daphnia_48h_ec50,EC50,ITX,IMBL,Daphnia magna,Water Flea,Arthropoda,Branchiopoda,Diplostraca,Daphniidae,Daphnia,Crustaceans;Standard Test Species,48.0,FW,,,,2000.0,japan_moe_official_summary,dsstox_casrn,unclassified,1.8,mg/L,1.1109808108925496e-05,-4.954293442225153,162.019,,True,False,1,1,,,,0.0,,,,official_summary_table,not specified in summary,test material,immobilisation (Japanese table header: acute swimming inhibition),True,True,,,,,,,,,,,,,,,,,,,,,,,,,,,,,,,,,,,,,japan_moe_95-82-9_daphnia_48h_ec50_p8_r5,Japan_MOE_official_summary,official_summary_source,MOE:8:5:daphnia_48h_ec50,1.8,False,,,official_summary_source,official_summary_not_individual_report_reviewed,https://www.env.go.jp/content/000316616.pdf,8.0,5.0
japan_moe__japan_moe_95-82-9_fish_96h_lc50_p8_r5,95-82-9,"2,5-Dichloroaniline",95-82-9,DTXSID6024967,NC1=C(Cl)C=CC(Cl)=C1,AVYGCQXNNJPXSS-UHFFFAOYSA-N,fish_96h_lc50,LC50,MOR,MORT,Oryzias latipes,Japanese Medaka,Chordata,Actinopterygii,Beloniformes,Adrianichthyidae,Oryzias,Fish;Standard Test Species,96.0,FW,,,,2000.0,japan_moe_official_summary,dsstox_casrn,unclassified,2.2,mg/L,1.3578654355353385e-05,-4.867143266506253,162.019,,True,False,1,1,,,,0.0,,,,official_summary_table,not specified in summary,test material,mortality,True,True,,,,,,,,,,,,,,,,,,,,,,,,,,,,,,,,,,,,,japan_moe_95-82-9_fish_96h_lc50_p8_r5,Japan_MOE_official_summary,official_summary_source,MOE:8:5:fish_96h_lc50,2.2,False,,,official_summary_source,official_summary_not_individual_report_reviewed,https://www.env.go.jp/content/000316616.pdf,8.0,5.0
japan_moe__japan_moe_95-87-4_algae_72_96h_ec50_p8_r6,95-87-4,"2,5-Xylenol",95-87-4,DTXSID6025145,CC1=CC(O)=C(C)C=C1,NKTOLZVEWDHZMU-UHFFFAOYSA-N,algae_72_96h_ec50,EC50,GRO,GGRO,Pseudokirchneriella subcapitata,Green Alga,Chlorophyta,Chlorophyceae,Sphaeropleales,Selenastraceae,Pseudokirchneriella,Algae;Standard Test Species,72.0,FW,,,,2007.0,japan_moe_official_summary,dsstox_casrn,unclassified,29.0,mg/L,0.0002373799798636,-3.624555911335034,122.16699999999996,,True,False,1,1,,,,0.0,,,,official_summary_table,not specified in summary,test material,growth rate,True,True,,,,,,,,,,,,,,,,,,,,,,,,,,,,,,,,,,,,,japan_moe_95-87-4_algae_72_96h_ec50_p8_r6,Japan_MOE_official_summary,official_summary_source,MOE:8:6:algae_72_96h_ec50,29.0,False,,,official_summary_source,official_summary_not_individual_report_reviewed,https://www.env.go.jp/content/000316616.pdf,8.0,6.0
japan_moe__japan_moe_95-87-4_daphnia_48h_ec50_p8_r6,95-87-4,"2,5-Xylenol",95-87-4,DTXSID6025145,CC1=CC(O)=C(C)C=C1,NKTOLZVEWDHZMU-UHFFFAOYSA-N,daphnia_48h_ec50,EC50,ITX,IMBL,Daphnia magna,Water Flea,Arthropoda,Branchiopoda,Diplostraca,Daphniidae,Daphnia,Crustaceans;Standard Test Species,48.0,FW,,,,2007.0,japan_moe_official_summary,dsstox_casrn,unclassified,5.2,mg/L,4.256468604451285e-05,-4.370950565599191,122.16699999999996,,True,False,1,1,,,,0.0,,,,official_summary_table,not specified in summary,test material,immobilisation (Japanese table header: acute swimming inhibition),True,True,,,,,,,,,,,,,,,,,,,,,,,,,,,,,,,,,,,,,japan_moe_95-87-4_daphnia_48h_ec50_p8_r6,Japan_MOE_official_summary,official_summary_source,MOE:8:6:daphnia_48h_ec50,5.2,False,,,official_summary_source,official_summary_not_individual_report_reviewed,https://www.env.go.jp/content/000316616.pdf,8.0,6.0
japan_moe__japan_moe_95-87-4_fish_96h_lc50_p8_r6,95-87-4,"2,5-Xylenol",95-87-4,DTXSID6025145,CC1=CC(O)=C(C)C=C1,NKTOLZVEWDHZMU-UHFFFAOYSA-N,fish_96h_lc50,LC50,MOR,MORT,Oryzias latipes,Japanese Medaka,Chordata,Actinopterygii,Beloniformes,Adrianichthyidae,Oryzias,Fish;Standard Test Species,96.0,FW,,,,2007.0,japan_moe_official_summary,dsstox_casrn,unclassified,5.7,mg/L,4.665744431802371e-05,-4.331079053561498,122.16699999999996,,True,False,1,1,,,,0.0,,,,official_summary_table,not specified in summary,test material,mortality,True,True,,,,,,,,,,,,,,,,,,,,,,,,,,,,,,,,,,,,,japan_moe_95-87-4_fish_96h_lc50_p8_r6,Japan_MOE_official_summary,official_summary_source,MOE:8:6:fish_96h_lc50,5.7,False,,,official_summary_source,official_summary_not_individual_report_reviewed,https://www.env.go.jp/content/000316616.pdf,8.0,6.0
japan_moe__japan_moe_95-95-4_algae_72_96h_ec50_p8_r7,95-95-4,"2,4,5-Trichlorophenol",95-95-4,DTXSID4024359,OC1=C(Cl)C=C(Cl)C(Cl)=C1,LHJGJYXLEPZJPM-UHFFFAOYSA-N,algae_72_96h_ec50,EC50,GRO,GGRO,Pseudokirchneriella subcapitata,Green Alga,Chlorophyta,Chlorophyceae,Sphaeropleales,Selenastraceae,Pseudokirchneriella,Algae;Standard Test Species,72.0,FW,,,,2002.0,japan_moe_official_summary,dsstox_casrn,unclassified,1.5,mg/L,7.596936915035858e-06,-5.119361479962119,197.448,,True,False,1,1,,,,0.0,,,,official_summary_table,not specified in summary,test material,growth rate,True,True,,,,,,,,,,,,,,,,,,,,,,,,,,,,,,,,,,,,,japan_moe_95-95-4_algae_72_96h_ec50_p8_r7,Japan_MOE_official_summary,official_summary_source,MOE:8:7:algae_72_96h_ec50,1.5,False,,,official_summary_source,official_summary_not_individual_report_reviewed,https://www.env.go.jp/content/000316616.pdf,8.0,7.0
japan_moe__japan_moe_95-95-4_daphnia_48h_ec50_p8_r7,95-95-4,"2,4,5-Trichlorophenol",95-95-4,DTXSID4024359,OC1=C(Cl)C=C(Cl)C(Cl)=C1,LHJGJYXLEPZJPM-UHFFFAOYSA-N,daphnia_48h_ec50,EC50,ITX,IMBL,Daphnia magna,Water Flea,Arthropoda,Branchiopoda,Diplostraca,Daphniidae,Daphnia,Crustaceans;Standard Test Species,48.0,FW,,,,2002.0,japan_moe_official_summary,dsstox_casrn,unclassified,0.98,mg/L,4.963332117823427e-06,-5.304226663325306,197.448,,True,False,1,1,,,,0.0,,,,official_summary_table,not specified in summary,test material,immobilisation (Japanese table header: acute swimming inhibition),True,True,,,,,,,,,,,,,,,,,,,,,,,,,,,,,,,,,,,,,japan_moe_95-95-4_daphnia_48h_ec50_p8_r7,Japan_MOE_official_summary,official_summary_source,MOE:8:7:daphnia_48h_ec50,0.98,False,,,official_summary_source,official_summary_not_individual_report_reviewed,https://www.env.go.jp/content/000316616.pdf,8.0,7.0
japan_moe__japan_moe_95-95-4_fish_96h_lc50_p8_r7,95-95-4,"2,4,5-Trichlorophenol",95-95-4,DTXSID4024359,OC1=C(Cl)C=C(Cl)C(Cl)=C1,LHJGJYXLEPZJPM-UHFFFAOYSA-N,fish_96h_lc50,LC50,MOR,MORT,Oryzias latipes,Japanese Medaka,Chordata,Actinopterygii,Beloniformes,Adrianichthyidae,Oryzias,Fish;Standard Test Species,96.0,FW,,,,2002.0,japan_moe_official_summary,dsstox_casrn,unclassified,1.5,mg/L,7.596936915035858e-06,-5.119361479962119,197.448,,True,False,1,1,,,,0.0,,,,official_summary_table,not specified in summary,test material,mortality,True,True,,,,,,,,,,,,,,,,,,,,,,,,,,,,,,,,,,,,,japan_moe_95-95-4_fish_96h_lc50_p8_r7,Japan_MOE_official_summary,official_summary_source,MOE:8:7:fish_96h_lc50,1.5,False,,,official_summary_source,official_summary_not_individual_report_reviewed,https://www.env.go.jp/content/000316616.pdf,8.0,7.0
japan_moe__japan_moe_96-09-3_algae_72_96h_ec50_p8_r8,96-09-3,Styrene oxide,96-09-3,DTXSID2021286,C1OC1C1=CC=CC=C1,AWMVMTVKBNGEAK-UHFFFAOYSA-N,algae_72_96h_ec50,EC50,GRO,GGRO,Pseudokirchneriella subcapitata,Green Alga,Chlorophyta,Chlorophyceae,Sphaeropleales,Selenastraceae,Pseudokirchneriella,Algae;Standard Test Species,72.0,FW,,,,2002.0,japan_moe_official_summary,dsstox_casrn,unclassified,25.0,mg/L,0.0002080715100165,-3.6817873810552686,120.15099999999995,,True,False,1,1,,,,0.0,,,,official_summary_table,not specified in summary,test material,growth rate,True,True,,,,,,,,,,,,,,,,,,,,,,,,,,,,,,,,,,,,,japan_moe_96-09-3_algae_72_96h_ec50_p8_r8,Japan_MOE_official_summary,official_summary_source,MOE:8:8:algae_72_96h_ec50,25.0,False,,,official_summary_source,official_summary_not_individual_report_reviewed,https://www.env.go.jp/content/000316616.pdf,8.0,8.0
japan_moe__japan_moe_96-09-3_daphnia_48h_ec50_p8_r8,96-09-3,Styrene oxide,96-09-3,DTXSID2021286,C1OC1C1=CC=CC=C1,AWMVMTVKBNGEAK-UHFFFAOYSA-N,daphnia_48h_ec50,EC50,ITX,IMBL,Daphnia magna,Water Flea,Arthropoda,Branchiopoda,Diplostraca,Daphniidae,Daphnia,Crustaceans;Standard Test Species,48.0,FW,,,,2002.0,japan_moe_official_summary,dsstox_casrn,unclassified,1.9,mg/L,1.5813434761258755e-05,-4.800973788774478,120.15099999999995,,True,False,1,1,,,,0.0,,,,official_summary_table,not specified in summary,test material,immobilisation (Japanese table header: acute swimming inhibition),True,True,,,,,,,,,,,,,,,,,,,,,,,,,,,,,,,,,,,,,japan_moe_96-09-3_daphnia_48h_ec50_p8_r8,Japan_MOE_official_summary,official_summary_source,MOE:8:8:daphnia_48h_ec50,1.9,False,,,official_summary_source,official_summary_not_individual_report_reviewed,https://www.env.go.jp/content/000316616.pdf,8.0,8.0
japan_moe__japan_moe_96-09-3_fish_96h_lc50_p8_r8,96-09-3,Styrene oxide,96-09-3,DTXSID2021286,C1OC1C1=CC=CC=C1,AWMVMTVKBNGEAK-UHFFFAOYSA-N,fish_96h_lc50,LC50,MOR,MORT,Oryzias latipes,Japanese Medaka,Chordata,Actinopterygii,Beloniformes,Adrianichthyidae,Oryzias,Fish;Standard Test Species,96.0,FW,,,,2002.0,japan_moe_official_summary,dsstox_casrn,unclassified,8.8,mg/L,7.324117152583002e-05,-4.135244717577137,120.15099999999995,,True,False,1,1,,,,0.0,,,,official_summary_table,not specified in summary,test material,mortality,True,True,,,,,,,,,,,,,,,,,,,,,,,,,,,,,,,,,,,,,japan_moe_96-09-3_fish_96h_lc50_p8_r8,Japan_MOE_official_summary,official_summary_source,MOE:8:8:fish_96h_lc50,8.8,False,,,official_summary_source,official_summary_not_individual_report_reviewed,https://www.env.go.jp/content/000316616.pdf,8.0,8.0
japan_moe__japan_moe_96-12-8_algae_72_96h_ec50_p8_r9,96-12-8,"1,2-Dibromo-3-chloropropane",96-12-8,DTXSID3020413,ClCC(Br)CBr,WBEJYOJJBDISQU-UHFFFAOYSA-N,algae_72_96h_ec50,EC50,GRO,GGRO,Pseudokirchneriella subcapitata,Green Alga,Chlorophyta,Chlorophyceae,Sphaeropleales,Selenastraceae,Pseudokirchneriella,Algae;Standard Test Species,72.0,FW,,,,1999.0,japan_moe_official_summary,dsstox_casrn,unclassified,62.0,mg/L,0.0002623405857811,-3.5811345160536394,236.334,,True,False,1,1,,,,0.0,,,,official_summary_table,not specified in summary,test material,growth rate,True,True,,,,,,,,,,,,,,,,,,,,,,,,,,,,,,,,,,,,,japan_moe_96-12-8_algae_72_96h_ec50_p8_r9,Japan_MOE_official_summary,official_summary_source,MOE:8:9:algae_72_96h_ec50,62.0,False,,,official_summary_source,official_summary_not_individual_report_reviewed,https://www.env.go.jp/content/000316616.pdf,8.0,9.0
japan_moe__japan_moe_96-12-8_daphnia_48h_ec50_p8_r9,96-12-8,"1,2-Dibromo-3-chloropropane",96-12-8,DTXSID3020413,ClCC(Br)CBr,WBEJYOJJBDISQU-UHFFFAOYSA-N,daphnia_48h_ec50,EC50,ITX,IMBL,Daphnia magna,Water Flea,Arthropoda,Branchiopoda,Diplostraca,Daphniidae,Daphnia,Crustaceans;Standard Test Species,48.0,FW,,,,1999.0,japan_moe_official_summary,dsstox_casrn,unclassified,19.0,mg/L,8.03946956426075e-05,-4.094772604599064,236.334,,True,False,1,1,,,,0.0,,,,official_summary_table,not specified in summary,test material,immobilisation (Japanese table header: acute swimming inhibition),True,True,,,,,,,,,,,,,,,,,,,,,,,,,,,,,,,,,,,,,japan_moe_96-12-8_daphnia_48h_ec50_p8_r9,Japan_MOE_official_summary,official_summary_source,MOE:8:9:daphnia_48h_ec50,19.0,False,,,official_summary_source,official_summary_not_individual_report_reviewed,https://www.env.go.jp/content/000316616.pdf,8.0,9.0
japan_moe__japan_moe_96-12-8_fish_96h_lc50_p8_r9,96-12-8,"1,2-Dibromo-3-chloropropane",96-12-8,DTXSID3020413,ClCC(Br)CBr,WBEJYOJJBDISQU-UHFFFAOYSA-N,fish_96h_lc50,LC50,MOR,MORT,Oryzias latipes,Japanese Medaka,Chordata,Actinopterygii,Beloniformes,Adrianichthyidae,Oryzias,Fish;Standard Test Species,96.0,FW,,,,1999.0,japan_moe_official_summary,dsstox_casrn,unclassified,39.0,mg/L,0.0001650206910558,-3.7824615985253938,236.334,,True,False,1,1,,,,0.0,,,,official_summary_table,not specified in summary,test material,mortality,True,True,,,,,,,,,,,,,,,,,,,,,,,,,,,,,,,,,,,,,japan_moe_96-12-8_fish_96h_lc50_p8_r9,Japan_MOE_official_summary,official_summary_source,MOE:8:9:fish_96h_lc50,39.0,False,,,official_summary_source,official_summary_not_individual_report_reviewed,https://www.env.go.jp/content/000316616.pdf,8.0,9.0
japan_moe__japan_moe_96-23-1_algae_72_96h_ec50_p8_r10,96-23-1,"1,3-Dichloro-2-propanol",96-23-1,DTXSID6025010,OC(CCl)CCl,DEWLEGDTCGBNGU-UHFFFAOYSA-N,algae_72_96h_ec50,EC50,GRO,GGRO,Pseudokirchneriella subcapitata,Green Alga,Chlorophyta,Chlorophyceae,Sphaeropleales,Selenastraceae,Pseudokirchneriella,Algae;Standard Test Species,72.0,FW,,,,1996.0,japan_moe_official_summary,dsstox_casrn,unclassified,630.0,mg/L,0.0048842510039849,-2.311202025553422,128.986,,True,False,1,1,,,,0.0,,,,official_summary_table,not specified in summary,test material,growth rate,True,True,,,,,,,,,,,,,,,,,,,,,,,,,,,,,,,,,,,,,japan_moe_96-23-1_algae_72_96h_ec50_p8_r10,Japan_MOE_official_summary,official_summary_source,MOE:8:10:algae_72_96h_ec50,630.0,False,,,official_summary_source,official_summary_not_individual_report_reviewed,https://www.env.go.jp/content/000316616.pdf,8.0,10.0
japan_moe__japan_moe_96-23-1_daphnia_48h_ec50_p8_r10,96-23-1,"1,3-Dichloro-2-propanol",96-23-1,DTXSID6025010,OC(CCl)CCl,DEWLEGDTCGBNGU-UHFFFAOYSA-N,daphnia_48h_ec50,EC50,ITX,IMBL,Daphnia magna,Water Flea,Arthropoda,Branchiopoda,Diplostraca,Daphniidae,Daphnia,Crustaceans;Standard Test Species,48.0,FW,,,,1996.0,japan_moe_official_summary,dsstox_casrn,unclassified,730.0,mg/L,0.0056595289411253,-2.247219714886548,128.986,,True,False,1,1,,,,0.0,,,,official_summary_table,not specified in summary,test material,immobilisation (Japanese table header: acute swimming inhibition),True,True,,,,,,,,,,,,,,,,,,,,,,,,,,,,,,,,,,,,,japan_moe_96-23-1_daphnia_48h_ec50_p8_r10,Japan_MOE_official_summary,official_summary_source,MOE:8:10:daphnia_48h_ec50,730.0,False,,,official_summary_source,official_summary_not_individual_report_reviewed,https://www.env.go.jp/content/000316616.pdf,8.0,10.0
japan_moe__japan_moe_96-29-7_algae_72_96h_ec50_p8_r11,96-29-7,2-Butanone oxime,96-29-7,DTXSID1021821,CCC(C)=NO,WHIVNJATOVLWBW-UHFFFAOYSA-N,algae_72_96h_ec50,EC50,GRO,GGRO,Pseudokirchneriella subcapitata,Green Alga,Chlorophyta,Chlorophyceae,Sphaeropleales,Selenastraceae,Pseudokirchneriella,Algae;Standard Test Species,72.0,FW,,,,1997.0,japan_moe_official_summary,dsstox_casrn,unclassified,16.0,mg/L,0.0001836505130736,-3.736007854006784,87.12199999999999,,True,False,1,1,,,,0.0,,,,official_summary_table,not specified in summary,test material,growth rate,True,True,,,,,,,,,,,,,,,,,,,,,,,,,,,,,,,,,,,,,japan_moe_96-29-7_algae_72_96h_ec50_p8_r11,Japan_MOE_official_summary,official_summary_source,MOE:8:11:algae_72_96h_ec50,16.0,False,,,official_summary_source,official_summary_not_individual_report_reviewed,https://www.env.go.jp/content/000316616.pdf,8.0,11.0
japan_moe__japan_moe_96-29-7_daphnia_48h_ec50_p8_r11,96-29-7,2-Butanone oxime,96-29-7,DTXSID1021821,CCC(C)=NO,WHIVNJATOVLWBW-UHFFFAOYSA-N,daphnia_48h_ec50,EC50,ITX,IMBL,Daphnia magna,Water Flea,Arthropoda,Branchiopoda,Diplostraca,Daphniidae,Daphnia,Crustaceans;Standard Test Species,48.0,FW,,,,1997.0,japan_moe_official_summary,dsstox_casrn,unclassified,200.0,mg/L,0.0022956314134202,-2.639097840998727,87.12199999999999,,True,False,1,1,,,,0.0,,,,official_summary_table,not specified in summary,test material,immobilisation (Japanese table header: acute swimming inhibition),True,True,,,,,,,,,,,,,,,,,,,,,,,,,,,,,,,,,,,,,japan_moe_96-29-7_daphnia_48h_ec50_p8_r11,Japan_MOE_official_summary,official_summary_source,MOE:8:11:daphnia_48h_ec50,200.0,False,,,official_summary_source,official_summary_not_individual_report_reviewed,https://www.env.go.jp/content/000316616.pdf,8.0,11.0
japan_moe__japan_moe_96-33-3_algae_72_96h_ec50_p8_r12,96-33-3,Methyl acrylate,96-33-3,DTXSID0024183,COC(=O)C=C,BAPJBEWLBFYGME-UHFFFAOYSA-N,algae_72_96h_ec50,EC50,GRO,GGRO,Pseudokirchneriella subcapitata,Green Alga,Chlorophyta,Chlorophyceae,Sphaeropleales,Selenastraceae,Pseudokirchneriella,Algae;Standard Test Species,72.0,FW,,,,1999.0,japan_moe_official_summary,dsstox_casrn,unclassified,3.1,mg/L,3.6008827970728306e-05,-4.4435910139835855,86.09,,True,False,1,1,,,,0.0,,,,official_summary_table,not specified in summary,test material,growth rate,True,True,,,,,,,,,,,,,,,,,,,,,,,,,,,,,,,,,,,,,japan_moe_96-33-3_algae_72_96h_ec50_p8_r12,Japan_MOE_official_summary,official_summary_source,MOE:8:12:algae_72_96h_ec50,3.1,False,,,official_summary_source,official_summary_not_individual_report_reviewed,https://www.env.go.jp/content/000316616.pdf,8.0,12.0
japan_moe__japan_moe_96-33-3_daphnia_48h_ec50_p8_r12,96-33-3,Methyl acrylate,96-33-3,DTXSID0024183,COC(=O)C=C,BAPJBEWLBFYGME-UHFFFAOYSA-N,daphnia_48h_ec50,EC50,ITX,IMBL,Daphnia magna,Water Flea,Arthropoda,Branchiopoda,Diplostraca,Daphniidae,Daphnia,Crustaceans;Standard Test Species,48.0,FW,,,,1999.0,japan_moe_official_summary,dsstox_casrn,unclassified,2.6,mg/L,3.020095249157858e-05,-4.51997935984704,86.09,,True,False,1,1,,,,0.0,,,,official_summary_table,not specified in summary,test material,immobilisation (Japanese table header: acute swimming inhibition),True,True,,,,,,,,,,,,,,,,,,,,,,,,,,,,,,,,,,,,,japan_moe_96-33-3_daphnia_48h_ec50_p8_r12,Japan_MOE_official_summary,official_summary_source,MOE:8:12:daphnia_48h_ec50,2.6,False,,,official_summary_source,official_summary_not_individual_report_reviewed,https://www.env.go.jp/content/000316616.pdf,8.0,12.0
japan_moe__japan_moe_96-33-3_fish_96h_lc50_p8_r12,96-33-3,Methyl acrylate,96-33-3,DTXSID0024183,COC(=O)C=C,BAPJBEWLBFYGME-UHFFFAOYSA-N,fish_96h_lc50,LC50,MOR,MORT,Oryzias latipes,Japanese Medaka,Chordata,Actinopterygii,Beloniformes,Adrianichthyidae,Oryzias,Fish;Standard Test Species,96.0,FW,,,,1999.0,japan_moe_official_summary,dsstox_casrn,unclassified,1.4,mg/L,1.6262051341619234e-05,-4.78882467213962,86.09,,True,False,1,1,,,,0.0,,,,official_summary_table,not specified in summary,test material,mortality,True,True,,,,,,,,,,,,,,,,,,,,,,,,,,,,,,,,,,,,,japan_moe_96-33-3_fish_96h_lc50_p8_r12,Japan_MOE_official_summary,official_summary_source,MOE:8:12:fish_96h_lc50,1.4,False,,,official_summary_source,official_summary_not_individual_report_reviewed,https://www.env.go.jp/content/000316616.pdf,8.0,12.0
japan_moe__japan_moe_96-76-4_algae_72_96h_ec50_p8_r13,96-76-4,"2,4-Di-tert-butylphenol",96-76-4,DTXSID2026602,CC(C)(C)C1=CC(=C(O)C=C1)C(C)(C)C,ICKWICRCANNIBI-UHFFFAOYSA-N,algae_72_96h_ec50,EC50,GRO,GGRO,Pseudokirchneriella subcapitata,Green Alga,Chlorophyta,Chlorophyceae,Sphaeropleales,Selenastraceae,Pseudokirchneriella,Algae;Standard Test Species,72.0,FW,,,,2004.0,japan_moe_official_summary,dsstox_casrn,unclassified,1.0,mg/L,4.84662844292368e-06,-5.314560273318951,206.329,,True,False,1,1,,,,0.0,,,,official_summary_table,not specified in summary,test material,growth rate,True,True,,,,,,,,,,,,,,,,,,,,,,,,,,,,,,,,,,,,,japan_moe_96-76-4_algae_72_96h_ec50_p8_r13,Japan_MOE_official_summary,official_summary_source,MOE:8:13:algae_72_96h_ec50,1.0,False,,,official_summary_source,official_summary_not_individual_report_reviewed,https://www.env.go.jp/content/000316616.pdf,8.0,13.0
japan_moe__japan_moe_96-76-4_daphnia_48h_ec50_p8_r13,96-76-4,"2,4-Di-tert-butylphenol",96-76-4,DTXSID2026602,CC(C)(C)C1=CC(=C(O)C=C1)C(C)(C)C,ICKWICRCANNIBI-UHFFFAOYSA-N,daphnia_48h_ec50,EC50,ITX,IMBL,Daphnia magna,Water Flea,Arthropoda,Branchiopoda,Diplostraca,Daphniidae,Daphnia,Crustaceans;Standard Test Species,48.0,FW,,,,2004.0,japan_moe_official_summary,dsstox_casrn,unclassified,0.33,mg/L,1.5993873861648145e-06,-5.796046333441064,206.329,,True,False,1,1,,,,0.0,,,,official_summary_table,not specified in summary,test material,immobilisation (Japanese table header: acute swimming inhibition),True,True,,,,,,,,,,,,,,,,,,,,,,,,,,,,,,,,,,,,,japan_moe_96-76-4_daphnia_48h_ec50_p8_r13,Japan_MOE_official_summary,official_summary_source,MOE:8:13:daphnia_48h_ec50,0.33,False,,,official_summary_source,official_summary_not_individual_report_reviewed,https://www.env.go.jp/content/000316616.pdf,8.0,13.0
japan_moe__japan_moe_96-76-4_fish_96h_lc50_p8_r13,96-76-4,"2,4-Di-tert-butylphenol",96-76-4,DTXSID2026602,CC(C)(C)C1=CC(=C(O)C=C1)C(C)(C)C,ICKWICRCANNIBI-UHFFFAOYSA-N,fish_96h_lc50,LC50,MOR,MORT,Oryzias latipes,Japanese Medaka,Chordata,Actinopterygii,Beloniformes,Adrianichthyidae,Oryzias,Fish;Standard Test Species,96.0,FW,,,,2004.0,japan_moe_official_summary,dsstox_casrn,unclassified,0.68,mg/L,3.295707341188102e-06,-5.482051360612715,206.329,,True,False,1,1,,,,0.0,,,,official_summary_table,not specified in summary,test material,mortality,True,True,,,,,,,,,,,,,,,,,,,,,,,,,,,,,,,,,,,,,japan_moe_96-76-4_fish_96h_lc50_p8_r13,Japan_MOE_official_summary,official_summary_source,MOE:8:13:fish_96h_lc50,0.68,False,,,official_summary_source,official_summary_not_individual_report_reviewed,https://www.env.go.jp/content/000316616.pdf,8.0,13.0
japan_moe__japan_moe_96-96-8_algae_72_96h_ec50_p8_r14,96-96-8,2-Nitro-p-anisidine,96-96-8,DTXSID3044750,COC1=CC=C(N)C(=C1)[N+]([O-])=O,QFMJFXFXQAFGBO-UHFFFAOYSA-N,algae_72_96h_ec50,EC50,GRO,GGRO,Pseudokirchneriella subcapitata,Green Alga,Chlorophyta,Chlorophyceae,Sphaeropleales,Selenastraceae,Pseudokirchneriella,Algae;Standard Test Species,72.0,FW,,,,2007.0,japan_moe_official_summary,dsstox_casrn,unclassified,12.0,mg/L,7.136400399638423e-05,-4.146520791132606,168.152,,True,False,1,1,,,,0.0,,,,official_summary_table,not specified in summary,test material,growth rate,True,True,,,,,,,,,,,,,,,,,,,,,,,,,,,,,,,,,,,,,japan_moe_96-96-8_algae_72_96h_ec50_p8_r14,Japan_MOE_official_summary,official_summary_source,MOE:8:14:algae_72_96h_ec50,12.0,False,,,official_summary_source,official_summary_not_individual_report_reviewed,https://www.env.go.jp/content/000316616.pdf,8.0,14.0
japan_moe__japan_moe_96-96-8_daphnia_48h_ec50_p8_r14,96-96-8,2-Nitro-p-anisidine,96-96-8,DTXSID3044750,COC1=CC=C(N)C(=C1)[N+]([O-])=O,QFMJFXFXQAFGBO-UHFFFAOYSA-N,daphnia_48h_ec50,EC50,ITX,IMBL,Daphnia magna,Water Flea,Arthropoda,Branchiopoda,Diplostraca,Daphniidae,Daphnia,Crustaceans;Standard Test Species,48.0,FW,,,,2007.0,japan_moe_official_summary,dsstox_casrn,unclassified,4.4,mg/L,2.6166801465340885e-05,-4.582249360694044,168.152,,True,False,1,1,,,,0.0,,,,official_summary_table,not specified in summary,test material,immobilisation (Japanese table header: acute swimming inhibition),True,True,,,,,,,,,,,,,,,,,,,,,,,,,,,,,,,,,,,,,japan_moe_96-96-8_daphnia_48h_ec50_p8_r14,Japan_MOE_official_summary,official_summary_source,MOE:8:14:daphnia_48h_ec50,4.4,False,,,official_summary_source,official_summary_not_individual_report_reviewed,https://www.env.go.jp/content/000316616.pdf,8.0,14.0
japan_moe__japan_moe_96-96-8_fish_96h_lc50_p8_r14,96-96-8,2-Nitro-p-anisidine,96-96-8,DTXSID3044750,COC1=CC=C(N)C(=C1)[N+]([O-])=O,QFMJFXFXQAFGBO-UHFFFAOYSA-N,fish_96h_lc50,LC50,MOR,MORT,Oryzias latipes,Japanese Medaka,Chordata,Actinopterygii,Beloniformes,Adrianichthyidae,Oryzias,Fish;Standard Test Species,96.0,FW,,,,2007.0,japan_moe_official_summary,dsstox_casrn,unclassified,41.0,mg/L,0.0002438270136543,-3.612918180460496,168.152,,True,False,1,1,,,,0.0,,,,official_summary_table,not specified in summary,test material,mortality,True,True,,,,,,,,,,,,,,,,,,,,,,,,,,,,,,,,,,,,,japan_moe_96-96-8_fish_96h_lc50_p8_r14,Japan_MOE_official_summary,official_summary_source,MOE:8:14:fish_96h_lc50,41.0,False,,,official_summary_source,official_summary_not_individual_report_reviewed,https://www.env.go.jp/content/000316616.pdf,8.0,14.0
japan_moe__japan_moe_97-00-7_algae_72_96h_ec50_p8_r15,97-00-7,"1-Chloro-2,4-dinitrobenzene",97-00-7,DTXSID6020278,[O-][N+](=O)C1=CC(=C(Cl)C=C1)[N+]([O-])=O,VYZAHLCBVHPDDF-UHFFFAOYSA-N,algae_72_96h_ec50,EC50,GRO,GGRO,Pseudokirchneriella subcapitata,Green Alga,Chlorophyta,Chlorophyceae,Sphaeropleales,Selenastraceae,Pseudokirchneriella,Algae;Standard Test Species,72.0,FW,,,,1999.0,japan_moe_official_summary,dsstox_casrn,unclassified,0.18,mg/L,8.886563023011261e-07,-6.051266174772742,202.553,,True,False,1,1,,,,0.0,,,,official_summary_table,not specified in summary,test material,growth rate,True,True,,,,,,,,,,,,,,,,,,,,,,,,,,,,,,,,,,,,,japan_moe_97-00-7_algae_72_96h_ec50_p8_r15,Japan_MOE_official_summary,official_summary_source,MOE:8:15:algae_72_96h_ec50,0.18,False,,,official_summary_source,official_summary_not_individual_report_reviewed,https://www.env.go.jp/content/000316616.pdf,8.0,15.0
japan_moe__japan_moe_97-00-7_daphnia_48h_ec50_p8_r15,97-00-7,"1-Chloro-2,4-dinitrobenzene",97-00-7,DTXSID6020278,[O-][N+](=O)C1=CC(=C(Cl)C=C1)[N+]([O-])=O,VYZAHLCBVHPDDF-UHFFFAOYSA-N,daphnia_48h_ec50,EC50,ITX,IMBL,Daphnia magna,Water Flea,Arthropoda,Branchiopoda,Diplostraca,Daphniidae,Daphnia,Crustaceans;Standard Test Species,48.0,FW,,,,1999.0,japan_moe_official_summary,dsstox_casrn,unclassified,0.66,mg/L,3.258406441770796e-06,-5.486994744334179,202.553,,True,False,1,1,,,,0.0,,,,official_summary_table,not specified in summary,test material,immobilisation (Japanese table header: acute swimming inhibition),True,True,,,,,,,,,,,,,,,,,,,,,,,,,,,,,,,,,,,,,japan_moe_97-00-7_daphnia_48h_ec50_p8_r15,Japan_MOE_official_summary,official_summary_source,MOE:8:15:daphnia_48h_ec50,0.66,False,,,official_summary_source,official_summary_not_individual_report_reviewed,https://www.env.go.jp/content/000316616.pdf,8.0,15.0
japan_moe__japan_moe_97-00-7_fish_96h_lc50_p8_r15,97-00-7,"1-Chloro-2,4-dinitrobenzene",97-00-7,DTXSID6020278,[O-][N+](=O)C1=CC(=C(Cl)C=C1)[N+]([O-])=O,VYZAHLCBVHPDDF-UHFFFAOYSA-N,fish_96h_lc50,LC50,MOR,MORT,Oryzias latipes,Japanese Medaka,Chordata,Actinopterygii,Beloniformes,Adrianichthyidae,Oryzias,Fish;Standard Test Species,96.0,FW,,,,1999.0,japan_moe_official_summary,dsstox_casrn,unclassified,0.16,mg/L,7.899167131565566e-07,-6.102418697220124,202.553,,True,False,1,1,,,,0.0,,,,official_summary_table,not specified in summary,test material,mortality,True,True,,,,,,,,,,,,,,,,,,,,,,,,,,,,,,,,,,,,,japan_moe_97-00-7_fish_96h_lc50_p8_r15,Japan_MOE_official_summary,official_summary_source,MOE:8:15:fish_96h_lc50,0.16,False,,,official_summary_source,official_summary_not_individual_report_reviewed,https://www.env.go.jp/content/000316616.pdf,8.0,15.0
japan_moe__japan_moe_97-39-2_algae_72_96h_ec50_p8_r16,97-39-2,"N,N'-Bis(2-methylphenyl)guanidine",97-39-2,DTXSID2026606,CC1=CC=CC=C1NC(=N)NC1=C(C)C=CC=C1,OPNUROKCUBTKLF-UHFFFAOYSA-N,algae_72_96h_ec50,EC50,GRO,GGRO,Pseudokirchneriella subcapitata,Green Alga,Chlorophyta,Chlorophyceae,Sphaeropleales,Selenastraceae,Pseudokirchneriella,Algae;Standard Test Species,72.0,FW,,,,2002.0,japan_moe_official_summary,dsstox_casrn,unclassified,8.6,mg/L,3.593484928255655e-05,-4.44448417231527,239.32200000000003,,True,False,1,1,,,,0.0,,,,official_summary_table,not specified in summary,test material,growth rate,True,True,,,,,,,,,,,,,,,,,,,,,,,,,,,,,,,,,,,,,japan_moe_97-39-2_algae_72_96h_ec50_p8_r16,Japan_MOE_official_summary,official_summary_source,MOE:8:16:algae_72_96h_ec50,8.6,False,,,official_summary_source,official_summary_not_individual_report_reviewed,https://www.env.go.jp/content/000316616.pdf,8.0,16.0
japan_moe__japan_moe_97-39-2_daphnia_48h_ec50_p8_r16,97-39-2,"N,N'-Bis(2-methylphenyl)guanidine",97-39-2,DTXSID2026606,CC1=CC=CC=C1NC(=N)NC1=C(C)C=CC=C1,OPNUROKCUBTKLF-UHFFFAOYSA-N,daphnia_48h_ec50,EC50,ITX,IMBL,Daphnia magna,Water Flea,Arthropoda,Branchiopoda,Diplostraca,Daphniidae,Daphnia,Crustaceans;Standard Test Species,48.0,FW,,,,2002.0,japan_moe_official_summary,dsstox_casrn,unclassified,7.2,mg/L,3.0084990097024087e-05,-4.521650127127569,239.32200000000003,,True,False,1,1,,,,0.0,,,,official_summary_table,not specified in summary,test material,immobilisation (Japanese table header: acute swimming inhibition),True,True,,,,,,,,,,,,,,,,,,,,,,,,,,,,,,,,,,,,,japan_moe_97-39-2_daphnia_48h_ec50_p8_r16,Japan_MOE_official_summary,official_summary_source,MOE:8:16:daphnia_48h_ec50,7.2,False,,,official_summary_source,official_summary_not_individual_report_reviewed,https://www.env.go.jp/content/000316616.pdf,8.0,16.0
japan_moe__japan_moe_97-39-2_fish_96h_lc50_p8_r16,97-39-2,"N,N'-Bis(2-methylphenyl)guanidine",97-39-2,DTXSID2026606,CC1=CC=CC=C1NC(=N)NC1=C(C)C=CC=C1,OPNUROKCUBTKLF-UHFFFAOYSA-N,fish_96h_lc50,LC50,MOR,MORT,Oryzias latipes,Japanese Medaka,Chordata,Actinopterygii,Beloniformes,Adrianichthyidae,Oryzias,Fish;Standard Test Species,96.0,FW,,,,2002.0,japan_moe_official_summary,dsstox_casrn,unclassified,19.0,mg/L,7.939094608936912e-05,-4.100229022606008,239.32200000000003,,True,False,1,1,,,,0.0,,,,official_summary_table,not specified in summary,test material,mortality,True,True,,,,,,,,,,,,,,,,,,,,,,,,,,,,,,,,,,,,,japan_moe_97-39-2_fish_96h_lc50_p8_r16,Japan_MOE_official_summary,official_summary_source,MOE:8:16:fish_96h_lc50,19.0,False,,,official_summary_source,official_summary_not_individual_report_reviewed,https://www.env.go.jp/content/000316616.pdf,8.0,16.0
japan_moe__japan_moe_97-88-1_algae_72_96h_ec50_p8_r17,97-88-1,n-Butyl methacrylate,97-88-1,DTXSID4024696,CCCCOC(=O)C(C)=C,SOGAXMICEFXMKE-UHFFFAOYSA-N,algae_72_96h_ec50,EC50,GRO,GGRO,Pseudokirchneriella subcapitata,Green Alga,Chlorophyta,Chlorophyceae,Sphaeropleales,Selenastraceae,Pseudokirchneriella,Algae;Standard Test Species,72.0,FW,,,,1997.0,japan_moe_official_summary,dsstox_casrn,unclassified,23.0,mg/L,0.0001617462974162,-3.7911656521126376,142.19799999999995,,True,False,1,1,,,,0.0,,,,official_summary_table,not specified in summary,test material,growth rate,True,True,,,,,,,,,,,,,,,,,,,,,,,,,,,,,,,,,,,,,japan_moe_97-88-1_algae_72_96h_ec50_p8_r17,Japan_MOE_official_summary,official_summary_source,MOE:8:17:algae_72_96h_ec50,23.0,False,,,official_summary_source,official_summary_not_individual_report_reviewed,https://www.env.go.jp/content/000316616.pdf,8.0,17.0
japan_moe__japan_moe_97-88-1_daphnia_48h_ec50_p8_r17,97-88-1,n-Butyl methacrylate,97-88-1,DTXSID4024696,CCCCOC(=O)C(C)=C,SOGAXMICEFXMKE-UHFFFAOYSA-N,daphnia_48h_ec50,EC50,ITX,IMBL,Daphnia magna,Water Flea,Arthropoda,Branchiopoda,Diplostraca,Daphniidae,Daphnia,Crustaceans;Standard Test Species,48.0,FW,,,,1997.0,japan_moe_official_summary,dsstox_casrn,unclassified,25.0,mg/L,0.0001758111928437,-3.754953479458193,142.19799999999995,,True,False,1,1,,,,0.0,,,,official_summary_table,not specified in summary,test material,immobilisation (Japanese table header: acute swimming inhibition),True,True,,,,,,,,,,,,,,,,,,,,,,,,,,,,,,,,,,,,,japan_moe_97-88-1_daphnia_48h_ec50_p8_r17,Japan_MOE_official_summary,official_summary_source,MOE:8:17:daphnia_48h_ec50,25.0,False,,,official_summary_source,official_summary_not_individual_report_reviewed,https://www.env.go.jp/content/000316616.pdf,8.0,17.0
japan_moe__japan_moe_97-88-1_fish_96h_lc50_p8_r17,97-88-1,n-Butyl methacrylate,97-88-1,DTXSID4024696,CCCCOC(=O)C(C)=C,SOGAXMICEFXMKE-UHFFFAOYSA-N,fish_96h_lc50,LC50,MOR,MORT,Oryzias latipes,Japanese Medaka,Chordata,Actinopterygii,Beloniformes,Adrianichthyidae,Oryzias,Fish;Standard Test Species,96.0,FW,,,,1997.0,japan_moe_official_summary,dsstox_casrn,unclassified,5.6,mg/L,3.938170719700701e-05,-4.40470546112403,142.19799999999995,,True,False,1,1,,,,0.0,,,,official_summary_table,not specified in summary,test material,mortality,True,True,,,,,,,,,,,,,,,,,,,,,,,,,,,,,,,,,,,,,japan_moe_97-88-1_fish_96h_lc50_p8_r17,Japan_MOE_official_summary,official_summary_source,MOE:8:17:fish_96h_lc50,5.6,False,,,official_summary_source,official_summary_not_individual_report_reviewed,https://www.env.go.jp/content/000316616.pdf,8.0,17.0
japan_moe__japan_moe_98-05-5_daphnia_48h_ec50_p8_r20,98-05-5,Phenylarsonic acid,98-05-5,DTXSID6059158,O[As](O)(=O)C1=CC=CC=C1,LVKZSFMYNWRPJX-UHFFFAOYSA-N,daphnia_48h_ec50,EC50,ITX,IMBL,Daphnia magna,Water Flea,Arthropoda,Branchiopoda,Diplostraca,Daphniidae,Daphnia,Crustaceans;Standard Test Species,48.0,FW,,,,2004.0,japan_moe_official_summary,dsstox_casrn,unclassified,74.0,mg/L,0.0003662622932969,-3.4362077896510463,202.04100000000005,,True,False,1,1,,,,0.0,,,,official_summary_table,not specified in summary,test material,immobilisation (Japanese table header: acute swimming inhibition),True,True,,,,,,,,,,,,,,,,,,,,,,,,,,,,,,,,,,,,,japan_moe_98-05-5_daphnia_48h_ec50_p8_r20,Japan_MOE_official_summary,official_summary_source,MOE:8:20:daphnia_48h_ec50,74.0,False,,,official_summary_source,official_summary_not_individual_report_reviewed,https://www.env.go.jp/content/000316616.pdf,8.0,20.0
japan_moe__japan_moe_98-08-8_algae_72_96h_ec50_p8_r21,98-08-8,Benzotrifluoride <(Trifluoromethyl)benzene>,98-08-8,DTXSID2024589,FC(F)(F)C1=CC=CC=C1,GETTZEONDQJALK-UHFFFAOYSA-N,algae_72_96h_ec50,EC50,GRO,GGRO,Pseudokirchneriella subcapitata,Green Alga,Chlorophyta,Chlorophyceae,Sphaeropleales,Selenastraceae,Pseudokirchneriella,Algae;Standard Test Species,72.0,FW,,,,2004.0,japan_moe_official_summary,dsstox_casrn,unclassified,5.4,mg/L,3.695820301004032e-05,-4.432289153301395,146.111,,True,False,1,1,,,,0.0,,,,official_summary_table,not specified in summary,test material,growth rate,True,True,,,,,,,,,,,,,,,,,,,,,,,,,,,,,,,,,,,,,japan_moe_98-08-8_algae_72_96h_ec50_p8_r21,Japan_MOE_official_summary,official_summary_source,MOE:8:21:algae_72_96h_ec50,5.4,False,,,official_summary_source,official_summary_not_individual_report_reviewed,https://www.env.go.jp/content/000316616.pdf,8.0,21.0
japan_moe__japan_moe_98-08-8_daphnia_48h_ec50_p8_r21,98-08-8,Benzotrifluoride <(Trifluoromethyl)benzene>,98-08-8,DTXSID2024589,FC(F)(F)C1=CC=CC=C1,GETTZEONDQJALK-UHFFFAOYSA-N,daphnia_48h_ec50,EC50,ITX,IMBL,Daphnia magna,Water Flea,Arthropoda,Branchiopoda,Diplostraca,Daphniidae,Daphnia,Crustaceans;Standard Test Species,48.0,FW,,,,2004.0,japan_moe_official_summary,dsstox_casrn,unclassified,3.1,mg/L,2.121674617243055e-05,-4.67332121929009,146.111,,True,False,1,1,,,,0.0,,,,official_summary_table,not specified in summary,test material,immobilisation (Japanese table header: acute swimming inhibition),True,True,,,,,,,,,,,,,,,,,,,,,,,,,,,,,,,,,,,,,japan_moe_98-08-8_daphnia_48h_ec50_p8_r21,Japan_MOE_official_summary,official_summary_source,MOE:8:21:daphnia_48h_ec50,3.1,False,,,official_summary_source,official_summary_not_individual_report_reviewed,https://www.env.go.jp/content/000316616.pdf,8.0,21.0
japan_moe__japan_moe_98-08-8_fish_96h_lc50_p8_r21,98-08-8,Benzotrifluoride <(Trifluoromethyl)benzene>,98-08-8,DTXSID2024589,FC(F)(F)C1=CC=CC=C1,GETTZEONDQJALK-UHFFFAOYSA-N,fish_96h_lc50,LC50,MOR,MORT,Oryzias latipes,Japanese Medaka,Chordata,Actinopterygii,Beloniformes,Adrianichthyidae,Oryzias,Fish;Standard Test Species,96.0,FW,,,,2004.0,japan_moe_official_summary,dsstox_casrn,unclassified,19.0,mg/L,0.0001300381217019,-3.885929312171534,146.111,,True,False,1,1,,,,0.0,,,,official_summary_table,not specified in summary,test material,mortality,True,True,,,,,,,,,,,,,,,,,,,,,,,,,,,,,,,,,,,,,japan_moe_98-08-8_fish_96h_lc50_p8_r21,Japan_MOE_official_summary,official_summary_source,MOE:8:21:fish_96h_lc50,19.0,False,,,official_summary_source,official_summary_not_individual_report_reviewed,https://www.env.go.jp/content/000316616.pdf,8.0,21.0
japan_moe__japan_moe_98-51-1_algae_72_96h_ec50_p8_r22,98-51-1,4-tert-Butyltoluene,98-51-1,DTXSID1024704,CC1=CC=C(C=C1)C(C)(C)C,QCWXDVFBZVHKLV-UHFFFAOYSA-N,algae_72_96h_ec50,EC50,GRO,GGRO,Pseudokirchneriella subcapitata,Green Alga,Chlorophyta,Chlorophyceae,Sphaeropleales,Selenastraceae,Pseudokirchneriella,Algae;Standard Test Species,72.0,FW,,,,1999.0,japan_moe_official_summary,dsstox_casrn,unclassified,4.4,mg/L,2.967979547922752e-05,-4.5275390960664925,148.249,,True,False,1,1,,,,0.0,,,,official_summary_table,not specified in summary,test material,growth rate,True,True,,,,,,,,,,,,,,,,,,,,,,,,,,,,,,,,,,,,,japan_moe_98-51-1_algae_72_96h_ec50_p8_r22,Japan_MOE_official_summary,official_summary_source,MOE:8:22:algae_72_96h_ec50,4.4,False,,,official_summary_source,official_summary_not_individual_report_reviewed,https://www.env.go.jp/content/000316616.pdf,8.0,22.0
japan_moe__japan_moe_98-51-1_daphnia_48h_ec50_p8_r22,98-51-1,4-tert-Butyltoluene,98-51-1,DTXSID1024704,CC1=CC=C(C=C1)C(C)(C)C,QCWXDVFBZVHKLV-UHFFFAOYSA-N,daphnia_48h_ec50,EC50,ITX,IMBL,Daphnia magna,Water Flea,Arthropoda,Branchiopoda,Diplostraca,Daphniidae,Daphnia,Crustaceans;Standard Test Species,48.0,FW,,,,1999.0,japan_moe_official_summary,dsstox_casrn,unclassified,1.5,mg/L,1.01181120951912e-05,-4.994900513496999,148.249,,True,False,1,1,,,,0.0,,,,official_summary_table,not specified in summary,test material,immobilisation (Japanese table header: acute swimming inhibition),True,True,,,,,,,,,,,,,,,,,,,,,,,,,,,,,,,,,,,,,japan_moe_98-51-1_daphnia_48h_ec50_p8_r22,Japan_MOE_official_summary,official_summary_source,MOE:8:22:daphnia_48h_ec50,1.5,False,,,official_summary_source,official_summary_not_individual_report_reviewed,https://www.env.go.jp/content/000316616.pdf,8.0,22.0
japan_moe__japan_moe_98-51-1_fish_96h_lc50_p8_r22,98-51-1,4-tert-Butyltoluene,98-51-1,DTXSID1024704,CC1=CC=C(C=C1)C(C)(C)C,QCWXDVFBZVHKLV-UHFFFAOYSA-N,fish_96h_lc50,LC50,MOR,MORT,Oryzias latipes,Japanese Medaka,Chordata,Actinopterygii,Beloniformes,Adrianichthyidae,Oryzias,Fish;Standard Test Species,96.0,FW,,,,1999.0,japan_moe_official_summary,dsstox_casrn,unclassified,1.7,mg/L,1.1467193707883356e-05,-4.940542851174406,148.249,,True,False,1,1,,,,0.0,,,,official_summary_table,not specified in summary,test material,mortality,True,True,,,,,,,,,,,,,,,,,,,,,,,,,,,,,,,,,,,,,japan_moe_98-51-1_fish_96h_lc50_p8_r22,Japan_MOE_official_summary,official_summary_source,MOE:8:22:fish_96h_lc50,1.7,False,,,official_summary_source,official_summary_not_individual_report_reviewed,https://www.env.go.jp/content/000316616.pdf,8.0,22.0
japan_moe__japan_moe_98-57-7_algae_72_96h_ec50_p9_r1,98-57-7,1-Chloro-4-(methylsulphonyl)benzene,98-57-7,DTXSID3023974,CS(=O)(=O)C1=CC=C(Cl)C=C1,LMCOQDVJBWVNNI-UHFFFAOYSA-N,algae_72_96h_ec50,EC50,GRO,GGRO,Pseudokirchneriella subcapitata,Green Alga,Chlorophyta,Chlorophyceae,Sphaeropleales,Selenastraceae,Pseudokirchneriella,Algae;Standard Test Species,72.0,FW,,,,2023.0,japan_moe_official_summary,dsstox_casrn,unclassified,150.0,mg/L,0.0007867779345505,-3.1041478285154187,190.651,,True,False,1,1,,,,0.0,,,,official_summary_table,not specified in summary,test material,growth rate,True,True,,,,,,,,,,,,,,,,,,,,,,,,,,,,,,,,,,,,,japan_moe_98-57-7_algae_72_96h_ec50_p9_r1,Japan_MOE_official_summary,official_summary_source,MOE:9:1:algae_72_96h_ec50,150.0,False,,,official_summary_source,official_summary_not_individual_report_reviewed,https://www.env.go.jp/content/000316616.pdf,9.0,1.0
japan_moe__japan_moe_98-57-7_daphnia_48h_ec50_p9_r1,98-57-7,1-Chloro-4-(methylsulphonyl)benzene,98-57-7,DTXSID3023974,CS(=O)(=O)C1=CC=C(Cl)C=C1,LMCOQDVJBWVNNI-UHFFFAOYSA-N,daphnia_48h_ec50,EC50,ITX,IMBL,Daphnia magna,Water Flea,Arthropoda,Branchiopoda,Diplostraca,Daphniidae,Daphnia,Crustaceans;Standard Test Species,48.0,FW,,,,2023.0,japan_moe_official_summary,dsstox_casrn,unclassified,98.0,mg/L,0.000514028250573,-3.289013011878605,190.651,,True,False,1,1,,,,0.0,,,,official_summary_table,not specified in summary,test material,immobilisation (Japanese table header: acute swimming inhibition),True,True,,,,,,,,,,,,,,,,,,,,,,,,,,,,,,,,,,,,,japan_moe_98-57-7_daphnia_48h_ec50_p9_r1,Japan_MOE_official_summary,official_summary_source,MOE:9:1:daphnia_48h_ec50,98.0,False,,,official_summary_source,official_summary_not_individual_report_reviewed,https://www.env.go.jp/content/000316616.pdf,9.0,1.0
japan_moe__japan_moe_98-57-7_fish_96h_lc50_p9_r1,98-57-7,1-Chloro-4-(methylsulphonyl)benzene,98-57-7,DTXSID3023974,CS(=O)(=O)C1=CC=C(Cl)C=C1,LMCOQDVJBWVNNI-UHFFFAOYSA-N,fish_96h_lc50,LC50,MOR,MORT,Oryzias latipes,Japanese Medaka,Chordata,Actinopterygii,Beloniformes,Adrianichthyidae,Oryzias,Fish;Standard Test Species,96.0,FW,,,,2023.0,japan_moe_official_summary,dsstox_casrn,unclassified,200.0,mg/L,0.0010490372460674,-2.979209091907119,190.651,,True,False,1,1,,,,0.0,,,,official_summary_table,not specified in summary,test material,mortality,True,True,,,,,,,,,,,,,,,,,,,,,,,,,,,,,,,,,,,,,japan_moe_98-57-7_fish_96h_lc50_p9_r1,Japan_MOE_official_summary,official_summary_source,MOE:9:1:fish_96h_lc50,200.0,False,,,official_summary_source,official_summary_not_individual_report_reviewed,https://www.env.go.jp/content/000316616.pdf,9.0,1.0
japan_moe__japan_moe_98-59-9_algae_72_96h_ec50_p9_r2,98-59-9,4-Toluenesulfonyl chloride <p-Toluene sulfonyl chloride>,98-59-9,DTXSID1052660,CC1=CC=C(C=C1)S(Cl)(=O)=O,YYROPELSRYBVMQ-UHFFFAOYSA-N,algae_72_96h_ec50,EC50,GRO,GGRO,Pseudokirchneriella subcapitata,Green Alga,Chlorophyta,Chlorophyceae,Sphaeropleales,Selenastraceae,Pseudokirchneriella,Algae;Standard Test Species,72.0,FW,,,,2002.0,japan_moe_official_summary,dsstox_casrn,unclassified,57.0,mg/L,0.0002989756151292,-3.5243642318986086,190.651,,True,False,1,1,,,,0.0,,,,official_summary_table,not specified in summary,test material,growth rate,True,True,,,,,,,,,,,,,,,,,,,,,,,,,,,,,,,,,,,,,japan_moe_98-59-9_algae_72_96h_ec50_p9_r2,Japan_MOE_official_summary,official_summary_source,MOE:9:2:algae_72_96h_ec50,57.0,False,,,official_summary_source,official_summary_not_individual_report_reviewed,https://www.env.go.jp/content/000316616.pdf,9.0,2.0
japan_moe__japan_moe_98-59-9_daphnia_48h_ec50_p9_r2,98-59-9,4-Toluenesulfonyl chloride <p-Toluene sulfonyl chloride>,98-59-9,DTXSID1052660,CC1=CC=C(C=C1)S(Cl)(=O)=O,YYROPELSRYBVMQ-UHFFFAOYSA-N,daphnia_48h_ec50,EC50,ITX,IMBL,Daphnia magna,Water Flea,Arthropoda,Branchiopoda,Diplostraca,Daphniidae,Daphnia,Crustaceans;Standard Test Species,48.0,FW,,,,2002.0,japan_moe_official_summary,dsstox_casrn,unclassified,72.0,mg/L,0.0003776534085842,-3.4229065911398315,190.651,,True,False,1,1,,,,0.0,,,,official_summary_table,not specified in summary,test material,immobilisation (Japanese table header: acute swimming inhibition),True,True,,,,,,,,,,,,,,,,,,,,,,,,,,,,,,,,,,,,,japan_moe_98-59-9_daphnia_48h_ec50_p9_r2,Japan_MOE_official_summary,official_summary_source,MOE:9:2:daphnia_48h_ec50,72.0,False,,,official_summary_source,official_summary_not_individual_report_reviewed,https://www.env.go.jp/content/000316616.pdf,9.0,2.0
japan_moe__japan_moe_98-59-9_fish_96h_lc50_p9_r2,98-59-9,4-Toluenesulfonyl chloride <p-Toluene sulfonyl chloride>,98-59-9,DTXSID1052660,CC1=CC=C(C=C1)S(Cl)(=O)=O,YYROPELSRYBVMQ-UHFFFAOYSA-N,fish_96h_lc50,LC50,MOR,MORT,Oryzias latipes,Japanese Medaka,Chordata,Actinopterygii,Beloniformes,Adrianichthyidae,Oryzias,Fish;Standard Test Species,96.0,FW,,,,2002.0,japan_moe_official_summary,dsstox_casrn,unclassified,77.0,mg/L,0.0004038793397359,-3.393748362398618,190.651,,True,False,1,1,,,,0.0,,,,official_summary_table,not specified in summary,test material,mortality,True,True,,,,,,,,,,,,,,,,,,,,,,,,,,,,,,,,,,,,,japan_moe_98-59-9_fish_96h_lc50_p9_r2,Japan_MOE_official_summary,official_summary_source,MOE:9:2:fish_96h_lc50,77.0,False,,,official_summary_source,official_summary_not_individual_report_reviewed,https://www.env.go.jp/content/000316616.pdf,9.0,2.0
japan_moe__japan_moe_98-81-7_daphnia_48h_ec50_p9_r3,98-81-7,alpha-Bromostyrene,98-81-7,DTXSID70243366,BrC(=C)C1=CC=CC=C1,SRXJYTZCORKVNA-UHFFFAOYSA-N,daphnia_48h_ec50,EC50,ITX,IMBL,Daphnia magna,Water Flea,Arthropoda,Branchiopoda,Diplostraca,Daphniidae,Daphnia,Crustaceans;Standard Test Species,48.0,FW,,,,2005.0,japan_moe_official_summary,dsstox_casrn,unclassified,0.33,mg/L,1.8028058214238885e-06,-5.744051048222433,183.04800000000003,,True,False,1,1,,,,0.0,,,,official_summary_table,not specified in summary,test material,immobilisation (Japanese table header: acute swimming inhibition),True,True,,,,,,,,,,,,,,,,,,,,,,,,,,,,,,,,,,,,,japan_moe_98-81-7_daphnia_48h_ec50_p9_r3,Japan_MOE_official_summary,official_summary_source,MOE:9:3:daphnia_48h_ec50,0.33,False,,,official_summary_source,official_summary_not_individual_report_reviewed,https://www.env.go.jp/content/000316616.pdf,9.0,3.0
japan_moe__japan_moe_98-81-7_fish_96h_lc50_p9_r3,98-81-7,alpha-Bromostyrene,98-81-7,DTXSID70243366,BrC(=C)C1=CC=CC=C1,SRXJYTZCORKVNA-UHFFFAOYSA-N,fish_96h_lc50,LC50,MOR,MORT,Oryzias latipes,Japanese Medaka,Chordata,Actinopterygii,Beloniformes,Adrianichthyidae,Oryzias,Fish;Standard Test Species,96.0,FW,,,,2005.0,japan_moe_official_summary,dsstox_casrn,unclassified,0.15,mg/L,8.194571915563129e-07,-6.086473729044639,183.04800000000003,,True,False,1,1,,,,0.0,,,,official_summary_table,not specified in summary,test material,mortality,True,True,,,,,,,,,,,,,,,,,,,,,,,,,,,,,,,,,,,,,japan_moe_98-81-7_fish_96h_lc50_p9_r3,Japan_MOE_official_summary,official_summary_source,MOE:9:3:fish_96h_lc50,0.15,False,,,official_summary_source,official_summary_not_individual_report_reviewed,https://www.env.go.jp/content/000316616.pdf,9.0,3.0
japan_moe__japan_moe_98-83-9_algae_72_96h_ec50_p9_r4,98-83-9,2-Phenylpropene,98-83-9,DTXSID9025661,CC(=C)C1=CC=CC=C1,XYLMUPLGERFSHI-UHFFFAOYSA-N,algae_72_96h_ec50,EC50,GRO,GGRO,Pseudokirchneriella subcapitata,Green Alga,Chlorophyta,Chlorophyceae,Sphaeropleales,Selenastraceae,Pseudokirchneriella,Algae;Standard Test Species,72.0,FW,,,,1996.0,japan_moe_official_summary,dsstox_casrn,unclassified,4.8,mg/L,4.061635315919073e-05,-4.391299073396514,118.17899999999996,,True,False,1,1,,,,0.0,,,,official_summary_table,not specified in summary,test material,growth rate,True,True,,,,,,,,,,,,,,,,,,,,,,,,,,,,,,,,,,,,,japan_moe_98-83-9_algae_72_96h_ec50_p9_r4,Japan_MOE_official_summary,official_summary_source,MOE:9:4:algae_72_96h_ec50,4.8,False,,,official_summary_source,official_summary_not_individual_report_reviewed,https://www.env.go.jp/content/000316616.pdf,9.0,4.0
japan_moe__japan_moe_98-83-9_daphnia_48h_ec50_p9_r4,98-83-9,2-Phenylpropene,98-83-9,DTXSID9025661,CC(=C)C1=CC=CC=C1,XYLMUPLGERFSHI-UHFFFAOYSA-N,daphnia_48h_ec50,EC50,ITX,IMBL,Daphnia magna,Water Flea,Arthropoda,Branchiopoda,Diplostraca,Daphniidae,Daphnia,Crustaceans;Standard Test Species,48.0,FW,,,,1996.0,japan_moe_official_summary,dsstox_casrn,unclassified,2.6,mg/L,2.200052462789498e-05,-4.657566962801283,118.17899999999996,,True,False,1,1,,,,0.0,,,,official_summary_table,not specified in summary,test material,immobilisation (Japanese table header: acute swimming inhibition),True,True,,,,,,,,,,,,,,,,,,,,,,,,,,,,,,,,,,,,,japan_moe_98-83-9_daphnia_48h_ec50_p9_r4,Japan_MOE_official_summary,official_summary_source,MOE:9:4:daphnia_48h_ec50,2.6,False,,,official_summary_source,official_summary_not_individual_report_reviewed,https://www.env.go.jp/content/000316616.pdf,9.0,4.0
japan_moe__japan_moe_98-83-9_fish_96h_lc50_p9_r4,98-83-9,2-Phenylpropene,98-83-9,DTXSID9025661,CC(=C)C1=CC=CC=C1,XYLMUPLGERFSHI-UHFFFAOYSA-N,fish_96h_lc50,LC50,MOR,MORT,Oryzias latipes,Japanese Medaka,Chordata,Actinopterygii,Beloniformes,Adrianichthyidae,Oryzias,Fish;Standard Test Species,96.0,FW,,,,1996.0,japan_moe_official_summary,dsstox_casrn,unclassified,7.3,mg/L,6.177070376293591e-05,-4.2092174506516455,118.17899999999996,,True,False,1,1,,,,0.0,,,,official_summary_table,not specified in summary,test material,mortality,True,True,,,,,,,,,,,,,,,,,,,,,,,,,,,,,,,,,,,,,japan_moe_98-83-9_fish_96h_lc50_p9_r4,Japan_MOE_official_summary,official_summary_source,MOE:9:4:fish_96h_lc50,7.3,False,,,official_summary_source,official_summary_not_individual_report_reviewed,https://www.env.go.jp/content/000316616.pdf,9.0,4.0
japan_moe__japan_moe_98-87-3_algae_72_96h_ec50_p9_r5,98-87-3,"alpha,alpha-Dichlorotoluene",98-87-3,DTXSID6025014,ClC(Cl)C1=CC=CC=C1,CAHQGWAXKLQREW-UHFFFAOYSA-N,algae_72_96h_ec50,EC50,GRO,GGRO,Pseudokirchneriella subcapitata,Green Alga,Chlorophyta,Chlorophyceae,Sphaeropleales,Selenastraceae,Pseudokirchneriella,Algae;Standard Test Species,72.0,FW,,,,2000.0,japan_moe_official_summary,dsstox_casrn,unclassified,27.0,mg/L,0.0001676695791493,-3.775545725742214,161.031,,True,False,1,1,,,,0.0,,,,official_summary_table,not specified in summary,test material,growth rate,True,True,,,,,,,,,,,,,,,,,,,,,,,,,,,,,,,,,,,,,japan_moe_98-87-3_algae_72_96h_ec50_p9_r5,Japan_MOE_official_summary,official_summary_source,MOE:9:5:algae_72_96h_ec50,27.0,False,,,official_summary_source,official_summary_not_individual_report_reviewed,https://www.env.go.jp/content/000316616.pdf,9.0,5.0
japan_moe__japan_moe_98-87-3_daphnia_48h_ec50_p9_r5,98-87-3,"alpha,alpha-Dichlorotoluene",98-87-3,DTXSID6025014,ClC(Cl)C1=CC=CC=C1,CAHQGWAXKLQREW-UHFFFAOYSA-N,daphnia_48h_ec50,EC50,ITX,IMBL,Daphnia magna,Water Flea,Arthropoda,Branchiopoda,Diplostraca,Daphniidae,Daphnia,Crustaceans;Standard Test Species,48.0,FW,,,,2000.0,japan_moe_official_summary,dsstox_casrn,unclassified,22.0,mg/L,0.0001366196570846,-3.864486809078995,161.031,,True,False,1,1,,,,0.0,,,,official_summary_table,not specified in summary,test material,immobilisation (Japanese table header: acute swimming inhibition),True,True,,,,,,,,,,,,,,,,,,,,,,,,,,,,,,,,,,,,,japan_moe_98-87-3_daphnia_48h_ec50_p9_r5,Japan_MOE_official_summary,official_summary_source,MOE:9:5:daphnia_48h_ec50,22.0,False,,,official_summary_source,official_summary_not_individual_report_reviewed,https://www.env.go.jp/content/000316616.pdf,9.0,5.0
japan_moe__japan_moe_98-87-3_fish_96h_lc50_p9_r5,98-87-3,"alpha,alpha-Dichlorotoluene",98-87-3,DTXSID6025014,ClC(Cl)C1=CC=CC=C1,CAHQGWAXKLQREW-UHFFFAOYSA-N,fish_96h_lc50,LC50,MOR,MORT,Oryzias latipes,Japanese Medaka,Chordata,Actinopterygii,Beloniformes,Adrianichthyidae,Oryzias,Fish;Standard Test Species,96.0,FW,,,,2000.0,japan_moe_official_summary,dsstox_casrn,unclassified,23.0,mg/L,0.0001428296414975,-3.845181653883608,161.031,,True,False,1,1,,,,0.0,,,,official_summary_table,not specified in summary,test material,mortality,True,True,,,,,,,,,,,,,,,,,,,,,,,,,,,,,,,,,,,,,japan_moe_98-87-3_fish_96h_lc50_p9_r5,Japan_MOE_official_summary,official_summary_source,MOE:9:5:fish_96h_lc50,23.0,False,,,official_summary_source,official_summary_not_individual_report_reviewed,https://www.env.go.jp/content/000316616.pdf,9.0,5.0
japan_moe__japan_moe_99-04-7_algae_72_96h_ec50_p9_r6,99-04-7,m-Toluic acid,99-04-7,DTXSID1021617,CC1=CC=CC(=C1)C(O)=O,GPSDUZXPYCFOSQ-UHFFFAOYSA-N,algae_72_96h_ec50,EC50,GRO,GGRO,Pseudokirchneriella subcapitata,Green Alga,Chlorophyta,Chlorophyceae,Sphaeropleales,Selenastraceae,Pseudokirchneriella,Algae;Standard Test Species,72.0,FW,,,,1998.0,japan_moe_official_summary,dsstox_casrn,unclassified,17.0,mg/L,0.0001248622842453,-3.903568724297709,136.14999999999998,,True,False,1,1,,,,0.0,,,,official_summary_table,not specified in summary,test material,growth rate,True,True,,,,,,,,,,,,,,,,,,,,,,,,,,,,,,,,,,,,,japan_moe_99-04-7_algae_72_96h_ec50_p9_r6,Japan_MOE_official_summary,official_summary_source,MOE:9:6:algae_72_96h_ec50,17.0,False,,,official_summary_source,official_summary_not_individual_report_reviewed,https://www.env.go.jp/content/000316616.pdf,9.0,6.0
japan_moe__japan_moe_99-04-7_daphnia_48h_ec50_p9_r6,99-04-7,m-Toluic acid,99-04-7,DTXSID1021617,CC1=CC=CC(=C1)C(O)=O,GPSDUZXPYCFOSQ-UHFFFAOYSA-N,daphnia_48h_ec50,EC50,ITX,IMBL,Daphnia magna,Water Flea,Arthropoda,Branchiopoda,Diplostraca,Daphniidae,Daphnia,Crustaceans;Standard Test Species,48.0,FW,,,,1998.0,japan_moe_official_summary,dsstox_casrn,unclassified,75.0,mg/L,0.0005508630187293,-3.2589563822842837,136.14999999999998,,True,False,1,1,,,,0.0,,,,official_summary_table,not specified in summary,test material,immobilisation (Japanese table header: acute swimming inhibition),True,True,,,,,,,,,,,,,,,,,,,,,,,,,,,,,,,,,,,,,japan_moe_99-04-7_daphnia_48h_ec50_p9_r6,Japan_MOE_official_summary,official_summary_source,MOE:9:6:daphnia_48h_ec50,75.0,False,,,official_summary_source,official_summary_not_individual_report_reviewed,https://www.env.go.jp/content/000316616.pdf,9.0,6.0
japan_moe__japan_moe_99-04-7_fish_96h_lc50_p9_r6,99-04-7,m-Toluic acid,99-04-7,DTXSID1021617,CC1=CC=CC(=C1)C(O)=O,GPSDUZXPYCFOSQ-UHFFFAOYSA-N,fish_96h_lc50,LC50,MOR,MORT,Oryzias latipes,Japanese Medaka,Chordata,Actinopterygii,Beloniformes,Adrianichthyidae,Oryzias,Fish;Standard Test Species,96.0,FW,,,,1998.0,japan_moe_official_summary,dsstox_casrn,unclassified,82.0,mg/L,0.0006022769004774,-3.2202037932922667,136.14999999999998,,True,False,1,1,,,,0.0,,,,official_summary_table,not specified in summary,test material,mortality,True,True,,,,,,,,,,,,,,,,,,,,,,,,,,,,,,,,,,,,,japan_moe_99-04-7_fish_96h_lc50_p9_r6,Japan_MOE_official_summary,official_summary_source,MOE:9:6:fish_96h_lc50,82.0,False,,,official_summary_source,official_summary_not_individual_report_reviewed,https://www.env.go.jp/content/000316616.pdf,9.0,6.0
japan_moe__japan_moe_99-09-2_algae_72_96h_ec50_p9_r7,99-09-2,"Benzenamine, 3-nitro- <m-Nitroaniline>",99-09-2,DTXSID6025725,NC1=CC(=CC=C1)[N+]([O-])=O,XJCVRTZCHMZPBD-UHFFFAOYSA-N,algae_72_96h_ec50,EC50,GRO,GGRO,Pseudokirchneriella subcapitata,Green Alga,Chlorophyta,Chlorophyceae,Sphaeropleales,Selenastraceae,Pseudokirchneriella,Algae;Standard Test Species,72.0,FW,,,,2003.0,japan_moe_official_summary,dsstox_casrn,unclassified,43.0,mg/L,0.0003113099633667,-3.506806979651661,138.12599999999998,,True,False,1,1,,,,0.0,,,,official_summary_table,not specified in summary,test material,growth rate,True,True,,,,,,,,,,,,,,,,,,,,,,,,,,,,,,,,,,,,,japan_moe_99-09-2_algae_72_96h_ec50_p9_r7,Japan_MOE_official_summary,official_summary_source,MOE:9:7:algae_72_96h_ec50,43.0,False,,,official_summary_source,official_summary_not_individual_report_reviewed,https://www.env.go.jp/content/000316616.pdf,9.0,7.0
japan_moe__japan_moe_99-09-2_daphnia_48h_ec50_p9_r7,99-09-2,"Benzenamine, 3-nitro- <m-Nitroaniline>",99-09-2,DTXSID6025725,NC1=CC(=CC=C1)[N+]([O-])=O,XJCVRTZCHMZPBD-UHFFFAOYSA-N,daphnia_48h_ec50,EC50,ITX,IMBL,Daphnia magna,Water Flea,Arthropoda,Branchiopoda,Diplostraca,Daphniidae,Daphnia,Crustaceans;Standard Test Species,48.0,FW,,,,2003.0,japan_moe_official_summary,dsstox_casrn,unclassified,9.1,mg/L,6.58818759683188e-05,-4.181234042910154,138.12599999999998,,True,False,1,1,,,,0.0,,,,official_summary_table,not specified in summary,test material,immobilisation (Japanese table header: acute swimming inhibition),True,True,,,,,,,,,,,,,,,,,,,,,,,,,,,,,,,,,,,,,japan_moe_99-09-2_daphnia_48h_ec50_p9_r7,Japan_MOE_official_summary,official_summary_source,MOE:9:7:daphnia_48h_ec50,9.1,False,,,official_summary_source,official_summary_not_individual_report_reviewed,https://www.env.go.jp/content/000316616.pdf,9.0,7.0
japan_moe__japan_moe_99-09-2_fish_96h_lc50_p9_r7,99-09-2,"Benzenamine, 3-nitro- <m-Nitroaniline>",99-09-2,DTXSID6025725,NC1=CC(=CC=C1)[N+]([O-])=O,XJCVRTZCHMZPBD-UHFFFAOYSA-N,fish_96h_lc50,LC50,MOR,MORT,Oryzias latipes,Japanese Medaka,Chordata,Actinopterygii,Beloniformes,Adrianichthyidae,Oryzias,Fish;Standard Test Species,96.0,FW,,,,2003.0,japan_moe_official_summary,dsstox_casrn,unclassified,90.0,mg/L,0.0006515789930932,-3.186032925791923,138.12599999999998,,True,False,1,1,,,,0.0,,,,official_summary_table,not specified in summary,test material,mortality,True,True,,,,,,,,,,,,,,,,,,,,,,,,,,,,,,,,,,,,,japan_moe_99-09-2_fish_96h_lc50_p9_r7,Japan_MOE_official_summary,official_summary_source,MOE:9:7:fish_96h_lc50,90.0,False,,,official_summary_source,official_summary_not_individual_report_reviewed,https://www.env.go.jp/content/000316616.pdf,9.0,7.0
japan_moe__japan_moe_99-54-7_algae_72_96h_ec50_p9_r8,99-54-7,"3,4-Dichloronitrobenzene",99-54-7,DTXSID8024999,[O-][N+](=O)C1=CC=C(Cl)C(Cl)=C1,NTBYINQTYWZXLH-UHFFFAOYSA-N,algae_72_96h_ec50,EC50,GRO,GGRO,Pseudokirchneriella subcapitata,Green Alga,Chlorophyta,Chlorophyceae,Sphaeropleales,Selenastraceae,Pseudokirchneriella,Algae;Standard Test Species,72.0,FW,,,,2004.0,japan_moe_official_summary,dsstox_casrn,unclassified,2.5,mg/L,1.3020765516846269e-05,-4.885363481976048,192.001,,True,False,1,1,,,,0.0,,,,official_summary_table,not specified in summary,test material,growth rate,True,True,,,,,,,,,,,,,,,,,,,,,,,,,,,,,,,,,,,,,japan_moe_99-54-7_algae_72_96h_ec50_p9_r8,Japan_MOE_official_summary,official_summary_source,MOE:9:8:algae_72_96h_ec50,2.5,False,,,official_summary_source,official_summary_not_individual_report_reviewed,https://www.env.go.jp/content/000316616.pdf,9.0,8.0
japan_moe__japan_moe_99-54-7_daphnia_48h_ec50_p9_r8,99-54-7,"3,4-Dichloronitrobenzene",99-54-7,DTXSID8024999,[O-][N+](=O)C1=CC=C(Cl)C(Cl)=C1,NTBYINQTYWZXLH-UHFFFAOYSA-N,daphnia_48h_ec50,EC50,ITX,IMBL,Daphnia magna,Water Flea,Arthropoda,Branchiopoda,Diplostraca,Daphniidae,Daphnia,Crustaceans;Standard Test Species,48.0,FW,,,,2004.0,japan_moe_official_summary,dsstox_casrn,unclassified,5.2,mg/L,2.708319227504023e-05,-4.567300147013286,192.001,,True,False,1,1,,,,0.0,,,,official_summary_table,not specified in summary,test material,immobilisation (Japanese table header: acute swimming inhibition),True,True,,,,,,,,,,,,,,,,,,,,,,,,,,,,,,,,,,,,,japan_moe_99-54-7_daphnia_48h_ec50_p9_r8,Japan_MOE_official_summary,official_summary_source,MOE:9:8:daphnia_48h_ec50,5.2,False,,,official_summary_source,official_summary_not_individual_report_reviewed,https://www.env.go.jp/content/000316616.pdf,9.0,8.0
japan_moe__japan_moe_99-54-7_fish_96h_lc50_p9_r8,99-54-7,"3,4-Dichloronitrobenzene",99-54-7,DTXSID8024999,[O-][N+](=O)C1=CC=C(Cl)C(Cl)=C1,NTBYINQTYWZXLH-UHFFFAOYSA-N,fish_96h_lc50,LC50,MOR,MORT,Oryzias latipes,Japanese Medaka,Chordata,Actinopterygii,Beloniformes,Adrianichthyidae,Oryzias,Fish;Standard Test Species,96.0,FW,,,,2004.0,japan_moe_official_summary,dsstox_casrn,unclassified,4.7,mg/L,2.447903917167098e-05,-4.611205632712368,192.001,,True,False,1,1,,,,0.0,,,,official_summary_table,not specified in summary,test material,mortality,True,True,,,,,,,,,,,,,,,,,,,,,,,,,,,,,,,,,,,,,japan_moe_99-54-7_fish_96h_lc50_p9_r8,Japan_MOE_official_summary,official_summary_source,MOE:9:8:fish_96h_lc50,4.7,False,,,official_summary_source,official_summary_not_individual_report_reviewed,https://www.env.go.jp/content/000316616.pdf,9.0,8.0
japan_moe__japan_moe_99-65-0_algae_72_96h_ec50_p9_r10,99-65-0,m-Dinitrobenzene,99-65-0,DTXSID9024065,[O-][N+](=O)C1=CC(=CC=C1)[N+]([O-])=O,WDCYWAQPCXBPJA-UHFFFAOYSA-N,algae_72_96h_ec50,EC50,GRO,GGRO,Pseudokirchneriella subcapitata,Green Alga,Chlorophyta,Chlorophyceae,Sphaeropleales,Selenastraceae,Pseudokirchneriella,Algae;Standard Test Species,72.0,FW,,,,2012.0,japan_moe_official_summary,dsstox_casrn,unclassified,0.39,mg/L,2.319937183239347e-06,-5.634523774308179,168.10799999999995,,True,False,1,1,,,,0.0,,,,official_summary_table,not specified in summary,test material,growth rate,True,True,,,,,,,,,,,,,,,,,,,,,,,,,,,,,,,,,,,,,japan_moe_99-65-0_algae_72_96h_ec50_p9_r10,Japan_MOE_official_summary,official_summary_source,MOE:9:10:algae_72_96h_ec50,0.39,False,,,official_summary_source,official_summary_not_individual_report_reviewed,https://www.env.go.jp/content/000316616.pdf,9.0,10.0
japan_moe__japan_moe_99-65-0_daphnia_48h_ec50_p9_r9,99-65-0,m-Dinitrobenzene,99-65-0,DTXSID9024065,[O-][N+](=O)C1=CC(=CC=C1)[N+]([O-])=O,WDCYWAQPCXBPJA-UHFFFAOYSA-N,daphnia_48h_ec50,EC50,ITX,IMBL,Daphnia magna,Water Flea,Arthropoda,Branchiopoda,Diplostraca,Daphniidae,Daphnia,Crustaceans;Standard Test Species,48.0,FW,,,,2005.0,japan_moe_official_summary,dsstox_casrn,unclassified,35.0,mg/L,0.0002081994908035,-3.681520336984402,168.10799999999995,,True,False,1,1,,,,0.0,,,,official_summary_table,not specified in summary,test material,immobilisation (Japanese table header: acute swimming inhibition),True,True,,,,,,,,,,,,,,,,,,,,,,,,,,,,,,,,,,,,,japan_moe_99-65-0_daphnia_48h_ec50_p9_r9,Japan_MOE_official_summary,official_summary_source,MOE:9:9:daphnia_48h_ec50,35.0,False,,,official_summary_source,official_summary_not_individual_report_reviewed,https://www.env.go.jp/content/000316616.pdf,9.0,9.0
japan_moe__japan_moe_99-65-0_fish_96h_lc50_p9_r9,99-65-0,m-Dinitrobenzene,99-65-0,DTXSID9024065,[O-][N+](=O)C1=CC(=CC=C1)[N+]([O-])=O,WDCYWAQPCXBPJA-UHFFFAOYSA-N,fish_96h_lc50,LC50,MOR,MORT,Oryzias latipes,Japanese Medaka,Chordata,Actinopterygii,Beloniformes,Adrianichthyidae,Oryzias,Fish;Standard Test Species,96.0,FW,,,,2005.0,japan_moe_official_summary,dsstox_casrn,unclassified,12.0,mg/L,7.138268256121068e-05,-4.146407135287053,168.10799999999995,,True,False,1,1,,,,0.0,,,,official_summary_table,not specified in summary,test material,mortality,True,True,,,,,,,,,,,,,,,,,,,,,,,,,,,,,,,,,,,,,japan_moe_99-65-0_fish_96h_lc50_p9_r9,Japan_MOE_official_summary,official_summary_source,MOE:9:9:fish_96h_lc50,12.0,False,,,official_summary_source,official_summary_not_individual_report_reviewed,https://www.env.go.jp/content/000316616.pdf,9.0,9.0
japan_moe__japan_moe_99-71-8_algae_72_96h_ec50_p9_r11,99-71-8,p-sec-Butylphenol,99-71-8,DTXSID7022332,CCC(C)C1=CC=C(O)C=C1,ZUTYZAFDFLLILI-UHFFFAOYSA-N,algae_72_96h_ec50,EC50,GRO,GGRO,Pseudokirchneriella subcapitata,Green Alga,Chlorophyta,Chlorophyceae,Sphaeropleales,Selenastraceae,Pseudokirchneriella,Algae;Standard Test Species,72.0,FW,,,,2004.0,japan_moe_official_summary,dsstox_casrn,unclassified,7.5,mg/L,4.99264417092151e-05,-4.3016693852991965,150.22099999999998,,True,False,1,1,,,,0.0,,,,official_summary_table,not specified in summary,test material,growth rate,True,True,,,,,,,,,,,,,,,,,,,,,,,,,,,,,,,,,,,,,japan_moe_99-71-8_algae_72_96h_ec50_p9_r11,Japan_MOE_official_summary,official_summary_source,MOE:9:11:algae_72_96h_ec50,7.5,False,,,official_summary_source,official_summary_not_individual_report_reviewed,https://www.env.go.jp/content/000316616.pdf,9.0,11.0
japan_moe__japan_moe_99-71-8_daphnia_48h_ec50_p9_r11,99-71-8,p-sec-Butylphenol,99-71-8,DTXSID7022332,CCC(C)C1=CC=C(O)C=C1,ZUTYZAFDFLLILI-UHFFFAOYSA-N,daphnia_48h_ec50,EC50,ITX,IMBL,Daphnia magna,Water Flea,Arthropoda,Branchiopoda,Diplostraca,Daphniidae,Daphnia,Crustaceans;Standard Test Species,48.0,FW,,,,2004.0,japan_moe_official_summary,dsstox_casrn,unclassified,3.1,mg/L,2.063626257314224e-05,-4.685368954856624,150.22099999999998,,True,False,1,1,,,,0.0,,,,official_summary_table,not specified in summary,test material,immobilisation (Japanese table header: acute swimming inhibition),True,True,,,,,,,,,,,,,,,,,,,,,,,,,,,,,,,,,,,,,japan_moe_99-71-8_daphnia_48h_ec50_p9_r11,Japan_MOE_official_summary,official_summary_source,MOE:9:11:daphnia_48h_ec50,3.1,False,,,official_summary_source,official_summary_not_individual_report_reviewed,https://www.env.go.jp/content/000316616.pdf,9.0,11.0
japan_moe__japan_moe_99-71-8_fish_96h_lc50_p9_r11,99-71-8,p-sec-Butylphenol,99-71-8,DTXSID7022332,CCC(C)C1=CC=C(O)C=C1,ZUTYZAFDFLLILI-UHFFFAOYSA-N,fish_96h_lc50,LC50,MOR,MORT,Oryzias latipes,Japanese Medaka,Chordata,Actinopterygii,Beloniformes,Adrianichthyidae,Oryzias,Fish;Standard Test Species,96.0,FW,,,,2004.0,japan_moe_official_summary,dsstox_casrn,unclassified,2.6,mg/L,1.7307833125861233e-05,-4.761757300720078,150.22099999999998,,True,False,1,1,,,,0.0,,,,official_summary_table,not specified in summary,test material,mortality,True,True,,,,,,,,,,,,,,,,,,,,,,,,,,,,,,,,,,,,,japan_moe_99-71-8_fish_96h_lc50_p9_r11,Japan_MOE_official_summary,official_summary_source,MOE:9:11:fish_96h_lc50,2.6,False,,,official_summary_source,official_summary_not_individual_report_reviewed,https://www.env.go.jp/content/000316616.pdf,9.0,11.0
japan_moe__japan_moe_99-76-3_algae_72_96h_ec50_p9_r12,99-76-3,Methyl p-hydroxybenzoate,99-76-3,DTXSID4022529,COC(=O)C1=CC=C(O)C=C1,LXCFILQKKLGQFO-UHFFFAOYSA-N,algae_72_96h_ec50,EC50,GRO,GGRO,Pseudokirchneriella subcapitata,Green Alga,Chlorophyta,Chlorophyceae,Sphaeropleales,Selenastraceae,Pseudokirchneriella,Algae;Standard Test Species,72.0,FW,,,,1999.0,japan_moe_official_summary,dsstox_casrn,unclassified,56.0,mg/L,0.000368060256722,-3.4340810752948925,152.149,,True,False,1,1,,,,0.0,,,,official_summary_table,not specified in summary,test material,growth rate,True,True,,,,,,,,,,,,,,,,,,,,,,,,,,,,,,,,,,,,,japan_moe_99-76-3_algae_72_96h_ec50_p9_r12,Japan_MOE_official_summary,official_summary_source,MOE:9:12:algae_72_96h_ec50,56.0,False,,,official_summary_source,official_summary_not_individual_report_reviewed,https://www.env.go.jp/content/000316616.pdf,9.0,12.0
japan_moe__japan_moe_99-76-3_daphnia_48h_ec50_p9_r12,99-76-3,Methyl p-hydroxybenzoate,99-76-3,DTXSID4022529,COC(=O)C1=CC=C(O)C=C1,LXCFILQKKLGQFO-UHFFFAOYSA-N,daphnia_48h_ec50,EC50,ITX,IMBL,Daphnia magna,Water Flea,Arthropoda,Branchiopoda,Diplostraca,Daphniidae,Daphnia,Crustaceans;Standard Test Species,48.0,FW,,,,1999.0,japan_moe_official_summary,dsstox_casrn,unclassified,36.0,mg/L,0.0002366101650355,-3.6259666015338055,152.149,,True,False,1,1,,,,0.0,,,,official_summary_table,not specified in summary,test material,immobilisation (Japanese table header: acute swimming inhibition),True,True,,,,,,,,,,,,,,,,,,,,,,,,,,,,,,,,,,,,,japan_moe_99-76-3_daphnia_48h_ec50_p9_r12,Japan_MOE_official_summary,official_summary_source,MOE:9:12:daphnia_48h_ec50,36.0,False,,,official_summary_source,official_summary_not_individual_report_reviewed,https://www.env.go.jp/content/000316616.pdf,9.0,12.0
japan_moe__japan_moe_99-76-3_fish_96h_lc50_p9_r12,99-76-3,Methyl p-hydroxybenzoate,99-76-3,DTXSID4022529,COC(=O)C1=CC=C(O)C=C1,LXCFILQKKLGQFO-UHFFFAOYSA-N,fish_96h_lc50,LC50,MOR,MORT,Oryzias latipes,Japanese Medaka,Chordata,Actinopterygii,Beloniformes,Adrianichthyidae,Oryzias,Fish;Standard Test Species,96.0,FW,,,,1999.0,japan_moe_official_summary,dsstox_casrn,unclassified,60.0,mg/L,0.0003943502750593,-3.4041178519174493,152.149,,True,False,1,1,,,,0.0,,,,official_summary_table,not specified in summary,test material,mortality,True,True,,,,,,,,,,,,,,,,,,,,,,,,,,,,,,,,,,,,,japan_moe_99-76-3_fish_96h_lc50_p9_r12,Japan_MOE_official_summary,official_summary_source,MOE:9:12:fish_96h_lc50,60.0,False,,,official_summary_source,official_summary_not_individual_report_reviewed,https://www.env.go.jp/content/000316616.pdf,9.0,12.0
japan_moe__japan_moe_99-82-1_daphnia_48h_ec50_p9_r13,99-82-1,p-Menthane,99-82-1,DTXSID9025530,CC(C)C1CCC(C)CC1,CFJYNSNXFXLKNS-UHFFFAOYSA-N,daphnia_48h_ec50,EC50,ITX,IMBL,Daphnia magna,Water Flea,Arthropoda,Branchiopoda,Diplostraca,Daphniidae,Daphnia,Crustaceans;Standard Test Species,48.0,FW,,,,1998.0,japan_moe_official_summary,dsstox_casrn,unclassified,0.12,mg/L,8.554929778284737e-07,-6.0677835509421225,140.26999999999998,,True,False,1,1,,,,0.0,,,,official_summary_table,not specified in summary,test material,immobilisation (Japanese table header: acute swimming inhibition),True,True,,,,,,,,,,,,,,,,,,,,,,,,,,,,,,,,,,,,,japan_moe_99-82-1_daphnia_48h_ec50_p9_r13,Japan_MOE_official_summary,official_summary_source,MOE:9:13:daphnia_48h_ec50,0.12,False,,,official_summary_source,official_summary_not_individual_report_reviewed,https://www.env.go.jp/content/000316616.pdf,9.0,13.0
japan_moe__japan_moe_99-82-1_fish_96h_lc50_p9_r13,99-82-1,p-Menthane,99-82-1,DTXSID9025530,CC(C)C1CCC(C)CC1,CFJYNSNXFXLKNS-UHFFFAOYSA-N,fish_96h_lc50,LC50,MOR,MORT,Oryzias latipes,Japanese Medaka,Chordata,Actinopterygii,Beloniformes,Adrianichthyidae,Oryzias,Fish;Standard Test Species,96.0,FW,,,,1998.0,japan_moe_official_summary,dsstox_casrn,unclassified,0.19,mg/L,1.3545305482284168e-06,-5.868211196036919,140.26999999999998,,True,False,1,1,,,,0.0,,,,official_summary_table,not specified in summary,test material,mortality,True,True,,,,,,,,,,,,,,,,,,,,,,,,,,,,,,,,,,,,,japan_moe_99-82-1_fish_96h_lc50_p9_r13,Japan_MOE_official_summary,official_summary_source,MOE:9:13:fish_96h_lc50,0.19,False,,,official_summary_source,official_summary_not_individual_report_reviewed,https://www.env.go.jp/content/000316616.pdf,9.0,13.0
japan_moe__japan_moe_99-87-6_algae_72_96h_ec50_p9_r14,99-87-6,p-Cymene,99-87-6,DTXSID3026645,CC(C)C1=CC=C(C)C=C1,HFPZCAJZSCWRBC-UHFFFAOYSA-N,algae_72_96h_ec50,EC50,GRO,GGRO,Pseudokirchneriella subcapitata,Green Alga,Chlorophyta,Chlorophyceae,Sphaeropleales,Selenastraceae,Pseudokirchneriella,Algae;Standard Test Species,72.0,FW,,,,1998.0,japan_moe_official_summary,dsstox_casrn,unclassified,5.8,mg/L,4.321199207283456e-05,-4.364395712251657,134.22199999999998,,True,False,1,1,,,,0.0,,,,official_summary_table,not specified in summary,test material,growth rate,True,True,,,,,,,,,,,,,,,,,,,,,,,,,,,,,,,,,,,,,japan_moe_99-87-6_algae_72_96h_ec50_p9_r14,Japan_MOE_official_summary,official_summary_source,MOE:9:14:algae_72_96h_ec50,5.8,False,,,official_summary_source,official_summary_not_individual_report_reviewed,https://www.env.go.jp/content/000316616.pdf,9.0,14.0
japan_moe__japan_moe_99-87-6_daphnia_48h_ec50_p9_r14,99-87-6,p-Cymene,99-87-6,DTXSID3026645,CC(C)C1=CC=C(C)C=C1,HFPZCAJZSCWRBC-UHFFFAOYSA-N,daphnia_48h_ec50,EC50,ITX,IMBL,Daphnia magna,Water Flea,Arthropoda,Branchiopoda,Diplostraca,Daphniidae,Daphnia,Crustaceans;Standard Test Species,48.0,FW,,,,1998.0,japan_moe_official_summary,dsstox_casrn,unclassified,1.9,mg/L,1.4155652575583736e-05,-4.849070104861765,134.22199999999998,,True,False,1,1,,,,0.0,,,,official_summary_table,not specified in summary,test material,immobilisation (Japanese table header: acute swimming inhibition),True,True,,,,,,,,,,,,,,,,,,,,,,,,,,,,,,,,,,,,,japan_moe_99-87-6_daphnia_48h_ec50_p9_r14,Japan_MOE_official_summary,official_summary_source,MOE:9:14:daphnia_48h_ec50,1.9,False,,,official_summary_source,official_summary_not_individual_report_reviewed,https://www.env.go.jp/content/000316616.pdf,9.0,14.0
japan_moe__japan_moe_99-87-6_fish_96h_lc50_p9_r14,99-87-6,p-Cymene,99-87-6,DTXSID3026645,CC(C)C1=CC=C(C)C=C1,HFPZCAJZSCWRBC-UHFFFAOYSA-N,fish_96h_lc50,LC50,MOR,MORT,Oryzias latipes,Japanese Medaka,Chordata,Actinopterygii,Beloniformes,Adrianichthyidae,Oryzias,Fish;Standard Test Species,96.0,FW,,,,1998.0,japan_moe_official_summary,dsstox_casrn,unclassified,2.0,mg/L,1.4900686921667092e-05,-4.826793710150612,134.22199999999998,,True,False,1,1,,,,0.0,,,,official_summary_table,not specified in summary,test material,mortality,True,True,,,,,,,,,,,,,,,,,,,,,,,,,,,,,,,,,,,,,japan_moe_99-87-6_fish_96h_lc50_p9_r14,Japan_MOE_official_summary,official_summary_source,MOE:9:14:fish_96h_lc50,2.0,False,,,official_summary_source,official_summary_not_individual_report_reviewed,https://www.env.go.jp/content/000316616.pdf,9.0,14.0
japan_moe__japan_moe_99-88-7_algae_72_96h_ec50_p9_r15,99-88-7,4-Isopropylaniline,99-88-7,DTXSID20243932,CC(C)C1=CC=C(N)C=C1,LRTFPLFDLJYEKT-UHFFFAOYSA-N,algae_72_96h_ec50,EC50,GRO,GGRO,Pseudokirchneriella subcapitata,Green Alga,Chlorophyta,Chlorophyceae,Sphaeropleales,Selenastraceae,Pseudokirchneriella,Algae;Standard Test Species,72.0,FW,,,,1998.0,japan_moe_official_summary,dsstox_casrn,unclassified,18.0,mg/L,0.0001331262480585,-3.8757363076873337,135.20999999999998,,True,False,1,1,,,,0.0,,,,official_summary_table,not specified in summary,test material,growth rate,True,True,,,,,,,,,,,,,,,,,,,,,,,,,,,,,,,,,,,,,japan_moe_99-88-7_algae_72_96h_ec50_p9_r15,Japan_MOE_official_summary,official_summary_source,MOE:9:15:algae_72_96h_ec50,18.0,False,,,official_summary_source,official_summary_not_individual_report_reviewed,https://www.env.go.jp/content/000316616.pdf,9.0,15.0
japan_moe__japan_moe_99-88-7_daphnia_48h_ec50_p9_r15,99-88-7,4-Isopropylaniline,99-88-7,DTXSID20243932,CC(C)C1=CC=C(N)C=C1,LRTFPLFDLJYEKT-UHFFFAOYSA-N,daphnia_48h_ec50,EC50,ITX,IMBL,Daphnia magna,Water Flea,Arthropoda,Branchiopoda,Diplostraca,Daphniidae,Daphnia,Crustaceans;Standard Test Species,48.0,FW,,,,1998.0,japan_moe_official_summary,dsstox_casrn,unclassified,1.5,mg/L,1.1093854004881298e-05,-4.954917553734958,135.20999999999998,,True,False,1,1,,,,0.0,,,,official_summary_table,not specified in summary,test material,immobilisation (Japanese table header: acute swimming inhibition),True,True,,,,,,,,,,,,,,,,,,,,,,,,,,,,,,,,,,,,,japan_moe_99-88-7_daphnia_48h_ec50_p9_r15,Japan_MOE_official_summary,official_summary_source,MOE:9:15:daphnia_48h_ec50,1.5,False,,,official_summary_source,official_summary_not_individual_report_reviewed,https://www.env.go.jp/content/000316616.pdf,9.0,15.0
japan_moe__japan_moe_99-88-7_fish_96h_lc50_p9_r15,99-88-7,4-Isopropylaniline,99-88-7,DTXSID20243932,CC(C)C1=CC=C(N)C=C1,LRTFPLFDLJYEKT-UHFFFAOYSA-N,fish_96h_lc50,LC50,MOR,MORT,Oryzias latipes,Japanese Medaka,Chordata,Actinopterygii,Beloniformes,Adrianichthyidae,Oryzias,Fish;Standard Test Species,96.0,FW,,,,1998.0,japan_moe_official_summary,dsstox_casrn,unclassified,46.0,mg/L,0.0003402115228163,-3.468250981109066,135.20999999999998,,True,False,1,1,,,,0.0,,,,official_summary_table,not specified in summary,test material,mortality,True,True,,,,,,,,,,,,,,,,,,,,,,,,,,,,,,,,,,,,,japan_moe_99-88-7_fish_96h_lc50_p9_r15,Japan_MOE_official_summary,official_summary_source,MOE:9:15:fish_96h_lc50,46.0,False,,,official_summary_source,official_summary_not_individual_report_reviewed,https://www.env.go.jp/content/000316616.pdf,9.0,15.0
japan_moe__japan_moe_99-94-5_algae_72_96h_ec50_p9_r16,99-94-5,4-Methylbenzoic acid,99-94-5,DTXSID6021618,CC1=CC=C(C=C1)C(O)=O,LPNBBFKOUUSUDB-UHFFFAOYSA-N,algae_72_96h_ec50,EC50,GRO,GGRO,Pseudokirchneriella subcapitata,Green Alga,Chlorophyta,Chlorophyceae,Sphaeropleales,Selenastraceae,Pseudokirchneriella,Algae;Standard Test Species,72.0,FW,,,,2002.0,japan_moe_official_summary,dsstox_casrn,unclassified,74.0,mg/L,0.0005435181784796,-3.264785925945007,136.14999999999998,,True,False,1,1,,,,0.0,,,,official_summary_table,not specified in summary,test material,growth rate,True,True,,,,,,,,,,,,,,,,,,,,,,,,,,,,,,,,,,,,,japan_moe_99-94-5_algae_72_96h_ec50_p9_r16,Japan_MOE_official_summary,official_summary_source,MOE:9:16:algae_72_96h_ec50,74.0,False,,,official_summary_source,official_summary_not_individual_report_reviewed,https://www.env.go.jp/content/000316616.pdf,9.0,16.0
japan_moe__japan_moe_99-94-5_daphnia_48h_ec50_p9_r16,99-94-5,4-Methylbenzoic acid,99-94-5,DTXSID6021618,CC1=CC=C(C=C1)C(O)=O,LPNBBFKOUUSUDB-UHFFFAOYSA-N,daphnia_48h_ec50,EC50,ITX,IMBL,Daphnia magna,Water Flea,Arthropoda,Branchiopoda,Diplostraca,Daphniidae,Daphnia,Crustaceans;Standard Test Species,48.0,FW,,,,2002.0,japan_moe_official_summary,dsstox_casrn,unclassified,42.0,mg/L,0.0003084832904884,-3.5107683552780826,136.14999999999998,,True,False,1,1,,,,0.0,,,,official_summary_table,not specified in summary,test material,immobilisation (Japanese table header: acute swimming inhibition),True,True,,,,,,,,,,,,,,,,,,,,,,,,,,,,,,,,,,,,,japan_moe_99-94-5_daphnia_48h_ec50_p9_r16,Japan_MOE_official_summary,official_summary_source,MOE:9:16:daphnia_48h_ec50,42.0,False,,,official_summary_source,official_summary_not_individual_report_reviewed,https://www.env.go.jp/content/000316616.pdf,9.0,16.0
japan_moe__japan_moe_99-94-5_fish_96h_lc50_p9_r16,99-94-5,4-Methylbenzoic acid,99-94-5,DTXSID6021618,CC1=CC=C(C=C1)C(O)=O,LPNBBFKOUUSUDB-UHFFFAOYSA-N,fish_96h_lc50,LC50,MOR,MORT,Oryzias latipes,Japanese Medaka,Chordata,Actinopterygii,Beloniformes,Adrianichthyidae,Oryzias,Fish;Standard Test Species,96.0,FW,,,,2002.0,japan_moe_official_summary,dsstox_casrn,unclassified,64.0,mg/L,0.0004700697759823,-3.3278376716920963,136.14999999999998,,True,False,1,1,,,,0.0,,,,official_summary_table,not specified in summary,test material,mortality,True,True,,,,,,,,,,,,,,,,,,,,,,,,,,,,,,,,,,,,,japan_moe_99-94-5_fish_96h_lc50_p9_r16,Japan_MOE_official_summary,official_summary_source,MOE:9:16:fish_96h_lc50,64.0,False,,,official_summary_source,official_summary_not_individual_report_reviewed,https://www.env.go.jp/content/000316616.pdf,9.0,16.0
japan_moe__japan_moe_99-96-7_algae_72_96h_ec50_p9_r17,99-96-7,4-Hydroxybenzoic acid,99-96-7,DTXSID3026647,OC(=O)C1=CC=C(O)C=C1,FJKROLUGYXJWQN-UHFFFAOYSA-N,algae_72_96h_ec50,EC50,GRO,GGRO,Pseudokirchneriella subcapitata,Green Alga,Chlorophyta,Chlorophyceae,Sphaeropleales,Selenastraceae,Pseudokirchneriella,Algae;Standard Test Species,72.0,FW,,,,1996.0,japan_moe_official_summary,dsstox_casrn,unclassified,110.0,mg/L,0.0007963973878165,-3.0988701731281925,138.122,,True,False,1,1,,,,0.0,,,,official_summary_table,not specified in summary,test material,growth rate,True,True,,,,,,,,,,,,,,,,,,,,,,,,,,,,,,,,,,,,,japan_moe_99-96-7_algae_72_96h_ec50_p9_r17,Japan_MOE_official_summary,official_summary_source,MOE:9:17:algae_72_96h_ec50,110.0,False,,,official_summary_source,official_summary_not_individual_report_reviewed,https://www.env.go.jp/content/000316616.pdf,9.0,17.0
japan_moe__japan_moe_99-96-7_daphnia_48h_ec50_p9_r17,99-96-7,4-Hydroxybenzoic acid,99-96-7,DTXSID3026647,OC(=O)C1=CC=C(O)C=C1,FJKROLUGYXJWQN-UHFFFAOYSA-N,daphnia_48h_ec50,EC50,ITX,IMBL,Daphnia magna,Water Flea,Arthropoda,Branchiopoda,Diplostraca,Daphniidae,Daphnia,Crustaceans;Standard Test Species,48.0,FW,,,,1996.0,japan_moe_official_summary,dsstox_casrn,unclassified,140.0,mg/L,0.0010135966754029,-2.99413482260818,138.122,,True,False,1,1,,,,0.0,,,,official_summary_table,not specified in summary,test material,immobilisation (Japanese table header: acute swimming inhibition),True,True,,,,,,,,,,,,,,,,,,,,,,,,,,,,,,,,,,,,,japan_moe_99-96-7_daphnia_48h_ec50_p9_r17,Japan_MOE_official_summary,official_summary_source,MOE:9:17:daphnia_48h_ec50,140.0,False,,,official_summary_source,official_summary_not_individual_report_reviewed,https://www.env.go.jp/content/000316616.pdf,9.0,17.0
japan_moe__japan_moe_99-96-7_fish_96h_lc50_p9_r17,99-96-7,4-Hydroxybenzoic acid,99-96-7,DTXSID3026647,OC(=O)C1=CC=C(O)C=C1,FJKROLUGYXJWQN-UHFFFAOYSA-N,fish_96h_lc50,LC50,MOR,MORT,Oryzias latipes,Japanese Medaka,Chordata,Actinopterygii,Beloniformes,Adrianichthyidae,Oryzias,Fish;Standard Test Species,96.0,FW,,,,1996.0,japan_moe_official_summary,dsstox_casrn,unclassified,93.0,mg/L,0.0006733177915176,-3.1717799097324826,138.122,,True,False,1,1,,,,0.0,,,,official_summary_table,not specified in summary,test material,mortality,True,True,,,,,,,,,,,,,,,,,,,,,,,,,,,,,,,,,,,,,japan_moe_99-96-7_fish_96h_lc50_p9_r17,Japan_MOE_official_summary,official_summary_source,MOE:9:17:fish_96h_lc50,93.0,False,,,official_summary_source,official_summary_not_individual_report_reviewed,https://www.env.go.jp/content/000316616.pdf,9.0,17.0
japan_moe__japan_moe_99-99-0_algae_72_96h_ec50_p9_r18,99-99-0,p-Nitrotoluene,99-99-0,DTXSID5023792,CC1=CC=C(C=C1)[N+]([O-])=O,ZPTVNYMJQHSSEA-UHFFFAOYSA-N,algae_72_96h_ec50,EC50,GRO,GGRO,Pseudokirchneriella subcapitata,Green Alga,Chlorophyta,Chlorophyceae,Sphaeropleales,Selenastraceae,Pseudokirchneriella,Algae;Standard Test Species,72.0,FW,,,,1998.0,japan_moe_official_summary,dsstox_casrn,unclassified,10.0,mg/L,7.291924922341e-05,-4.137157811490028,137.138,,True,False,1,1,,,,0.0,,,,official_summary_table,not specified in summary,test material,growth rate,True,True,,,,,,,,,,,,,,,,,,,,,,,,,,,,,,,,,,,,,japan_moe_99-99-0_algae_72_96h_ec50_p9_r18,Japan_MOE_official_summary,official_summary_source,MOE:9:18:algae_72_96h_ec50,10.0,False,,,official_summary_source,official_summary_not_individual_report_reviewed,https://www.env.go.jp/content/000316616.pdf,9.0,18.0
japan_moe__japan_moe_99-99-0_daphnia_48h_ec50_p9_r18,99-99-0,p-Nitrotoluene,99-99-0,DTXSID5023792,CC1=CC=C(C=C1)[N+]([O-])=O,ZPTVNYMJQHSSEA-UHFFFAOYSA-N,daphnia_48h_ec50,EC50,ITX,IMBL,Daphnia magna,Water Flea,Arthropoda,Branchiopoda,Diplostraca,Daphniidae,Daphnia,Crustaceans;Standard Test Species,48.0,FW,,,,1998.0,japan_moe_official_summary,dsstox_casrn,unclassified,4.3,mg/L,3.1355277166066296e-05,-4.503689355910441,137.138,,True,False,1,1,,,,0.0,,,,official_summary_table,not specified in summary,test material,immobilisation (Japanese table header: acute swimming inhibition),True,True,,,,,,,,,,,,,,,,,,,,,,,,,,,,,,,,,,,,,japan_moe_99-99-0_daphnia_48h_ec50_p9_r18,Japan_MOE_official_summary,official_summary_source,MOE:9:18:daphnia_48h_ec50,4.3,False,,,official_summary_source,official_summary_not_individual_report_reviewed,https://www.env.go.jp/content/000316616.pdf,9.0,18.0
japan_moe__japan_moe_99-99-0_fish_96h_lc50_p9_r18,99-99-0,p-Nitrotoluene,99-99-0,DTXSID5023792,CC1=CC=C(C=C1)[N+]([O-])=O,ZPTVNYMJQHSSEA-UHFFFAOYSA-N,fish_96h_lc50,LC50,MOR,MORT,Oryzias latipes,Japanese Medaka,Chordata,Actinopterygii,Beloniformes,Adrianichthyidae,Oryzias,Fish;Standard Test Species,96.0,FW,,,,1998.0,japan_moe_official_summary,dsstox_casrn,unclassified,37.0,mg/L,0.0002698012221266,-3.568956087423033,137.138,,True,False,1,1,,,,0.0,,,,official_summary_table,not specified in summary,test material,mortality,True,True,,,,,,,,,,,,,,,,,,,,,,,,,,,,,,,,,,,,,japan_moe_99-99-0_fish_96h_lc50_p9_r18,Japan_MOE_official_summary,official_summary_source,MOE:9:18:fish_96h_lc50,37.0,False,,,official_summary_source,official_summary_not_individual_report_reviewed,https://www.env.go.jp/content/000316616.pdf,9.0,18.0
